Twin_Timestamp,Node_ID,Node_Type,Inventory_Level,Inventory_Status,Supplier_Status,Shipment_Status,Current_Demand,Expected_Demand,Current_Lead_Time,Expected_Lead_Time,Route_Status,Disruption_Status
2026-09-18T14:00:00+05:30,S001,Supplier,0,N/A,ONLINE,N/A,0,0.0,2,2,N/A,NONE
2026-09-18T14:00:00+05:30,S001,Supplier,0,N/A,ONLINE,N/A,0,0.0,6,6,N/A,NONE
2026-09-18T14:00:00+05:30,S001,Supplier,0,N/A,ONLINE,N/A,0,0.0,5,5,N/A,NONE
2026-09-18T14:00:00+05:30,S002,Supplier,0,N/A,ONLINE,N/A,0,0.0,3,3,N/A,NONE
2026-09-18T14:00:00+05:30,S002,Supplier,0,N/A,ONLINE,N/A,0,0.0,8,8,N/A,NONE
2026-09-18T14:00:00+05:30,S002,Supplier,0,N/A,ONLINE,N/A,0,0.0,3,3,N/A,NONE
2026-09-18T14:00:00+05:30,S002,Supplier,0,N/A,ONLINE,N/A,0,0.0,5,5,N/A,NONE
2026-09-18T14:00:00+05:30,S002,Supplier,0,N/A,ONLINE,N/A,0,0.0,9,9,N/A,NONE
2026-09-18T14:00:00+05:30,S002,Supplier,0,N/A,ONLINE,N/A,0,0.0,3,3,N/A,NONE
2026-09-18T14:00:00+05:30,S003,Supplier,0,N/A,ONLINE,N/A,0,0.0,3,3,N/A,NONE
2026-09-18T14:00:00+05:30,S003,Supplier,0,N/A,ONLINE,N/A,0,0.0,7,7,N/A,NONE
2026-09-18T14:00:00+05:30,S003,Supplier,0,N/A,ONLINE,N/A,0,0.0,5,5,N/A,NONE
2026-09-18T14:00:00+05:30,S003,Supplier,0,N/A,ONLINE,N/A,0,0.0,2,2,N/A,NONE
2026-09-18T14:00:00+05:30,S004,Supplier,0,N/A,ONLINE,N/A,0,0.0,9,9,N/A,NONE
2026-09-18T14:00:00+05:30,S004,Supplier,0,N/A,ONLINE,N/A,0,0.0,6,6,N/A,NONE
2026-09-18T14:00:00+05:30,S004,Supplier,0,N/A,ONLINE,N/A,0,0.0,6,6,N/A,NONE
2026-09-18T14:00:00+05:30,S005,Supplier,0,N/A,ONLINE,N/A,0,0.0,4,4,N/A,NONE
2026-09-18T14:00:00+05:30,S005,Supplier,0,N/A,ONLINE,N/A,0,0.0,4,4,N/A,NONE
2026-09-18T14:00:00+05:30,S005,Supplier,0,N/A,ONLINE,N/A,0,0.0,4,4,N/A,NONE
2026-09-18T14:00:00+05:30,S005,Supplier,0,N/A,ONLINE,N/A,0,0.0,8,8,N/A,NONE
2026-09-18T14:00:00+05:30,S005,Supplier,0,N/A,ONLINE,N/A,0,0.0,2,2,N/A,NONE
2026-09-18T14:00:00+05:30,S006,Supplier,0,N/A,ONLINE,N/A,0,0.0,3,3,N/A,NONE
2026-09-18T14:00:00+05:30,S006,Supplier,0,N/A,ONLINE,N/A,0,0.0,2,2,N/A,NONE
2026-09-18T14:00:00+05:30,S006,Supplier,0,N/A,ONLINE,N/A,0,0.0,6,6,N/A,NONE
2026-09-18T14:00:00+05:30,S007,Supplier,0,N/A,ONLINE,N/A,0,0.0,9,9,N/A,NONE
2026-09-18T14:00:00+05:30,S007,Supplier,0,N/A,ONLINE,N/A,0,0.0,8,8,N/A,NONE
2026-09-18T14:00:00+05:30,S007,Supplier,0,N/A,ONLINE,N/A,0,0.0,2,2,N/A,NONE
2026-09-18T14:00:00+05:30,S007,Supplier,0,N/A,ONLINE,N/A,0,0.0,5,5,N/A,NONE
2026-09-18T14:00:00+05:30,S007,Supplier,0,N/A,ONLINE,N/A,0,0.0,4,4,N/A,NONE
2026-09-18T14:00:00+05:30,S008,Supplier,0,N/A,ONLINE,N/A,0,0.0,10,10,N/A,NONE
2026-09-18T14:00:00+05:30,S008,Supplier,0,N/A,ONLINE,N/A,0,0.0,4,4,N/A,NONE
2026-09-18T14:00:00+05:30,S008,Supplier,0,N/A,ONLINE,N/A,0,0.0,8,8,N/A,NONE
2026-09-18T14:00:00+05:30,S009,Supplier,0,N/A,ONLINE,N/A,0,0.0,7,7,N/A,NONE
2026-09-18T14:00:00+05:30,S009,Supplier,0,N/A,ONLINE,N/A,0,0.0,10,10,N/A,NONE
2026-09-18T14:00:00+05:30,S009,Supplier,0,N/A,ONLINE,N/A,0,0.0,3,3,N/A,NONE
2026-09-18T14:00:00+05:30,S010,Supplier,0,N/A,ONLINE,N/A,0,0.0,3,3,N/A,NONE
2026-09-18T14:00:00+05:30,S010,Supplier,0,N/A,ONLINE,N/A,0,0.0,7,7,N/A,NONE
2026-09-18T14:00:00+05:30,S010,Supplier,0,N/A,ONLINE,N/A,0,0.0,6,6,N/A,NONE
2026-09-18T14:00:00+05:30,S010,Supplier,0,N/A,ONLINE,N/A,0,0.0,10,10,N/A,NONE
2026-09-18T14:00:00+05:30,S010,Supplier,0,N/A,ONLINE,N/A,0,0.0,9,9,N/A,NONE
2026-09-18T14:00:00+05:30,S010,Supplier,0,N/A,ONLINE,N/A,0,0.0,4,4,N/A,NONE
2026-09-18T14:00:00+05:30,S011,Supplier,0,N/A,ONLINE,N/A,0,0.0,4,4,N/A,NONE
2026-09-18T14:00:00+05:30,S011,Supplier,0,N/A,ONLINE,N/A,0,0.0,2,2,N/A,NONE
2026-09-18T14:00:00+05:30,S011,Supplier,0,N/A,ONLINE,N/A,0,0.0,3,3,N/A,NONE
2026-09-18T14:00:00+05:30,S011,Supplier,0,N/A,ONLINE,N/A,0,0.0,3,3,N/A,NONE
2026-09-18T14:00:00+05:30,S011,Supplier,0,N/A,ONLINE,N/A,0,0.0,7,7,N/A,NONE
2026-09-18T14:00:00+05:30,S011,Supplier,0,N/A,ONLINE,N/A,0,0.0,9,9,N/A,NONE
2026-09-18T14:00:00+05:30,S012,Supplier,0,N/A,ONLINE,N/A,0,0.0,2,2,N/A,NONE
2026-09-18T14:00:00+05:30,S012,Supplier,0,N/A,ONLINE,N/A,0,0.0,9,9,N/A,NONE
2026-09-18T14:00:00+05:30,S012,Supplier,0,N/A,ONLINE,N/A,0,0.0,7,7,N/A,NONE
2026-09-18T14:00:00+05:30,S012,Supplier,0,N/A,ONLINE,N/A,0,0.0,9,9,N/A,NONE
2026-09-18T14:00:00+05:30,S012,Supplier,0,N/A,ONLINE,N/A,0,0.0,3,3,N/A,NONE
2026-09-18T14:00:00+05:30,S012,Supplier,0,N/A,ONLINE,N/A,0,0.0,5,5,N/A,NONE
2026-09-18T14:00:00+05:30,S013,Supplier,0,N/A,ONLINE,N/A,0,0.0,4,4,N/A,NONE
2026-09-18T14:00:00+05:30,S013,Supplier,0,N/A,ONLINE,N/A,0,0.0,6,6,N/A,NONE
2026-09-18T14:00:00+05:30,S013,Supplier,0,N/A,ONLINE,N/A,0,0.0,8,8,N/A,NONE
2026-09-18T14:00:00+05:30,S014,Supplier,0,N/A,ONLINE,N/A,0,0.0,9,9,N/A,NONE
2026-09-18T14:00:00+05:30,S014,Supplier,0,N/A,ONLINE,N/A,0,0.0,4,4,N/A,NONE
2026-09-18T14:00:00+05:30,S014,Supplier,0,N/A,ONLINE,N/A,0,0.0,7,7,N/A,NONE
2026-09-18T14:00:00+05:30,S014,Supplier,0,N/A,ONLINE,N/A,0,0.0,9,9,N/A,NONE
2026-09-18T14:00:00+05:30,S014,Supplier,0,N/A,ONLINE,N/A,0,0.0,3,3,N/A,NONE
2026-09-18T14:00:00+05:30,S015,Supplier,0,N/A,ONLINE,N/A,0,0.0,4,4,N/A,NONE
2026-09-18T14:00:00+05:30,S015,Supplier,0,N/A,ONLINE,N/A,0,0.0,5,5,N/A,NONE
2026-09-18T14:00:00+05:30,S015,Supplier,0,N/A,ONLINE,N/A,0,0.0,6,6,N/A,NONE
2026-09-18T14:00:00+05:30,S015,Supplier,0,N/A,ONLINE,N/A,0,0.0,3,3,N/A,NONE
2026-09-18T14:00:00+05:30,S015,Supplier,0,N/A,ONLINE,N/A,0,0.0,8,8,N/A,NONE
2026-09-18T14:00:00+05:30,S015,Supplier,0,N/A,ONLINE,N/A,0,0.0,6,6,N/A,NONE
2026-09-18T14:00:00+05:30,W01,Warehouse,701,AT_RISK,N/A,N/A,0,0.0,0,0,N/A,NONE
2026-09-18T14:00:00+05:30,W01,Warehouse,420,AT_RISK,N/A,N/A,0,0.0,0,0,N/A,NONE
2026-09-18T14:00:00+05:30,W01,Warehouse,205,AT_RISK,N/A,N/A,0,0.0,0,0,N/A,NONE
2026-09-18T14:00:00+05:30,W01,Warehouse,152,AT_RISK,N/A,N/A,0,0.0,0,0,N/A,NONE
2026-09-18T14:00:00+05:30,W01,Warehouse,301,AT_RISK,N/A,N/A,0,0.0,0,0,N/A,NONE
2026-09-18T14:00:00+05:30,W01,Warehouse,190,AT_RISK,N/A,N/A,0,0.0,0,0,N/A,NONE
2026-09-18T14:00:00+05:30,W01,Warehouse,287,AT_RISK,N/A,N/A,0,0.0,0,0,N/A,NONE
2026-09-18T14:00:00+05:30,W01,Warehouse,221,AT_RISK,N/A,N/A,0,0.0,0,0,N/A,NONE
2026-09-18T14:00:00+05:30,W01,Warehouse,787,AT_RISK,N/A,N/A,0,0.0,0,0,N/A,NONE
2026-09-18T14:00:00+05:30,W01,Warehouse,211,AT_RISK,N/A,N/A,0,0.0,0,0,N/A,NONE
2026-09-18T14:00:00+05:30,W01,Warehouse,165,AT_RISK,N/A,N/A,0,0.0,0,0,N/A,NONE
2026-09-18T14:00:00+05:30,W01,Warehouse,110,AT_RISK,N/A,N/A,0,0.0,0,0,N/A,NONE
2026-09-18T14:00:00+05:30,W01,Warehouse,74,AT_RISK,N/A,N/A,0,0.0,0,0,N/A,NONE
2026-09-18T14:00:00+05:30,W01,Warehouse,180,AT_RISK,N/A,N/A,0,0.0,0,0,N/A,NONE
2026-09-18T14:00:00+05:30,W01,Warehouse,234,AT_RISK,N/A,N/A,0,0.0,0,0,N/A,NONE
2026-09-18T14:00:00+05:30,W02,Warehouse,663,AT_RISK,N/A,N/A,0,0.0,0,0,N/A,NONE
2026-09-18T14:00:00+05:30,W02,Warehouse,783,AT_RISK,N/A,N/A,0,0.0,0,0,N/A,NONE
2026-09-18T14:00:00+05:30,W02,Warehouse,533,AT_RISK,N/A,N/A,0,0.0,0,0,N/A,NONE
2026-09-18T14:00:00+05:30,W02,Warehouse,587,AT_RISK,N/A,N/A,0,0.0,0,0,N/A,NONE
2026-09-18T14:00:00+05:30,W02,Warehouse,245,AT_RISK,N/A,N/A,0,0.0,0,0,N/A,NONE
2026-09-18T14:00:00+05:30,W02,Warehouse,704,AT_RISK,N/A,N/A,0,0.0,0,0,N/A,NONE
2026-09-18T14:00:00+05:30,W02,Warehouse,636,AT_RISK,N/A,N/A,0,0.0,0,0,N/A,NONE
2026-09-18T14:00:00+05:30,W02,Warehouse,315,AT_RISK,N/A,N/A,0,0.0,0,0,N/A,NONE
2026-09-18T14:00:00+05:30,W02,Warehouse,380,AT_RISK,N/A,N/A,0,0.0,0,0,N/A,NONE
2026-09-18T14:00:00+05:30,W02,Warehouse,547,AT_RISK,N/A,N/A,0,0.0,0,0,N/A,NONE
2026-09-18T14:00:00+05:30,W02,Warehouse,42,AT_RISK,N/A,N/A,0,0.0,0,0,N/A,NONE
2026-09-18T14:00:00+05:30,W02,Warehouse,203,AT_RISK,N/A,N/A,0,0.0,0,0,N/A,NONE
2026-09-18T14:00:00+05:30,W02,Warehouse,96,AT_RISK,N/A,N/A,0,0.0,0,0,N/A,NONE
2026-09-18T14:00:00+05:30,W02,Warehouse,54,AT_RISK,N/A,N/A,0,0.0,0,0,N/A,NONE
2026-09-18T14:00:00+05:30,W02,Warehouse,106,AT_RISK,N/A,N/A,0,0.0,0,0,N/A,NONE
2026-09-18T14:00:00+05:30,W03,Warehouse,693,AT_RISK,N/A,N/A,0,0.0,0,0,N/A,NONE
2026-09-18T14:00:00+05:30,W03,Warehouse,328,AT_RISK,N/A,N/A,0,0.0,0,0,N/A,NONE
2026-09-18T14:00:00+05:30,W03,Warehouse,500,AT_RISK,N/A,N/A,0,0.0,0,0,N/A,NONE
2026-09-18T14:00:00+05:30,W03,Warehouse,677,AT_RISK,N/A,N/A,0,0.0,0,0,N/A,NONE
2026-09-18T14:00:00+05:30,W03,Warehouse,171,AT_RISK,N/A,N/A,0,0.0,0,0,N/A,NONE
2026-09-18T14:00:00+05:30,W03,Warehouse,643,AT_RISK,N/A,N/A,0,0.0,0,0,N/A,NONE
2026-09-18T14:00:00+05:30,W03,Warehouse,337,AT_RISK,N/A,N/A,0,0.0,0,0,N/A,NONE
2026-09-18T14:00:00+05:30,W03,Warehouse,602,AT_RISK,N/A,N/A,0,0.0,0,0,N/A,NONE
2026-09-18T14:00:00+05:30,W03,Warehouse,272,AT_RISK,N/A,N/A,0,0.0,0,0,N/A,NONE
2026-09-18T14:00:00+05:30,W03,Warehouse,240,AT_RISK,N/A,N/A,0,0.0,0,0,N/A,NONE
2026-09-18T14:00:00+05:30,W03,Warehouse,197,AT_RISK,N/A,N/A,0,0.0,0,0,N/A,NONE
2026-09-18T14:00:00+05:30,W03,Warehouse,201,AT_RISK,N/A,N/A,0,0.0,0,0,N/A,NONE
2026-09-18T14:00:00+05:30,W03,Warehouse,236,AT_RISK,N/A,N/A,0,0.0,0,0,N/A,NONE
2026-09-18T14:00:00+05:30,W03,Warehouse,175,AT_RISK,N/A,N/A,0,0.0,0,0,N/A,NONE
2026-09-18T14:00:00+05:30,W03,Warehouse,133,AT_RISK,N/A,N/A,0,0.0,0,0,N/A,NONE
2026-09-18T14:00:00+05:30,W04,Warehouse,276,AT_RISK,N/A,N/A,0,0.0,0,0,N/A,NONE
2026-09-18T14:00:00+05:30,W04,Warehouse,341,AT_RISK,N/A,N/A,0,0.0,0,0,N/A,NONE
2026-09-18T14:00:00+05:30,W04,Warehouse,571,AT_RISK,N/A,N/A,0,0.0,0,0,N/A,NONE
2026-09-18T14:00:00+05:30,W04,Warehouse,374,AT_RISK,N/A,N/A,0,0.0,0,0,N/A,NONE
2026-09-18T14:00:00+05:30,W04,Warehouse,464,AT_RISK,N/A,N/A,0,0.0,0,0,N/A,NONE
2026-09-18T14:00:00+05:30,W04,Warehouse,259,AT_RISK,N/A,N/A,0,0.0,0,0,N/A,NONE
2026-09-18T14:00:00+05:30,W04,Warehouse,435,AT_RISK,N/A,N/A,0,0.0,0,0,N/A,NONE
2026-09-18T14:00:00+05:30,W04,Warehouse,304,AT_RISK,N/A,N/A,0,0.0,0,0,N/A,NONE
2026-09-18T14:00:00+05:30,W04,Warehouse,222,AT_RISK,N/A,N/A,0,0.0,0,0,N/A,NONE
2026-09-18T14:00:00+05:30,W04,Warehouse,235,AT_RISK,N/A,N/A,0,0.0,0,0,N/A,NONE
2026-09-18T14:00:00+05:30,W04,Warehouse,143,AT_RISK,N/A,N/A,0,0.0,0,0,N/A,NONE
2026-09-18T14:00:00+05:30,W04,Warehouse,113,AT_RISK,N/A,N/A,0,0.0,0,0,N/A,NONE
2026-09-18T14:00:00+05:30,W04,Warehouse,59,AT_RISK,N/A,N/A,0,0.0,0,0,N/A,NONE
2026-09-18T14:00:00+05:30,W04,Warehouse,142,AT_RISK,N/A,N/A,0,0.0,0,0,N/A,NONE
2026-09-18T14:00:00+05:30,W04,Warehouse,72,AT_RISK,N/A,N/A,0,0.0,0,0,N/A,NONE
2026-09-18T14:00:00+05:30,W05,Warehouse,160,AT_RISK,N/A,N/A,0,0.0,0,0,N/A,NONE
2026-09-18T14:00:00+05:30,W05,Warehouse,236,AT_RISK,N/A,N/A,0,0.0,0,0,N/A,NONE
2026-09-18T14:00:00+05:30,W05,Warehouse,441,AT_RISK,N/A,N/A,0,0.0,0,0,N/A,NONE
2026-09-18T14:00:00+05:30,W05,Warehouse,770,AT_RISK,N/A,N/A,0,0.0,0,0,N/A,NONE
2026-09-18T14:00:00+05:30,W05,Warehouse,307,AT_RISK,N/A,N/A,0,0.0,0,0,N/A,NONE
2026-09-18T14:00:00+05:30,W05,Warehouse,335,AT_RISK,N/A,N/A,0,0.0,0,0,N/A,NONE
2026-09-18T14:00:00+05:30,W05,Warehouse,307,AT_RISK,N/A,N/A,0,0.0,0,0,N/A,NONE
2026-09-18T14:00:00+05:30,W05,Warehouse,380,AT_RISK,N/A,N/A,0,0.0,0,0,N/A,NONE
2026-09-18T14:00:00+05:30,W05,Warehouse,616,AT_RISK,N/A,N/A,0,0.0,0,0,N/A,NONE
2026-09-18T14:00:00+05:30,W05,Warehouse,359,AT_RISK,N/A,N/A,0,0.0,0,0,N/A,NONE
2026-09-18T14:00:00+05:30,W05,Warehouse,171,AT_RISK,N/A,N/A,0,0.0,0,0,N/A,NONE
2026-09-18T14:00:00+05:30,W05,Warehouse,219,AT_RISK,N/A,N/A,0,0.0,0,0,N/A,NONE
2026-09-18T14:00:00+05:30,W05,Warehouse,229,AT_RISK,N/A,N/A,0,0.0,0,0,N/A,NONE
2026-09-18T14:00:00+05:30,W05,Warehouse,152,AT_RISK,N/A,N/A,0,0.0,0,0,N/A,NONE
2026-09-18T14:00:00+05:30,W05,Warehouse,182,AT_RISK,N/A,N/A,0,0.0,0,0,N/A,NONE
2026-09-18T14:00:00+05:30,F01,Factory,280,AT_RISK,N/A,N/A,99,104.0,0,0,N/A,NONE
2026-09-18T14:00:00+05:30,F01,Factory,248,AT_RISK,N/A,N/A,99,104.0,0,0,N/A,NONE
2026-09-18T14:00:00+05:30,F01,Factory,131,AT_RISK,N/A,N/A,99,104.0,0,0,N/A,NONE
2026-09-18T14:00:00+05:30,F01,Factory,91,AT_RISK,N/A,N/A,99,104.0,0,0,N/A,NONE
2026-09-18T14:00:00+05:30,F01,Factory,87,AT_RISK,N/A,N/A,99,104.0,0,0,N/A,NONE
2026-09-18T14:00:00+05:30,F01,Factory,271,AT_RISK,N/A,N/A,99,104.0,0,0,N/A,NONE
2026-09-18T14:00:00+05:30,F01,Factory,193,AT_RISK,N/A,N/A,99,104.0,0,0,N/A,NONE
2026-09-18T14:00:00+05:30,F01,Factory,131,AT_RISK,N/A,N/A,99,104.0,0,0,N/A,NONE
2026-09-18T14:00:00+05:30,F01,Factory,142,AT_RISK,N/A,N/A,99,104.0,0,0,N/A,NONE
2026-09-18T14:00:00+05:30,F01,Factory,127,AT_RISK,N/A,N/A,99,104.0,0,0,N/A,NONE
2026-09-18T14:00:00+05:30,F01,Factory,380,LOW,N/A,N/A,99,104.0,0,0,N/A,NONE
2026-09-18T14:00:00+05:30,F01,Factory,314,AT_RISK,N/A,N/A,99,104.0,0,0,N/A,NONE
2026-09-18T14:00:00+05:30,F01,Factory,407,LOW,N/A,N/A,99,104.0,0,0,N/A,NONE
2026-09-18T14:00:00+05:30,F01,Factory,205,AT_RISK,N/A,N/A,99,104.0,0,0,N/A,NONE
2026-09-18T14:00:00+05:30,F01,Factory,265,AT_RISK,N/A,N/A,99,104.0,0,0,N/A,NONE
2026-09-18T14:00:00+05:30,F02,Factory,89,AT_RISK,N/A,N/A,142,149.1,0,0,N/A,NONE
2026-09-18T14:00:00+05:30,F02,Factory,293,AT_RISK,N/A,N/A,142,149.1,0,0,N/A,NONE
2026-09-18T14:00:00+05:30,F02,Factory,182,AT_RISK,N/A,N/A,142,149.1,0,0,N/A,NONE
2026-09-18T14:00:00+05:30,F02,Factory,192,AT_RISK,N/A,N/A,142,149.1,0,0,N/A,NONE
2026-09-18T14:00:00+05:30,F02,Factory,159,AT_RISK,N/A,N/A,142,149.1,0,0,N/A,NONE
2026-09-18T14:00:00+05:30,F02,Factory,125,AT_RISK,N/A,N/A,142,149.1,0,0,N/A,NONE
2026-09-18T14:00:00+05:30,F02,Factory,287,AT_RISK,N/A,N/A,142,149.1,0,0,N/A,NONE
2026-09-18T14:00:00+05:30,F02,Factory,177,AT_RISK,N/A,N/A,142,149.1,0,0,N/A,NONE
2026-09-18T14:00:00+05:30,F02,Factory,221,AT_RISK,N/A,N/A,142,149.1,0,0,N/A,NONE
2026-09-18T14:00:00+05:30,F02,Factory,68,AT_RISK,N/A,N/A,142,149.1,0,0,N/A,NONE
2026-09-18T14:00:00+05:30,F02,Factory,196,AT_RISK,N/A,N/A,142,149.1,0,0,N/A,NONE
2026-09-18T14:00:00+05:30,F02,Factory,381,AT_RISK,N/A,N/A,142,149.1,0,0,N/A,NONE
2026-09-18T14:00:00+05:30,F02,Factory,130,AT_RISK,N/A,N/A,142,149.1,0,0,N/A,NONE
2026-09-18T14:00:00+05:30,F02,Factory,135,AT_RISK,N/A,N/A,142,149.1,0,0,N/A,NONE
2026-09-18T14:00:00+05:30,F02,Factory,383,AT_RISK,N/A,N/A,142,149.1,0,0,N/A,NONE
2026-09-18T14:00:00+05:30,F03,Factory,134,AT_RISK,N/A,N/A,152,159.6,0,0,N/A,NONE
2026-09-18T14:00:00+05:30,F03,Factory,125,AT_RISK,N/A,N/A,152,159.6,0,0,N/A,NONE
2026-09-18T14:00:00+05:30,F03,Factory,195,AT_RISK,N/A,N/A,152,159.6,0,0,N/A,NONE
2026-09-18T14:00:00+05:30,F03,Factory,106,AT_RISK,N/A,N/A,152,159.6,0,0,N/A,NONE
2026-09-18T14:00:00+05:30,F03,Factory,70,AT_RISK,N/A,N/A,152,159.6,0,0,N/A,NONE
2026-09-18T14:00:00+05:30,F03,Factory,61,AT_RISK,N/A,N/A,152,159.6,0,0,N/A,NONE
2026-09-18T14:00:00+05:30,F03,Factory,79,AT_RISK,N/A,N/A,152,159.6,0,0,N/A,NONE
2026-09-18T14:00:00+05:30,F03,Factory,98,AT_RISK,N/A,N/A,152,159.6,0,0,N/A,NONE
2026-09-18T14:00:00+05:30,F03,Factory,227,AT_RISK,N/A,N/A,152,159.6,0,0,N/A,NONE
2026-09-18T14:00:00+05:30,F03,Factory,131,AT_RISK,N/A,N/A,152,159.6,0,0,N/A,NONE
2026-09-18T14:00:00+05:30,F03,Factory,125,AT_RISK,N/A,N/A,152,159.6,0,0,N/A,NONE
2026-09-18T14:00:00+05:30,F03,Factory,105,AT_RISK,N/A,N/A,152,159.6,0,0,N/A,NONE
2026-09-18T14:00:00+05:30,F03,Factory,266,AT_RISK,N/A,N/A,152,159.6,0,0,N/A,NONE
2026-09-18T14:00:00+05:30,F03,Factory,394,LOW,N/A,N/A,152,159.6,0,0,N/A,NONE
2026-09-18T14:00:00+05:30,F03,Factory,218,AT_RISK,N/A,N/A,152,159.6,0,0,N/A,NONE
2026-09-18T14:00:00+05:30,F04,Factory,75,AT_RISK,N/A,N/A,82,86.1,0,0,N/A,NONE
2026-09-18T14:00:00+05:30,F04,Factory,114,AT_RISK,N/A,N/A,82,86.1,0,0,N/A,NONE
2026-09-18T14:00:00+05:30,F04,Factory,179,AT_RISK,N/A,N/A,82,86.1,0,0,N/A,NONE
2026-09-18T14:00:00+05:30,F04,Factory,105,AT_RISK,N/A,N/A,82,86.1,0,0,N/A,NONE
2026-09-18T14:00:00+05:30,F04,Factory,294,LOW,N/A,N/A,82,86.1,0,0,N/A,NONE
2026-09-18T14:00:00+05:30,F04,Factory,243,AT_RISK,N/A,N/A,82,86.1,0,0,N/A,NONE
2026-09-18T14:00:00+05:30,F04,Factory,142,AT_RISK,N/A,N/A,82,86.1,0,0,N/A,NONE
2026-09-18T14:00:00+05:30,F04,Factory,288,LOW,N/A,N/A,82,86.1,0,0,N/A,NONE
2026-09-18T14:00:00+05:30,F04,Factory,138,AT_RISK,N/A,N/A,82,86.1,0,0,N/A,NONE
2026-09-18T14:00:00+05:30,F04,Factory,93,AT_RISK,N/A,N/A,82,86.1,0,0,N/A,NONE
2026-09-18T14:00:00+05:30,F04,Factory,428,LOW,N/A,N/A,82,86.1,0,0,N/A,NONE
2026-09-18T14:00:00+05:30,F04,Factory,435,LOW,N/A,N/A,82,86.1,0,0,N/A,NONE
2026-09-18T14:00:00+05:30,F04,Factory,209,AT_RISK,N/A,N/A,82,86.1,0,0,N/A,NONE
2026-09-18T14:00:00+05:30,F04,Factory,308,LOW,N/A,N/A,82,86.1,0,0,N/A,NONE
2026-09-18T14:00:00+05:30,F04,Factory,160,AT_RISK,N/A,N/A,82,86.1,0,0,N/A,NONE
2026-09-18T14:00:00+05:30,C001,Customer,0,N/A,N/A,N/A,8,8.4,0,0,N/A,NONE
2026-09-18T14:00:00+05:30,C002,Customer,0,N/A,N/A,N/A,9,9.5,0,0,N/A,NONE
2026-09-18T14:00:00+05:30,C003,Customer,0,N/A,N/A,N/A,27,28.4,0,0,N/A,NONE
2026-09-18T14:00:00+05:30,C004,Customer,0,N/A,N/A,N/A,33,34.6,0,0,N/A,NONE
2026-09-18T14:00:00+05:30,C005,Customer,0,N/A,N/A,N/A,15,15.8,0,0,N/A,NONE
2026-09-18T14:00:00+05:30,C006,Customer,0,N/A,N/A,N/A,35,36.8,0,0,N/A,NONE
2026-09-18T14:00:00+05:30,C007,Customer,0,N/A,N/A,N/A,9,9.5,0,0,N/A,NONE
2026-09-18T14:00:00+05:30,C008,Customer,0,N/A,N/A,N/A,33,34.6,0,0,N/A,NONE
2026-09-18T14:00:00+05:30,C009,Customer,0,N/A,N/A,N/A,37,38.9,0,0,N/A,NONE
2026-09-18T14:00:00+05:30,C010,Customer,0,N/A,N/A,N/A,32,33.6,0,0,N/A,NONE
2026-09-18T14:00:00+05:30,C011,Customer,0,N/A,N/A,N/A,30,31.5,0,0,N/A,NONE
2026-09-18T14:00:00+05:30,C012,Customer,0,N/A,N/A,N/A,34,35.7,0,0,N/A,NONE
2026-09-18T14:00:00+05:30,C013,Customer,0,N/A,N/A,N/A,9,9.5,0,0,N/A,NONE
2026-09-18T14:00:00+05:30,C014,Customer,0,N/A,N/A,N/A,14,14.7,0,0,N/A,NONE
2026-09-18T14:00:00+05:30,C015,Customer,0,N/A,N/A,N/A,11,11.6,0,0,N/A,NONE
2026-09-18T14:00:00+05:30,C016,Customer,0,N/A,N/A,N/A,24,25.2,0,0,N/A,NONE
2026-09-18T14:00:00+05:30,C017,Customer,0,N/A,N/A,N/A,31,32.6,0,0,N/A,NONE
2026-09-18T14:00:00+05:30,C018,Customer,0,N/A,N/A,N/A,28,29.4,0,0,N/A,NONE
2026-09-18T14:00:00+05:30,C019,Customer,0,N/A,N/A,N/A,35,36.8,0,0,N/A,NONE
2026-09-18T14:00:00+05:30,C020,Customer,0,N/A,N/A,N/A,12,12.6,0,0,N/A,NONE
2026-09-18T14:00:00+05:30,C021,Customer,0,N/A,N/A,N/A,31,32.6,0,0,N/A,NONE
2026-09-18T14:00:00+05:30,C022,Customer,0,N/A,N/A,N/A,14,14.7,0,0,N/A,NONE
2026-09-18T14:00:00+05:30,C023,Customer,0,N/A,N/A,N/A,16,16.8,0,0,N/A,NONE
2026-09-18T14:00:00+05:30,C024,Customer,0,N/A,N/A,N/A,30,31.5,0,0,N/A,NONE
2026-09-18T14:00:00+05:30,R001,Route,0,N/A,N/A,N/A,0,0.0,1,1,AVAILABLE,NONE
2026-09-18T14:00:00+05:30,R002,Route,0,N/A,N/A,N/A,0,0.0,1,1,AVAILABLE,NONE
2026-09-18T14:00:00+05:30,R003,Route,0,N/A,N/A,N/A,0,0.0,1,1,AVAILABLE,NONE
2026-09-18T14:00:00+05:30,R004,Route,0,N/A,N/A,N/A,0,0.0,1,1,AVAILABLE,NONE
2026-09-18T14:00:00+05:30,R005,Route,0,N/A,N/A,N/A,0,0.0,1,1,AVAILABLE,NONE
2026-09-18T14:00:00+05:30,R006,Route,0,N/A,N/A,N/A,0,0.0,1,1,AVAILABLE,NONE
2026-09-18T14:00:00+05:30,R007,Route,0,N/A,N/A,N/A,0,0.0,1,1,AVAILABLE,NONE
2026-09-18T14:00:00+05:30,R008,Route,0,N/A,N/A,N/A,0,0.0,1,1,AVAILABLE,NONE
2026-09-18T14:00:00+05:30,R009,Route,0,N/A,N/A,N/A,0,0.0,1,1,AVAILABLE,NONE
2026-09-18T14:00:00+05:30,R010,Route,0,N/A,N/A,N/A,0,0.0,1,1,AVAILABLE,NONE
2026-09-18T14:00:00+05:30,R011,Route,0,N/A,N/A,N/A,0,0.0,1,1,AVAILABLE,NONE
2026-09-18T14:00:00+05:30,R012,Route,0,N/A,N/A,N/A,0,0.0,1,1,AVAILABLE,NONE
2026-09-18T14:00:00+05:30,R013,Route,0,N/A,N/A,N/A,0,0.0,1,1,AVAILABLE,NONE
2026-09-18T14:00:00+05:30,R014,Route,0,N/A,N/A,N/A,0,0.0,1,1,AVAILABLE,NONE
2026-09-18T14:00:00+05:30,R015,Route,0,N/A,N/A,N/A,0,0.0,1,1,AVAILABLE,NONE
2026-09-18T14:00:00+05:30,R016,Route,0,N/A,N/A,N/A,0,0.0,1,1,AVAILABLE,NONE
2026-09-18T14:00:00+05:30,R017,Route,0,N/A,N/A,N/A,0,0.0,1,1,AVAILABLE,NONE
2026-09-18T14:00:00+05:30,R018,Route,0,N/A,N/A,N/A,0,0.0,1,1,AVAILABLE,NONE
2026-09-18T14:00:00+05:30,R019,Route,0,N/A,N/A,N/A,0,0.0,1,1,AVAILABLE,NONE
2026-09-18T14:00:00+05:30,R020,Route,0,N/A,N/A,N/A,0,0.0,1,1,AVAILABLE,NONE
2026-09-18T14:00:00+05:30,R021,Route,0,N/A,N/A,N/A,0,0.0,1,1,AVAILABLE,NONE
2026-09-18T14:00:00+05:30,R022,Route,0,N/A,N/A,N/A,0,0.0,1,1,AVAILABLE,NONE
2026-09-18T14:00:00+05:30,R023,Route,0,N/A,N/A,N/A,0,0.0,1,1,AVAILABLE,NONE
2026-09-18T14:00:00+05:30,R024,Route,0,N/A,N/A,N/A,0,0.0,1,1,AVAILABLE,NONE
2026-09-18T14:00:00+05:30,R025,Route,0,N/A,N/A,N/A,0,0.0,1,1,AVAILABLE,NONE
2026-09-18T14:00:00+05:30,R026,Route,0,N/A,N/A,N/A,0,0.0,1,1,AVAILABLE,NONE
2026-09-18T14:00:00+05:30,R027,Route,0,N/A,N/A,N/A,0,0.0,1,1,AVAILABLE,NONE
2026-09-18T14:00:00+05:30,R028,Route,0,N/A,N/A,N/A,0,0.0,1,1,AVAILABLE,NONE
2026-09-18T14:00:00+05:30,R029,Route,0,N/A,N/A,N/A,0,0.0,1,1,AVAILABLE,NONE
2026-09-18T14:00:00+05:30,R030,Route,0,N/A,N/A,N/A,0,0.0,1,1,AVAILABLE,NONE
2026-09-18T14:00:00+05:30,R031,Route,0,N/A,N/A,N/A,0,0.0,1,1,AVAILABLE,NONE
2026-09-18T14:00:00+05:30,R032,Route,0,N/A,N/A,N/A,0,0.0,1,1,AVAILABLE,NONE
2026-09-18T14:00:00+05:30,R033,Route,0,N/A,N/A,N/A,0,0.0,1,1,AVAILABLE,NONE
2026-09-18T14:00:00+05:30,R034,Route,0,N/A,N/A,N/A,0,0.0,1,1,AVAILABLE,NONE
2026-09-18T14:00:00+05:30,R035,Route,0,N/A,N/A,N/A,0,0.0,1,1,AVAILABLE,NONE
2026-09-18T14:00:00+05:30,R036,Route,0,N/A,N/A,N/A,0,0.0,1,1,AVAILABLE,NONE
2026-09-18T14:00:00+05:30,R037,Route,0,N/A,N/A,N/A,0,0.0,1,1,AVAILABLE,NONE
2026-09-18T14:00:00+05:30,R038,Route,0,N/A,N/A,N/A,0,0.0,1,1,AVAILABLE,NONE
2026-09-18T14:00:00+05:30,R039,Route,0,N/A,N/A,N/A,0,0.0,1,1,AVAILABLE,NONE
2026-09-18T14:00:00+05:30,R040,Route,0,N/A,N/A,N/A,0,0.0,1,1,AVAILABLE,NONE
2026-09-18T14:00:00+05:30,R041,Route,0,N/A,N/A,N/A,0,0.0,1,1,AVAILABLE,NONE
2026-09-18T14:00:00+05:30,R042,Route,0,N/A,N/A,N/A,0,0.0,1,1,AVAILABLE,NONE
2026-09-18T14:00:00+05:30,R043,Route,0,N/A,N/A,N/A,0,0.0,1,1,AVAILABLE,NONE
2026-09-18T14:00:00+05:30,R044,Route,0,N/A,N/A,N/A,0,0.0,1,1,AVAILABLE,NONE
2026-09-18T14:00:00+05:30,R045,Route,0,N/A,N/A,N/A,0,0.0,1,1,AVAILABLE,NONE
2026-09-18T14:00:00+05:30,SH0001,Shipment,133,N/A,N/A,DELIVERED,0,0.0,0,0,N/A,NONE
2026-09-18T14:00:00+05:30,SH0002,Shipment,48,N/A,N/A,DELIVERED,0,0.0,0,0,N/A,NONE
2026-09-18T14:00:00+05:30,SH0003,Shipment,71,N/A,N/A,DELIVERED,0,0.0,0,0,N/A,NONE
2026-09-18T14:00:00+05:30,SH0004,Shipment,95,N/A,N/A,DELIVERED,0,0.0,0,0,N/A,NONE
2026-09-18T14:00:00+05:30,SH0005,Shipment,35,N/A,N/A,DELIVERED,0,0.0,0,0,N/A,NONE
2026-09-18T14:00:00+05:30,SH0006,Shipment,40,N/A,N/A,DELIVERED,0,0.0,0,0,N/A,NONE
2026-09-18T14:00:00+05:30,SH0007,Shipment,26,N/A,N/A,DELIVERED,0,0.0,0,0,N/A,NONE
2026-09-18T14:00:00+05:30,SH0008,Shipment,76,N/A,N/A,DELIVERED,0,0.0,0,0,N/A,NONE
2026-09-18T14:00:00+05:30,SH0009,Shipment,90,N/A,N/A,DELIVERED,0,0.0,0,0,N/A,NONE
2026-09-18T14:00:00+05:30,SH0010,Shipment,174,N/A,N/A,DELIVERED,0,0.0,0,0,N/A,NONE
2026-09-18T14:00:00+05:30,SH0011,Shipment,32,N/A,N/A,DELIVERED,0,0.0,0,0,N/A,NONE
2026-09-18T14:00:00+05:30,SH0012,Shipment,41,N/A,N/A,DELIVERED,0,0.0,0,0,N/A,NONE
2026-09-18T14:00:00+05:30,SH0013,Shipment,60,N/A,N/A,DELIVERED,0,0.0,0,0,N/A,NONE
2026-09-18T14:00:00+05:30,SH0014,Shipment,73,N/A,N/A,DELIVERED,0,0.0,0,0,N/A,NONE
2026-09-18T14:00:00+05:30,SH0015,Shipment,24,N/A,N/A,DELIVERED,0,0.0,0,0,N/A,NONE
2026-09-18T14:00:00+05:30,SH0016,Shipment,38,N/A,N/A,DELIVERED,0,0.0,0,0,N/A,NONE
2026-09-18T14:00:00+05:30,SH0017,Shipment,34,N/A,N/A,DELIVERED,0,0.0,0,0,N/A,NONE
2026-09-18T14:00:00+05:30,SH0018,Shipment,66,N/A,N/A,DELIVERED,0,0.0,0,0,N/A,NONE
2026-09-18T14:00:00+05:30,SH0019,Shipment,158,N/A,N/A,DELIVERED,0,0.0,0,0,N/A,NONE
2026-09-18T14:00:00+05:30,SH0020,Shipment,69,N/A,N/A,DELIVERED,0,0.0,0,0,N/A,NONE
2026-09-18T14:00:00+05:30,SH0021,Shipment,28,N/A,N/A,DELIVERED,0,0.0,0,0,N/A,NONE
2026-09-18T14:00:00+05:30,SH0022,Shipment,108,N/A,N/A,DELIVERED,0,0.0,0,0,N/A,NONE
2026-09-18T14:00:00+05:30,SH0023,Shipment,56,N/A,N/A,DELIVERED,0,0.0,0,0,N/A,NONE
2026-09-18T14:00:00+05:30,SH0024,Shipment,53,N/A,N/A,DELIVERED,0,0.0,0,0,N/A,NONE
2026-09-18T14:00:00+05:30,SH0025,Shipment,171,N/A,N/A,DELIVERED,0,0.0,0,0,N/A,NONE
2026-09-18T14:00:00+05:30,SH0026,Shipment,17,N/A,N/A,DELIVERED,0,0.0,0,0,N/A,NONE
2026-09-18T14:00:00+05:30,SH0027,Shipment,76,N/A,N/A,DELIVERED,0,0.0,0,0,N/A,NONE
2026-09-18T14:00:00+05:30,SH0028,Shipment,149,N/A,N/A,DELIVERED,0,0.0,0,0,N/A,NONE
2026-09-18T14:00:00+05:30,SH0029,Shipment,74,N/A,N/A,DELIVERED,0,0.0,0,0,N/A,NONE
2026-09-18T14:00:00+05:30,SH0030,Shipment,50,N/A,N/A,DELIVERED,0,0.0,0,0,N/A,NONE
2026-09-18T14:00:00+05:30,SH0031,Shipment,127,N/A,N/A,DELIVERED,0,0.0,0,0,N/A,NONE
2026-09-18T14:00:00+05:30,SH0032,Shipment,161,N/A,N/A,DELIVERED,0,0.0,0,0,N/A,NONE
2026-09-18T14:00:00+05:30,SH0033,Shipment,25,N/A,N/A,DELIVERED,0,0.0,0,0,N/A,NONE
2026-09-18T14:00:00+05:30,SH0034,Shipment,7,N/A,N/A,DELIVERED,0,0.0,0,0,N/A,NONE
2026-09-18T14:00:00+05:30,SH0035,Shipment,67,N/A,N/A,DELIVERED,0,0.0,0,0,N/A,NONE
2026-09-18T14:00:00+05:30,SH0036,Shipment,96,N/A,N/A,DELIVERED,0,0.0,0,0,N/A,NONE
2026-09-18T14:00:00+05:30,SH0037,Shipment,157,N/A,N/A,DELIVERED,0,0.0,0,0,N/A,NONE
2026-09-18T14:00:00+05:30,SH0038,Shipment,113,N/A,N/A,DELIVERED,0,0.0,0,0,N/A,NONE
2026-09-18T14:00:00+05:30,SH0039,Shipment,130,N/A,N/A,DELIVERED,0,0.0,0,0,N/A,NONE
2026-09-18T14:00:00+05:30,SH0040,Shipment,68,N/A,N/A,DELIVERED,0,0.0,0,0,N/A,NONE
2026-09-18T14:00:00+05:30,SH0041,Shipment,20,N/A,N/A,DELIVERED,0,0.0,0,0,N/A,NONE
2026-09-18T14:00:00+05:30,SH0042,Shipment,156,N/A,N/A,DELIVERED,0,0.0,0,0,N/A,NONE
2026-09-18T14:00:00+05:30,SH0043,Shipment,136,N/A,N/A,DELIVERED,0,0.0,0,0,N/A,NONE
2026-09-18T14:00:00+05:30,SH0044,Shipment,166,N/A,N/A,DELIVERED,0,0.0,0,0,N/A,NONE
2026-09-18T14:00:00+05:30,SH0045,Shipment,25,N/A,N/A,DELIVERED,0,0.0,0,0,N/A,NONE
2026-09-18T14:00:00+05:30,SH0046,Shipment,31,N/A,N/A,DELIVERED,0,0.0,0,0,N/A,NONE
2026-09-18T14:00:00+05:30,SH0047,Shipment,52,N/A,N/A,DELIVERED,0,0.0,0,0,N/A,NONE
2026-09-18T14:00:00+05:30,SH0048,Shipment,35,N/A,N/A,DELIVERED,0,0.0,0,0,N/A,NONE
2026-09-18T14:00:00+05:30,SH0049,Shipment,42,N/A,N/A,DELIVERED,0,0.0,0,0,N/A,NONE
2026-09-18T14:00:00+05:30,SH0050,Shipment,131,N/A,N/A,DELIVERED,0,0.0,0,0,N/A,NONE
2026-09-18T14:00:00+05:30,SH0051,Shipment,32,N/A,N/A,DELIVERED,0,0.0,0,0,N/A,NONE
2026-09-18T14:00:00+05:30,SH0052,Shipment,51,N/A,N/A,DELIVERED,0,0.0,0,0,N/A,NONE
2026-09-18T14:00:00+05:30,SH0053,Shipment,130,N/A,N/A,DELIVERED,0,0.0,0,0,N/A,NONE
2026-09-18T14:00:00+05:30,SH0054,Shipment,8,N/A,N/A,DELIVERED,0,0.0,0,0,N/A,NONE
2026-09-18T14:00:00+05:30,SH0055,Shipment,99,N/A,N/A,DELIVERED,0,0.0,0,0,N/A,NONE
2026-09-18T14:00:00+05:30,SH0056,Shipment,49,N/A,N/A,DELIVERED,0,0.0,0,0,N/A,NONE
2026-09-18T14:00:00+05:30,SH0057,Shipment,60,N/A,N/A,DELIVERED,0,0.0,0,0,N/A,NONE
2026-09-18T14:00:00+05:30,SH0058,Shipment,122,N/A,N/A,DELIVERED,0,0.0,0,0,N/A,NONE
2026-09-18T14:00:00+05:30,SH0059,Shipment,101,N/A,N/A,DELIVERED,0,0.0,0,0,N/A,NONE
2026-09-18T14:00:00+05:30,SH0060,Shipment,118,N/A,N/A,DELIVERED,0,0.0,0,0,N/A,NONE
2026-09-18T14:00:00+05:30,SH0061,Shipment,145,N/A,N/A,DELIVERED,0,0.0,0,0,N/A,NONE
2026-09-18T14:00:00+05:30,SH0062,Shipment,65,N/A,N/A,DELIVERED,0,0.0,0,0,N/A,NONE
2026-09-18T14:00:00+05:30,SH0063,Shipment,125,N/A,N/A,DELIVERED,0,0.0,0,0,N/A,NONE
2026-09-18T14:00:00+05:30,SH0064,Shipment,76,N/A,N/A,DELIVERED,0,0.0,0,0,N/A,NONE
2026-09-18T14:00:00+05:30,SH0065,Shipment,160,N/A,N/A,DELIVERED,0,0.0,0,0,N/A,NONE
2026-09-18T14:00:00+05:30,SH0066,Shipment,136,N/A,N/A,DELIVERED,0,0.0,0,0,N/A,NONE
2026-09-18T14:00:00+05:30,SH0067,Shipment,177,N/A,N/A,DELIVERED,0,0.0,0,0,N/A,NONE
2026-09-18T14:00:00+05:30,SH0068,Shipment,39,N/A,N/A,DELIVERED,0,0.0,0,0,N/A,NONE
2026-09-18T14:00:00+05:30,SH0069,Shipment,71,N/A,N/A,DELIVERED,0,0.0,0,0,N/A,NONE
2026-09-18T14:00:00+05:30,SH0070,Shipment,70,N/A,N/A,DELIVERED,0,0.0,0,0,N/A,NONE
2026-09-18T14:00:00+05:30,SH0071,Shipment,26,N/A,N/A,DELIVERED,0,0.0,0,0,N/A,NONE
2026-09-18T14:00:00+05:30,SH0072,Shipment,43,N/A,N/A,DELIVERED,0,0.0,0,0,N/A,NONE
2026-09-18T14:00:00+05:30,SH0073,Shipment,78,N/A,N/A,DELIVERED,0,0.0,0,0,N/A,NONE
2026-09-18T14:00:00+05:30,SH0074,Shipment,50,N/A,N/A,DELIVERED,0,0.0,0,0,N/A,NONE
2026-09-18T14:00:00+05:30,SH0075,Shipment,35,N/A,N/A,DELIVERED,0,0.0,0,0,N/A,NONE
2026-09-18T14:00:00+05:30,SH0076,Shipment,45,N/A,N/A,DELIVERED,0,0.0,0,0,N/A,NONE
2026-09-18T14:00:00+05:30,SH0077,Shipment,21,N/A,N/A,DELIVERED,0,0.0,0,0,N/A,NONE
2026-09-18T14:00:00+05:30,SH0078,Shipment,6,N/A,N/A,DELIVERED,0,0.0,0,0,N/A,NONE
2026-09-18T14:00:00+05:30,SH0079,Shipment,19,N/A,N/A,DELIVERED,0,0.0,0,0,N/A,NONE
2026-09-18T14:00:00+05:30,SH0080,Shipment,24,N/A,N/A,DELIVERED,0,0.0,0,0,N/A,NONE
2026-09-18T14:00:00+05:30,SH0081,Shipment,140,N/A,N/A,DELIVERED,0,0.0,0,0,N/A,NONE
2026-09-18T14:00:00+05:30,SH0082,Shipment,82,N/A,N/A,DELIVERED,0,0.0,0,0,N/A,NONE
2026-09-18T14:00:00+05:30,SH0083,Shipment,174,N/A,N/A,DELIVERED,0,0.0,0,0,N/A,NONE
2026-09-18T14:00:00+05:30,SH0084,Shipment,146,N/A,N/A,DELIVERED,0,0.0,0,0,N/A,NONE
2026-09-18T14:00:00+05:30,SH0085,Shipment,108,N/A,N/A,DELIVERED,0,0.0,0,0,N/A,NONE
2026-09-18T14:00:00+05:30,SH0086,Shipment,50,N/A,N/A,DELIVERED,0,0.0,0,0,N/A,NONE
2026-09-18T14:00:00+05:30,SH0087,Shipment,67,N/A,N/A,DELIVERED,0,0.0,0,0,N/A,NONE
2026-09-18T14:00:00+05:30,SH0088,Shipment,132,N/A,N/A,DELIVERED,0,0.0,0,0,N/A,NONE
2026-09-18T14:00:00+05:30,SH0089,Shipment,35,N/A,N/A,DELIVERED,0,0.0,0,0,N/A,NONE
2026-09-18T14:00:00+05:30,SH0090,Shipment,54,N/A,N/A,DELIVERED,0,0.0,0,0,N/A,NONE
2026-09-18T14:00:00+05:30,SH0091,Shipment,47,N/A,N/A,DELIVERED,0,0.0,0,0,N/A,NONE
2026-09-18T14:00:00+05:30,SH0092,Shipment,178,N/A,N/A,DELIVERED,0,0.0,0,0,N/A,NONE
2026-09-18T14:00:00+05:30,SH0093,Shipment,34,N/A,N/A,DELIVERED,0,0.0,0,0,N/A,NONE
2026-09-18T14:00:00+05:30,SH0094,Shipment,150,N/A,N/A,DELIVERED,0,0.0,0,0,N/A,NONE
2026-09-18T14:00:00+05:30,SH0095,Shipment,64,N/A,N/A,DELIVERED,0,0.0,0,0,N/A,NONE
2026-09-18T14:00:00+05:30,SH0096,Shipment,54,N/A,N/A,DELIVERED,0,0.0,0,0,N/A,NONE
2026-09-18T14:00:00+05:30,SH0097,Shipment,20,N/A,N/A,DELIVERED,0,0.0,0,0,N/A,NONE
2026-09-18T14:00:00+05:30,SH0098,Shipment,44,N/A,N/A,DELIVERED,0,0.0,0,0,N/A,NONE
2026-09-18T14:00:00+05:30,SH0099,Shipment,75,N/A,N/A,DELIVERED,0,0.0,0,0,N/A,NONE
2026-09-18T14:00:00+05:30,SH0100,Shipment,35,N/A,N/A,DELIVERED,0,0.0,0,0,N/A,NONE
2026-09-18T14:00:00+05:30,SH0101,Shipment,39,N/A,N/A,DELIVERED,0,0.0,0,0,N/A,NONE
2026-09-18T14:00:00+05:30,SH0102,Shipment,29,N/A,N/A,DELIVERED,0,0.0,0,0,N/A,NONE
2026-09-18T14:00:00+05:30,SH0103,Shipment,99,N/A,N/A,DELIVERED,0,0.0,0,0,N/A,NONE
2026-09-18T14:00:00+05:30,SH0104,Shipment,149,N/A,N/A,DELIVERED,0,0.0,0,0,N/A,NONE
2026-09-18T14:00:00+05:30,SH0105,Shipment,158,N/A,N/A,DELIVERED,0,0.0,0,0,N/A,NONE
2026-09-18T14:00:00+05:30,SH0106,Shipment,147,N/A,N/A,DELIVERED,0,0.0,0,0,N/A,NONE
2026-09-18T14:00:00+05:30,SH0107,Shipment,37,N/A,N/A,DELIVERED,0,0.0,0,0,N/A,NONE
2026-09-18T14:00:00+05:30,SH0108,Shipment,174,N/A,N/A,DELIVERED,0,0.0,0,0,N/A,NONE
2026-09-18T14:00:00+05:30,SH0109,Shipment,22,N/A,N/A,DELIVERED,0,0.0,0,0,N/A,NONE
2026-09-18T14:00:00+05:30,SH0110,Shipment,120,N/A,N/A,DELIVERED,0,0.0,0,0,N/A,NONE
2026-09-18T14:00:00+05:30,SH0111,Shipment,38,N/A,N/A,DELIVERED,0,0.0,0,0,N/A,NONE
2026-09-18T14:00:00+05:30,SH0112,Shipment,44,N/A,N/A,DELIVERED,0,0.0,0,0,N/A,NONE
2026-09-18T14:00:00+05:30,SH0113,Shipment,137,N/A,N/A,DELIVERED,0,0.0,0,0,N/A,NONE
2026-09-18T14:00:00+05:30,SH0114,Shipment,29,N/A,N/A,DELIVERED,0,0.0,0,0,N/A,NONE
2026-09-18T14:00:00+05:30,SH0115,Shipment,95,N/A,N/A,DELIVERED,0,0.0,0,0,N/A,NONE
2026-09-18T14:00:00+05:30,SH0116,Shipment,59,N/A,N/A,DELIVERED,0,0.0,0,0,N/A,NONE
2026-09-18T14:00:00+05:30,SH0117,Shipment,93,N/A,N/A,DELIVERED,0,0.0,0,0,N/A,NONE
2026-09-18T14:00:00+05:30,SH0118,Shipment,75,N/A,N/A,DELIVERED,0,0.0,0,0,N/A,NONE
2026-09-18T14:00:00+05:30,SH0119,Shipment,26,N/A,N/A,DELIVERED,0,0.0,0,0,N/A,NONE
2026-09-18T14:00:00+05:30,SH0120,Shipment,168,N/A,N/A,DELIVERED,0,0.0,0,0,N/A,NONE
2026-09-18T14:00:00+05:30,SH0121,Shipment,103,N/A,N/A,DELIVERED,0,0.0,0,0,N/A,NONE
2026-09-18T14:00:00+05:30,SH0122,Shipment,164,N/A,N/A,DELIVERED,0,0.0,0,0,N/A,NONE
2026-09-18T14:00:00+05:30,SH0123,Shipment,71,N/A,N/A,DELIVERED,0,0.0,0,0,N/A,NONE
2026-09-18T14:00:00+05:30,SH0124,Shipment,5,N/A,N/A,DELIVERED,0,0.0,0,0,N/A,NONE
2026-09-18T14:00:00+05:30,SH0125,Shipment,17,N/A,N/A,DELIVERED,0,0.0,0,0,N/A,NONE
2026-09-18T14:00:00+05:30,SH0126,Shipment,38,N/A,N/A,DELIVERED,0,0.0,0,0,N/A,NONE
2026-09-18T14:00:00+05:30,SH0127,Shipment,29,N/A,N/A,DELIVERED,0,0.0,0,0,N/A,NONE
2026-09-18T14:00:00+05:30,SH0128,Shipment,42,N/A,N/A,DELIVERED,0,0.0,0,0,N/A,NONE
2026-09-18T14:00:00+05:30,SH0129,Shipment,139,N/A,N/A,DELIVERED,0,0.0,0,0,N/A,NONE
2026-09-18T14:00:00+05:30,SH0130,Shipment,120,N/A,N/A,DELIVERED,0,0.0,0,0,N/A,NONE
2026-09-18T14:00:00+05:30,SH0131,Shipment,135,N/A,N/A,DELIVERED,0,0.0,0,0,N/A,NONE
2026-09-18T14:00:00+05:30,SH0132,Shipment,49,N/A,N/A,DELIVERED,0,0.0,0,0,N/A,NONE
2026-09-18T14:00:00+05:30,SH0133,Shipment,139,N/A,N/A,DELIVERED,0,0.0,0,0,N/A,NONE
2026-09-18T14:00:00+05:30,SH0134,Shipment,148,N/A,N/A,DELIVERED,0,0.0,0,0,N/A,NONE
2026-09-18T14:00:00+05:30,SH0135,Shipment,95,N/A,N/A,DELIVERED,0,0.0,0,0,N/A,NONE
2026-09-18T14:00:00+05:30,SH0136,Shipment,179,N/A,N/A,DELIVERED,0,0.0,0,0,N/A,NONE
2026-09-18T14:00:00+05:30,SH0137,Shipment,60,N/A,N/A,DELIVERED,0,0.0,0,0,N/A,NONE
2026-09-18T14:00:00+05:30,SH0138,Shipment,65,N/A,N/A,DELIVERED,0,0.0,0,0,N/A,NONE
2026-09-18T14:00:00+05:30,SH0139,Shipment,177,N/A,N/A,DELIVERED,0,0.0,0,0,N/A,NONE
2026-09-18T14:00:00+05:30,SH0140,Shipment,47,N/A,N/A,DELIVERED,0,0.0,0,0,N/A,NONE
2026-09-18T14:00:00+05:30,SH0141,Shipment,59,N/A,N/A,DELIVERED,0,0.0,0,0,N/A,NONE
2026-09-18T14:00:00+05:30,SH0142,Shipment,77,N/A,N/A,DELIVERED,0,0.0,0,0,N/A,NONE
2026-09-18T14:00:00+05:30,SH0143,Shipment,118,N/A,N/A,DELIVERED,0,0.0,0,0,N/A,NONE
2026-09-18T14:00:00+05:30,SH0144,Shipment,38,N/A,N/A,DELIVERED,0,0.0,0,0,N/A,NONE
2026-09-18T14:00:00+05:30,SH0145,Shipment,76,N/A,N/A,DELIVERED,0,0.0,0,0,N/A,NONE
2026-09-18T14:00:00+05:30,SH0146,Shipment,174,N/A,N/A,DELIVERED,0,0.0,0,0,N/A,NONE
2026-09-18T14:00:00+05:30,SH0147,Shipment,136,N/A,N/A,DELIVERED,0,0.0,0,0,N/A,NONE
2026-09-18T14:00:00+05:30,SH0148,Shipment,27,N/A,N/A,DELIVERED,0,0.0,0,0,N/A,NONE
2026-09-18T14:00:00+05:30,SH0149,Shipment,161,N/A,N/A,DELIVERED,0,0.0,0,0,N/A,NONE
2026-09-18T14:00:00+05:30,SH0150,Shipment,40,N/A,N/A,DELIVERED,0,0.0,0,0,N/A,NONE
2026-09-18T14:00:00+05:30,SH0151,Shipment,140,N/A,N/A,DELIVERED,0,0.0,0,0,N/A,NONE
2026-09-18T14:00:00+05:30,SH0152,Shipment,86,N/A,N/A,DELIVERED,0,0.0,0,0,N/A,NONE
2026-09-18T14:00:00+05:30,SH0153,Shipment,110,N/A,N/A,DELIVERED,0,0.0,0,0,N/A,NONE
2026-09-18T14:00:00+05:30,SH0154,Shipment,148,N/A,N/A,DELIVERED,0,0.0,0,0,N/A,NONE
2026-09-18T14:00:00+05:30,SH0155,Shipment,74,N/A,N/A,DELIVERED,0,0.0,0,0,N/A,NONE
2026-09-18T14:00:00+05:30,SH0156,Shipment,41,N/A,N/A,DELIVERED,0,0.0,0,0,N/A,NONE
2026-09-18T14:00:00+05:30,SH0157,Shipment,140,N/A,N/A,DELIVERED,0,0.0,0,0,N/A,NONE
2026-09-18T14:00:00+05:30,SH0158,Shipment,63,N/A,N/A,DELIVERED,0,0.0,0,0,N/A,NONE
2026-09-18T14:00:00+05:30,SH0159,Shipment,46,N/A,N/A,DELIVERED,0,0.0,0,0,N/A,NONE
2026-09-18T14:00:00+05:30,SH0160,Shipment,69,N/A,N/A,DELIVERED,0,0.0,0,0,N/A,NONE
2026-09-18T14:00:00+05:30,SH0161,Shipment,133,N/A,N/A,DELIVERED,0,0.0,0,0,N/A,NONE
2026-09-18T14:00:00+05:30,SH0162,Shipment,86,N/A,N/A,DELIVERED,0,0.0,0,0,N/A,NONE
2026-09-18T14:00:00+05:30,SH0163,Shipment,55,N/A,N/A,DELIVERED,0,0.0,0,0,N/A,NONE
2026-09-18T14:00:00+05:30,SH0164,Shipment,31,N/A,N/A,DELIVERED,0,0.0,0,0,N/A,NONE
2026-09-18T14:00:00+05:30,SH0165,Shipment,31,N/A,N/A,DELIVERED,0,0.0,0,0,N/A,NONE
2026-09-18T14:00:00+05:30,SH0166,Shipment,73,N/A,N/A,DELIVERED,0,0.0,0,0,N/A,NONE
2026-09-18T14:00:00+05:30,SH0167,Shipment,112,N/A,N/A,DELIVERED,0,0.0,0,0,N/A,NONE
2026-09-18T14:00:00+05:30,SH0168,Shipment,38,N/A,N/A,DELIVERED,0,0.0,0,0,N/A,NONE
2026-09-18T14:00:00+05:30,SH0169,Shipment,167,N/A,N/A,DELIVERED,0,0.0,0,0,N/A,NONE
2026-09-18T14:00:00+05:30,SH0170,Shipment,25,N/A,N/A,DELIVERED,0,0.0,0,0,N/A,NONE
2026-09-18T14:00:00+05:30,SH0171,Shipment,64,N/A,N/A,DELIVERED,0,0.0,0,0,N/A,NONE
2026-09-18T14:00:00+05:30,SH0172,Shipment,20,N/A,N/A,DELIVERED,0,0.0,0,0,N/A,NONE
2026-09-18T14:00:00+05:30,SH0173,Shipment,97,N/A,N/A,DELIVERED,0,0.0,0,0,N/A,NONE
2026-09-18T14:00:00+05:30,SH0174,Shipment,97,N/A,N/A,DELIVERED,0,0.0,0,0,N/A,NONE
2026-09-18T14:00:00+05:30,SH0175,Shipment,38,N/A,N/A,DELIVERED,0,0.0,0,0,N/A,NONE
2026-09-18T14:00:00+05:30,SH0176,Shipment,26,N/A,N/A,DELIVERED,0,0.0,0,0,N/A,NONE
2026-09-18T14:00:00+05:30,SH0177,Shipment,146,N/A,N/A,DELIVERED,0,0.0,0,0,N/A,NONE
2026-09-18T14:00:00+05:30,SH0178,Shipment,75,N/A,N/A,DELIVERED,0,0.0,0,0,N/A,NONE
2026-09-18T14:00:00+05:30,SH0179,Shipment,97,N/A,N/A,DELIVERED,0,0.0,0,0,N/A,NONE
2026-09-18T14:00:00+05:30,SH0180,Shipment,161,N/A,N/A,DELIVERED,0,0.0,0,0,N/A,NONE
2026-09-18T14:00:00+05:30,SH0181,Shipment,177,N/A,N/A,DELIVERED,0,0.0,0,0,N/A,NONE
2026-09-18T14:00:00+05:30,SH0182,Shipment,44,N/A,N/A,DELIVERED,0,0.0,0,0,N/A,NONE
2026-09-18T14:00:00+05:30,SH0183,Shipment,150,N/A,N/A,DELIVERED,0,0.0,0,0,N/A,NONE
2026-09-18T14:00:00+05:30,SH0184,Shipment,132,N/A,N/A,DELIVERED,0,0.0,0,0,N/A,NONE
2026-09-18T14:00:00+05:30,SH0185,Shipment,59,N/A,N/A,DELIVERED,0,0.0,0,0,N/A,NONE
2026-09-18T14:00:00+05:30,SH0186,Shipment,51,N/A,N/A,DELIVERED,0,0.0,0,0,N/A,NONE
2026-09-18T14:00:00+05:30,SH0187,Shipment,85,N/A,N/A,DELIVERED,0,0.0,0,0,N/A,NONE
2026-09-18T14:00:00+05:30,SH0188,Shipment,37,N/A,N/A,DELIVERED,0,0.0,0,0,N/A,NONE
2026-09-18T14:00:00+05:30,SH0189,Shipment,102,N/A,N/A,DELIVERED,0,0.0,0,0,N/A,NONE
2026-09-18T14:00:00+05:30,SH0190,Shipment,135,N/A,N/A,DELIVERED,0,0.0,0,0,N/A,NONE
2026-09-18T14:00:00+05:30,SH0191,Shipment,52,N/A,N/A,DELIVERED,0,0.0,0,0,N/A,NONE
2026-09-18T14:00:00+05:30,SH0192,Shipment,133,N/A,N/A,DELIVERED,0,0.0,0,0,N/A,NONE
2026-09-18T14:00:00+05:30,SH0193,Shipment,53,N/A,N/A,DELIVERED,0,0.0,0,0,N/A,NONE
2026-09-18T14:00:00+05:30,SH0194,Shipment,112,N/A,N/A,DELIVERED,0,0.0,0,0,N/A,NONE
2026-09-18T14:00:00+05:30,SH0195,Shipment,48,N/A,N/A,DELIVERED,0,0.0,0,0,N/A,NONE
2026-09-18T14:00:00+05:30,SH0196,Shipment,123,N/A,N/A,DELIVERED,0,0.0,0,0,N/A,NONE
2026-09-18T14:00:00+05:30,SH0197,Shipment,51,N/A,N/A,DELIVERED,0,0.0,0,0,N/A,NONE
2026-09-18T14:00:00+05:30,SH0198,Shipment,49,N/A,N/A,DELIVERED,0,0.0,0,0,N/A,NONE
2026-09-18T14:00:00+05:30,SH0199,Shipment,134,N/A,N/A,DELIVERED,0,0.0,0,0,N/A,NONE
2026-09-18T14:00:00+05:30,SH0200,Shipment,53,N/A,N/A,DELIVERED,0,0.0,0,0,N/A,NONE
2026-09-18T14:00:00+05:30,SH0201,Shipment,157,N/A,N/A,DELIVERED,0,0.0,0,0,N/A,NONE
2026-09-18T14:00:00+05:30,SH0202,Shipment,92,N/A,N/A,DELIVERED,0,0.0,0,0,N/A,NONE
2026-09-18T14:00:00+05:30,SH0203,Shipment,79,N/A,N/A,DELIVERED,0,0.0,0,0,N/A,NONE
2026-09-18T14:00:00+05:30,SH0204,Shipment,64,N/A,N/A,DELIVERED,0,0.0,0,0,N/A,NONE
2026-09-18T14:00:00+05:30,SH0205,Shipment,44,N/A,N/A,DELIVERED,0,0.0,0,0,N/A,NONE
2026-09-18T14:00:00+05:30,SH0206,Shipment,34,N/A,N/A,DELIVERED,0,0.0,0,0,N/A,NONE
2026-09-18T14:00:00+05:30,SH0207,Shipment,8,N/A,N/A,DELIVERED,0,0.0,0,0,N/A,NONE
2026-09-18T14:00:00+05:30,SH0208,Shipment,33,N/A,N/A,DELIVERED,0,0.0,0,0,N/A,NONE
2026-09-18T14:00:00+05:30,SH0209,Shipment,66,N/A,N/A,DELIVERED,0,0.0,0,0,N/A,NONE
2026-09-18T14:00:00+05:30,SH0210,Shipment,25,N/A,N/A,DELIVERED,0,0.0,0,0,N/A,NONE
2026-09-18T14:00:00+05:30,SH0211,Shipment,83,N/A,N/A,DELIVERED,0,0.0,0,0,N/A,NONE
2026-09-18T14:00:00+05:30,SH0212,Shipment,99,N/A,N/A,DELIVERED,0,0.0,0,0,N/A,NONE
2026-09-18T14:00:00+05:30,SH0213,Shipment,141,N/A,N/A,DELIVERED,0,0.0,0,0,N/A,NONE
2026-09-18T14:00:00+05:30,SH0214,Shipment,54,N/A,N/A,DELIVERED,0,0.0,0,0,N/A,NONE
2026-09-18T14:00:00+05:30,SH0215,Shipment,28,N/A,N/A,DELIVERED,0,0.0,0,0,N/A,NONE
2026-09-18T14:00:00+05:30,SH0216,Shipment,168,N/A,N/A,DELIVERED,0,0.0,0,0,N/A,NONE
2026-09-18T14:00:00+05:30,SH0217,Shipment,168,N/A,N/A,DELIVERED,0,0.0,0,0,N/A,NONE
2026-09-18T14:00:00+05:30,SH0218,Shipment,29,N/A,N/A,DELIVERED,0,0.0,0,0,N/A,NONE
2026-09-18T14:00:00+05:30,SH0219,Shipment,152,N/A,N/A,DELIVERED,0,0.0,0,0,N/A,NONE
2026-09-18T14:00:00+05:30,SH0220,Shipment,124,N/A,N/A,DELIVERED,0,0.0,0,0,N/A,NONE
2026-09-18T14:00:00+05:30,SH0221,Shipment,123,N/A,N/A,DELIVERED,0,0.0,0,0,N/A,NONE
2026-09-18T14:00:00+05:30,SH0222,Shipment,22,N/A,N/A,DELIVERED,0,0.0,0,0,N/A,NONE
2026-09-18T14:00:00+05:30,SH0223,Shipment,101,N/A,N/A,DELIVERED,0,0.0,0,0,N/A,NONE
2026-09-18T14:00:00+05:30,SH0224,Shipment,45,N/A,N/A,DELIVERED,0,0.0,0,0,N/A,NONE
2026-09-18T14:00:00+05:30,SH0225,Shipment,39,N/A,N/A,DELIVERED,0,0.0,0,0,N/A,NONE
2026-09-18T14:00:00+05:30,SH0226,Shipment,169,N/A,N/A,DELIVERED,0,0.0,0,0,N/A,NONE
2026-09-18T14:00:00+05:30,SH0227,Shipment,110,N/A,N/A,DELIVERED,0,0.0,0,0,N/A,NONE
2026-09-18T14:00:00+05:30,SH0228,Shipment,60,N/A,N/A,DELIVERED,0,0.0,0,0,N/A,NONE
2026-09-18T14:00:00+05:30,SH0229,Shipment,64,N/A,N/A,DELIVERED,0,0.0,0,0,N/A,NONE
2026-09-18T14:00:00+05:30,SH0230,Shipment,51,N/A,N/A,DELIVERED,0,0.0,0,0,N/A,NONE
2026-09-18T14:00:00+05:30,SH0231,Shipment,37,N/A,N/A,DELIVERED,0,0.0,0,0,N/A,NONE
2026-09-18T14:00:00+05:30,SH0232,Shipment,135,N/A,N/A,DELIVERED,0,0.0,0,0,N/A,NONE
2026-09-18T14:00:00+05:30,SH0233,Shipment,40,N/A,N/A,DELIVERED,0,0.0,0,0,N/A,NONE
2026-09-18T14:00:00+05:30,SH0234,Shipment,39,N/A,N/A,DELIVERED,0,0.0,0,0,N/A,NONE
2026-09-18T14:00:00+05:30,SH0235,Shipment,119,N/A,N/A,DELIVERED,0,0.0,0,0,N/A,NONE
2026-09-18T14:00:00+05:30,SH0236,Shipment,65,N/A,N/A,DELIVERED,0,0.0,0,0,N/A,NONE
2026-09-18T14:00:00+05:30,SH0237,Shipment,129,N/A,N/A,DELIVERED,0,0.0,0,0,N/A,NONE
2026-09-18T14:00:00+05:30,SH0238,Shipment,76,N/A,N/A,DELIVERED,0,0.0,0,0,N/A,NONE
2026-09-18T14:00:00+05:30,SH0239,Shipment,67,N/A,N/A,DELIVERED,0,0.0,0,0,N/A,NONE
2026-09-18T14:00:00+05:30,SH0240,Shipment,26,N/A,N/A,DELIVERED,0,0.0,0,0,N/A,NONE
2026-09-18T14:00:00+05:30,SH0241,Shipment,137,N/A,N/A,DELIVERED,0,0.0,0,0,N/A,NONE
2026-09-18T14:00:00+05:30,SH0242,Shipment,31,N/A,N/A,DELIVERED,0,0.0,0,0,N/A,NONE
2026-09-18T14:00:00+05:30,SH0243,Shipment,64,N/A,N/A,DELIVERED,0,0.0,0,0,N/A,NONE
2026-09-18T14:00:00+05:30,SH0244,Shipment,26,N/A,N/A,DELIVERED,0,0.0,0,0,N/A,NONE
2026-09-18T14:00:00+05:30,SH0245,Shipment,80,N/A,N/A,DELIVERED,0,0.0,0,0,N/A,NONE
2026-09-18T14:00:00+05:30,SH0246,Shipment,132,N/A,N/A,DELIVERED,0,0.0,0,0,N/A,NONE
2026-09-18T14:00:00+05:30,SH0247,Shipment,149,N/A,N/A,DELIVERED,0,0.0,0,0,N/A,NONE
2026-09-18T14:00:00+05:30,SH0248,Shipment,40,N/A,N/A,DELIVERED,0,0.0,0,0,N/A,NONE
2026-09-18T14:00:00+05:30,SH0249,Shipment,64,N/A,N/A,DELIVERED,0,0.0,0,0,N/A,NONE
2026-09-18T14:00:00+05:30,SH0250,Shipment,119,N/A,N/A,DELIVERED,0,0.0,0,0,N/A,NONE
2026-09-18T14:00:00+05:30,SH0251,Shipment,154,N/A,N/A,DELIVERED,0,0.0,0,0,N/A,NONE
2026-09-18T14:00:00+05:30,SH0252,Shipment,39,N/A,N/A,DELIVERED,0,0.0,0,0,N/A,NONE
2026-09-18T14:00:00+05:30,SH0253,Shipment,53,N/A,N/A,DELIVERED,0,0.0,0,0,N/A,NONE
2026-09-18T14:00:00+05:30,SH0254,Shipment,12,N/A,N/A,DELIVERED,0,0.0,0,0,N/A,NONE
2026-09-18T14:00:00+05:30,SH0255,Shipment,134,N/A,N/A,DELIVERED,0,0.0,0,0,N/A,NONE
2026-09-18T14:00:00+05:30,SH0256,Shipment,160,N/A,N/A,DELIVERED,0,0.0,0,0,N/A,NONE
2026-09-18T14:00:00+05:30,SH0257,Shipment,17,N/A,N/A,DELIVERED,0,0.0,0,0,N/A,NONE
2026-09-18T14:00:00+05:30,SH0258,Shipment,9,N/A,N/A,DELIVERED,0,0.0,0,0,N/A,NONE
2026-09-18T14:00:00+05:30,SH0259,Shipment,28,N/A,N/A,DELIVERED,0,0.0,0,0,N/A,NONE
2026-09-18T14:00:00+05:30,SH0260,Shipment,126,N/A,N/A,DELIVERED,0,0.0,0,0,N/A,NONE
2026-09-18T14:00:00+05:30,SH0261,Shipment,129,N/A,N/A,DELIVERED,0,0.0,0,0,N/A,NONE
2026-09-18T14:00:00+05:30,SH0262,Shipment,69,N/A,N/A,DELIVERED,0,0.0,0,0,N/A,NONE
2026-09-18T14:00:00+05:30,SH0263,Shipment,12,N/A,N/A,DELIVERED,0,0.0,0,0,N/A,NONE
2026-09-18T14:00:00+05:30,SH0264,Shipment,137,N/A,N/A,DELIVERED,0,0.0,0,0,N/A,NONE
2026-09-18T14:00:00+05:30,SH0265,Shipment,57,N/A,N/A,DELIVERED,0,0.0,0,0,N/A,NONE
2026-09-18T14:00:00+05:30,SH0266,Shipment,35,N/A,N/A,DELIVERED,0,0.0,0,0,N/A,NONE
2026-09-18T14:00:00+05:30,SH0267,Shipment,34,N/A,N/A,DELIVERED,0,0.0,0,0,N/A,NONE
2026-09-18T14:00:00+05:30,SH0268,Shipment,13,N/A,N/A,DELIVERED,0,0.0,0,0,N/A,NONE
2026-09-18T14:00:00+05:30,SH0269,Shipment,158,N/A,N/A,DELIVERED,0,0.0,0,0,N/A,NONE
2026-09-18T14:00:00+05:30,SH0270,Shipment,48,N/A,N/A,DELIVERED,0,0.0,0,0,N/A,NONE
2026-09-18T14:00:00+05:30,SH0271,Shipment,107,N/A,N/A,DELIVERED,0,0.0,0,0,N/A,NONE
2026-09-18T14:00:00+05:30,SH0272,Shipment,83,N/A,N/A,DELIVERED,0,0.0,0,0,N/A,NONE
2026-09-18T14:00:00+05:30,SH0273,Shipment,14,N/A,N/A,DELIVERED,0,0.0,0,0,N/A,NONE
2026-09-18T14:00:00+05:30,SH0274,Shipment,8,N/A,N/A,DELIVERED,0,0.0,0,0,N/A,NONE
2026-09-18T14:00:00+05:30,SH0275,Shipment,105,N/A,N/A,DELIVERED,0,0.0,0,0,N/A,NONE
2026-09-18T14:00:00+05:30,SH0276,Shipment,35,N/A,N/A,DELIVERED,0,0.0,0,0,N/A,NONE
2026-09-18T14:00:00+05:30,SH0277,Shipment,113,N/A,N/A,DELIVERED,0,0.0,0,0,N/A,NONE
2026-09-18T14:00:00+05:30,SH0278,Shipment,64,N/A,N/A,DELIVERED,0,0.0,0,0,N/A,NONE
2026-09-18T14:00:00+05:30,SH0279,Shipment,74,N/A,N/A,DELIVERED,0,0.0,0,0,N/A,NONE
2026-09-18T14:00:00+05:30,SH0280,Shipment,147,N/A,N/A,DELIVERED,0,0.0,0,0,N/A,NONE
2026-09-18T14:00:00+05:30,SH0281,Shipment,49,N/A,N/A,DELIVERED,0,0.0,0,0,N/A,NONE
2026-09-18T14:00:00+05:30,SH0282,Shipment,153,N/A,N/A,DELIVERED,0,0.0,0,0,N/A,NONE
2026-09-18T14:00:00+05:30,SH0283,Shipment,22,N/A,N/A,DELIVERED,0,0.0,0,0,N/A,NONE
2026-09-18T14:00:00+05:30,SH0284,Shipment,160,N/A,N/A,DELIVERED,0,0.0,0,0,N/A,NONE
2026-09-18T14:00:00+05:30,SH0285,Shipment,73,N/A,N/A,DELIVERED,0,0.0,0,0,N/A,NONE
2026-09-18T14:00:00+05:30,SH0286,Shipment,46,N/A,N/A,DELIVERED,0,0.0,0,0,N/A,NONE
2026-09-18T14:00:00+05:30,SH0287,Shipment,114,N/A,N/A,DELIVERED,0,0.0,0,0,N/A,NONE
2026-09-18T14:00:00+05:30,SH0288,Shipment,126,N/A,N/A,DELIVERED,0,0.0,0,0,N/A,NONE
2026-09-18T14:00:00+05:30,SH0289,Shipment,70,N/A,N/A,DELIVERED,0,0.0,0,0,N/A,NONE
2026-09-18T14:00:00+05:30,SH0290,Shipment,178,N/A,N/A,DELIVERED,0,0.0,0,0,N/A,NONE
2026-09-18T14:00:00+05:30,SH0291,Shipment,34,N/A,N/A,DELIVERED,0,0.0,0,0,N/A,NONE
2026-09-18T14:00:00+05:30,SH0292,Shipment,26,N/A,N/A,DELIVERED,0,0.0,0,0,N/A,NONE
2026-09-18T14:00:00+05:30,SH0293,Shipment,172,N/A,N/A,DELIVERED,0,0.0,0,0,N/A,NONE
2026-09-18T14:00:00+05:30,SH0294,Shipment,33,N/A,N/A,DELIVERED,0,0.0,0,0,N/A,NONE
2026-09-18T14:00:00+05:30,SH0295,Shipment,120,N/A,N/A,DELIVERED,0,0.0,0,0,N/A,NONE
2026-09-18T14:00:00+05:30,SH0296,Shipment,42,N/A,N/A,DELIVERED,0,0.0,0,0,N/A,NONE
2026-09-18T14:00:00+05:30,SH0297,Shipment,40,N/A,N/A,DELIVERED,0,0.0,0,0,N/A,NONE
2026-09-18T14:00:00+05:30,SH0298,Shipment,28,N/A,N/A,DELIVERED,0,0.0,0,0,N/A,NONE
2026-09-18T14:00:00+05:30,SH0299,Shipment,79,N/A,N/A,DELIVERED,0,0.0,0,0,N/A,NONE
2026-09-18T14:00:00+05:30,SH0300,Shipment,41,N/A,N/A,DELIVERED,0,0.0,0,0,N/A,NONE
2026-09-18T14:00:00+05:30,SH0301,Shipment,30,N/A,N/A,DELIVERED,0,0.0,0,0,N/A,NONE
2026-09-18T14:00:00+05:30,SH0302,Shipment,34,N/A,N/A,DELIVERED,0,0.0,0,0,N/A,NONE
2026-09-18T14:00:00+05:30,SH0303,Shipment,71,N/A,N/A,DELIVERED,0,0.0,0,0,N/A,NONE
2026-09-18T14:00:00+05:30,SH0304,Shipment,126,N/A,N/A,DELIVERED,0,0.0,0,0,N/A,NONE
2026-09-18T14:00:00+05:30,SH0305,Shipment,74,N/A,N/A,DELIVERED,0,0.0,0,0,N/A,NONE
2026-09-18T14:00:00+05:30,SH0306,Shipment,34,N/A,N/A,DELIVERED,0,0.0,0,0,N/A,NONE
2026-09-18T14:00:00+05:30,SH0307,Shipment,27,N/A,N/A,DELIVERED,0,0.0,0,0,N/A,NONE
2026-09-18T14:00:00+05:30,SH0308,Shipment,49,N/A,N/A,DELIVERED,0,0.0,0,0,N/A,NONE
2026-09-18T14:00:00+05:30,SH0309,Shipment,13,N/A,N/A,DELIVERED,0,0.0,0,0,N/A,NONE
2026-09-18T14:00:00+05:30,SH0310,Shipment,65,N/A,N/A,DELIVERED,0,0.0,0,0,N/A,NONE
2026-09-18T14:00:00+05:30,SH0311,Shipment,168,N/A,N/A,DELIVERED,0,0.0,0,0,N/A,NONE
2026-09-18T14:00:00+05:30,SH0312,Shipment,60,N/A,N/A,DELIVERED,0,0.0,0,0,N/A,NONE
2026-09-18T14:00:00+05:30,SH0313,Shipment,92,N/A,N/A,DELIVERED,0,0.0,0,0,N/A,NONE
2026-09-18T14:00:00+05:30,SH0314,Shipment,163,N/A,N/A,DELIVERED,0,0.0,0,0,N/A,NONE
2026-09-18T14:00:00+05:30,SH0315,Shipment,70,N/A,N/A,DELIVERED,0,0.0,0,0,N/A,NONE
2026-09-18T14:00:00+05:30,SH0316,Shipment,53,N/A,N/A,DELIVERED,0,0.0,0,0,N/A,NONE
2026-09-18T14:00:00+05:30,SH0317,Shipment,69,N/A,N/A,DELIVERED,0,0.0,0,0,N/A,NONE
2026-09-18T14:00:00+05:30,SH0318,Shipment,45,N/A,N/A,DELIVERED,0,0.0,0,0,N/A,NONE
2026-09-18T14:00:00+05:30,SH0319,Shipment,122,N/A,N/A,DELIVERED,0,0.0,0,0,N/A,NONE
2026-09-18T14:00:00+05:30,SH0320,Shipment,11,N/A,N/A,DELIVERED,0,0.0,0,0,N/A,NONE
2026-09-18T14:00:00+05:30,SH0321,Shipment,83,N/A,N/A,DELIVERED,0,0.0,0,0,N/A,NONE
2026-09-18T14:00:00+05:30,SH0322,Shipment,151,N/A,N/A,DELIVERED,0,0.0,0,0,N/A,NONE
2026-09-18T14:00:00+05:30,SH0323,Shipment,131,N/A,N/A,DELIVERED,0,0.0,0,0,N/A,NONE
2026-09-18T14:00:00+05:30,SH0324,Shipment,46,N/A,N/A,DELIVERED,0,0.0,0,0,N/A,NONE
2026-09-18T14:00:00+05:30,SH0325,Shipment,58,N/A,N/A,DELIVERED,0,0.0,0,0,N/A,NONE
2026-09-18T14:00:00+05:30,SH0326,Shipment,33,N/A,N/A,DELIVERED,0,0.0,0,0,N/A,NONE
2026-09-18T14:00:00+05:30,SH0327,Shipment,14,N/A,N/A,DELIVERED,0,0.0,0,0,N/A,NONE
2026-09-18T14:00:00+05:30,SH0328,Shipment,91,N/A,N/A,DELIVERED,0,0.0,0,0,N/A,NONE
2026-09-18T14:00:00+05:30,SH0329,Shipment,49,N/A,N/A,DELIVERED,0,0.0,0,0,N/A,NONE
2026-09-18T14:00:00+05:30,SH0330,Shipment,11,N/A,N/A,DELIVERED,0,0.0,0,0,N/A,NONE
2026-09-18T14:00:00+05:30,SH0331,Shipment,31,N/A,N/A,DELIVERED,0,0.0,0,0,N/A,NONE
2026-09-18T14:00:00+05:30,SH0332,Shipment,24,N/A,N/A,DELIVERED,0,0.0,0,0,N/A,NONE
2026-09-18T14:00:00+05:30,SH0333,Shipment,41,N/A,N/A,DELIVERED,0,0.0,0,0,N/A,NONE
2026-09-18T14:00:00+05:30,SH0334,Shipment,131,N/A,N/A,DELIVERED,0,0.0,0,0,N/A,NONE
2026-09-18T14:00:00+05:30,SH0335,Shipment,14,N/A,N/A,DELIVERED,0,0.0,0,0,N/A,NONE
2026-09-18T14:00:00+05:30,SH0336,Shipment,116,N/A,N/A,DELIVERED,0,0.0,0,0,N/A,NONE
2026-09-18T14:00:00+05:30,SH0337,Shipment,24,N/A,N/A,DELIVERED,0,0.0,0,0,N/A,NONE
2026-09-18T14:00:00+05:30,SH0338,Shipment,89,N/A,N/A,DELIVERED,0,0.0,0,0,N/A,NONE
2026-09-18T14:00:00+05:30,SH0339,Shipment,92,N/A,N/A,DELIVERED,0,0.0,0,0,N/A,NONE
2026-09-18T14:00:00+05:30,SH0340,Shipment,66,N/A,N/A,DELIVERED,0,0.0,0,0,N/A,NONE
2026-09-18T14:00:00+05:30,SH0341,Shipment,106,N/A,N/A,DELIVERED,0,0.0,0,0,N/A,NONE
2026-09-18T14:00:00+05:30,SH0342,Shipment,23,N/A,N/A,DELIVERED,0,0.0,0,0,N/A,NONE
2026-09-18T14:00:00+05:30,SH0343,Shipment,48,N/A,N/A,DELIVERED,0,0.0,0,0,N/A,NONE
2026-09-18T14:00:00+05:30,SH0344,Shipment,94,N/A,N/A,DELIVERED,0,0.0,0,0,N/A,NONE
2026-09-18T14:00:00+05:30,SH0345,Shipment,55,N/A,N/A,DELIVERED,0,0.0,0,0,N/A,NONE
2026-09-18T14:00:00+05:30,SH0346,Shipment,43,N/A,N/A,DELIVERED,0,0.0,0,0,N/A,NONE
2026-09-18T14:00:00+05:30,SH0347,Shipment,91,N/A,N/A,DELIVERED,0,0.0,0,0,N/A,NONE
2026-09-18T14:00:00+05:30,SH0348,Shipment,90,N/A,N/A,DELIVERED,0,0.0,0,0,N/A,NONE
2026-09-18T14:00:00+05:30,SH0349,Shipment,165,N/A,N/A,DELIVERED,0,0.0,0,0,N/A,NONE
2026-09-18T14:00:00+05:30,SH0350,Shipment,44,N/A,N/A,DELIVERED,0,0.0,0,0,N/A,NONE
2026-09-18T14:00:00+05:30,SH0351,Shipment,98,N/A,N/A,DELIVERED,0,0.0,0,0,N/A,NONE
2026-09-18T14:00:00+05:30,SH0352,Shipment,152,N/A,N/A,DELIVERED,0,0.0,0,0,N/A,NONE
2026-09-18T14:00:00+05:30,SH0353,Shipment,74,N/A,N/A,DELIVERED,0,0.0,0,0,N/A,NONE
2026-09-18T14:00:00+05:30,SH0354,Shipment,114,N/A,N/A,DELIVERED,0,0.0,0,0,N/A,NONE
2026-09-18T14:00:00+05:30,SH0355,Shipment,22,N/A,N/A,DELIVERED,0,0.0,0,0,N/A,NONE
2026-09-18T14:00:00+05:30,SH0356,Shipment,59,N/A,N/A,DELIVERED,0,0.0,0,0,N/A,NONE
2026-09-18T14:00:00+05:30,SH0357,Shipment,27,N/A,N/A,DELIVERED,0,0.0,0,0,N/A,NONE
2026-09-18T14:00:00+05:30,SH0358,Shipment,38,N/A,N/A,DELIVERED,0,0.0,0,0,N/A,NONE
2026-09-18T14:00:00+05:30,SH0359,Shipment,96,N/A,N/A,DELIVERED,0,0.0,0,0,N/A,NONE
2026-09-18T14:00:00+05:30,SH0360,Shipment,122,N/A,N/A,DELIVERED,0,0.0,0,0,N/A,NONE
2026-09-18T14:00:00+05:30,SH0361,Shipment,88,N/A,N/A,DELIVERED,0,0.0,0,0,N/A,NONE
2026-09-18T14:00:00+05:30,SH0362,Shipment,75,N/A,N/A,DELIVERED,0,0.0,0,0,N/A,NONE
2026-09-18T14:00:00+05:30,SH0363,Shipment,156,N/A,N/A,DELIVERED,0,0.0,0,0,N/A,NONE
2026-09-18T14:00:00+05:30,SH0364,Shipment,121,N/A,N/A,DELIVERED,0,0.0,0,0,N/A,NONE
2026-09-18T14:00:00+05:30,SH0365,Shipment,25,N/A,N/A,DELIVERED,0,0.0,0,0,N/A,NONE
2026-09-18T14:00:00+05:30,SH0366,Shipment,88,N/A,N/A,DELIVERED,0,0.0,0,0,N/A,NONE
2026-09-18T14:00:00+05:30,SH0367,Shipment,130,N/A,N/A,DELIVERED,0,0.0,0,0,N/A,NONE
2026-09-18T14:00:00+05:30,SH0368,Shipment,177,N/A,N/A,DELIVERED,0,0.0,0,0,N/A,NONE
2026-09-18T14:00:00+05:30,SH0369,Shipment,90,N/A,N/A,DELIVERED,0,0.0,0,0,N/A,NONE
2026-09-18T14:00:00+05:30,SH0370,Shipment,26,N/A,N/A,DELIVERED,0,0.0,0,0,N/A,NONE
2026-09-18T14:00:00+05:30,SH0371,Shipment,7,N/A,N/A,DELIVERED,0,0.0,0,0,N/A,NONE
2026-09-18T14:00:00+05:30,SH0372,Shipment,53,N/A,N/A,DELIVERED,0,0.0,0,0,N/A,NONE
2026-09-18T14:00:00+05:30,SH0373,Shipment,104,N/A,N/A,DELIVERED,0,0.0,0,0,N/A,NONE
2026-09-18T14:00:00+05:30,SH0374,Shipment,122,N/A,N/A,DELIVERED,0,0.0,0,0,N/A,NONE
2026-09-18T14:00:00+05:30,SH0375,Shipment,148,N/A,N/A,DELIVERED,0,0.0,0,0,N/A,NONE
2026-09-18T14:00:00+05:30,SH0376,Shipment,93,N/A,N/A,DELIVERED,0,0.0,0,0,N/A,NONE
2026-09-18T14:00:00+05:30,SH0377,Shipment,68,N/A,N/A,DELIVERED,0,0.0,0,0,N/A,NONE
2026-09-18T14:00:00+05:30,SH0378,Shipment,146,N/A,N/A,DELIVERED,0,0.0,0,0,N/A,NONE
2026-09-18T14:00:00+05:30,SH0379,Shipment,109,N/A,N/A,DELIVERED,0,0.0,0,0,N/A,NONE
2026-09-18T14:00:00+05:30,SH0380,Shipment,90,N/A,N/A,DELIVERED,0,0.0,0,0,N/A,NONE
2026-09-18T14:00:00+05:30,SH0381,Shipment,134,N/A,N/A,DELIVERED,0,0.0,0,0,N/A,NONE
2026-09-18T14:00:00+05:30,SH0382,Shipment,167,N/A,N/A,DELIVERED,0,0.0,0,0,N/A,NONE
2026-09-18T14:00:00+05:30,SH0383,Shipment,92,N/A,N/A,DELIVERED,0,0.0,0,0,N/A,NONE
2026-09-18T14:00:00+05:30,SH0384,Shipment,98,N/A,N/A,DELIVERED,0,0.0,0,0,N/A,NONE
2026-09-18T14:00:00+05:30,SH0385,Shipment,179,N/A,N/A,DELIVERED,0,0.0,0,0,N/A,NONE
2026-09-18T14:00:00+05:30,SH0386,Shipment,54,N/A,N/A,DELIVERED,0,0.0,0,0,N/A,NONE
2026-09-18T14:00:00+05:30,SH0387,Shipment,38,N/A,N/A,DELIVERED,0,0.0,0,0,N/A,NONE
2026-09-18T14:00:00+05:30,SH0388,Shipment,90,N/A,N/A,DELIVERED,0,0.0,0,0,N/A,NONE
2026-09-18T14:00:00+05:30,SH0389,Shipment,148,N/A,N/A,DELIVERED,0,0.0,0,0,N/A,NONE
2026-09-18T14:00:00+05:30,SH0390,Shipment,24,N/A,N/A,DELIVERED,0,0.0,0,0,N/A,NONE
2026-09-18T14:00:00+05:30,SH0391,Shipment,44,N/A,N/A,DELIVERED,0,0.0,0,0,N/A,NONE
2026-09-18T14:00:00+05:30,SH0392,Shipment,139,N/A,N/A,DELIVERED,0,0.0,0,0,N/A,NONE
2026-09-18T14:00:00+05:30,SH0393,Shipment,42,N/A,N/A,DELIVERED,0,0.0,0,0,N/A,NONE
2026-09-18T14:00:00+05:30,SH0394,Shipment,109,N/A,N/A,DELIVERED,0,0.0,0,0,N/A,NONE
2026-09-18T14:00:00+05:30,SH0395,Shipment,128,N/A,N/A,DELIVERED,0,0.0,0,0,N/A,NONE
2026-09-18T14:00:00+05:30,SH0396,Shipment,60,N/A,N/A,DELIVERED,0,0.0,0,0,N/A,NONE
2026-09-18T14:00:00+05:30,SH0397,Shipment,22,N/A,N/A,DELIVERED,0,0.0,0,0,N/A,NONE
2026-09-18T14:00:00+05:30,SH0398,Shipment,151,N/A,N/A,DELIVERED,0,0.0,0,0,N/A,NONE
2026-09-18T14:00:00+05:30,SH0399,Shipment,44,N/A,N/A,DELIVERED,0,0.0,0,0,N/A,NONE
2026-09-18T14:00:00+05:30,SH0400,Shipment,109,N/A,N/A,DELIVERED,0,0.0,0,0,N/A,NONE
2026-09-18T14:00:00+05:30,SH0401,Shipment,109,N/A,N/A,DELIVERED,0,0.0,0,0,N/A,NONE
2026-09-18T14:00:00+05:30,SH0402,Shipment,120,N/A,N/A,DELIVERED,0,0.0,0,0,N/A,NONE
2026-09-18T14:00:00+05:30,SH0403,Shipment,97,N/A,N/A,DELIVERED,0,0.0,0,0,N/A,NONE
2026-09-18T14:00:00+05:30,SH0404,Shipment,30,N/A,N/A,DELIVERED,0,0.0,0,0,N/A,NONE
2026-09-18T14:00:00+05:30,SH0405,Shipment,80,N/A,N/A,DELIVERED,0,0.0,0,0,N/A,NONE
2026-09-18T14:00:00+05:30,SH0406,Shipment,93,N/A,N/A,DELIVERED,0,0.0,0,0,N/A,NONE
2026-09-18T14:00:00+05:30,SH0407,Shipment,54,N/A,N/A,DELIVERED,0,0.0,0,0,N/A,NONE
2026-09-18T14:00:00+05:30,SH0408,Shipment,176,N/A,N/A,DELIVERED,0,0.0,0,0,N/A,NONE
2026-09-18T14:00:00+05:30,SH0409,Shipment,20,N/A,N/A,DELIVERED,0,0.0,0,0,N/A,NONE
2026-09-18T14:00:00+05:30,SH0410,Shipment,49,N/A,N/A,DELIVERED,0,0.0,0,0,N/A,NONE
2026-09-18T14:00:00+05:30,SH0411,Shipment,128,N/A,N/A,DELIVERED,0,0.0,0,0,N/A,NONE
2026-09-18T14:00:00+05:30,SH0412,Shipment,94,N/A,N/A,DELIVERED,0,0.0,0,0,N/A,NONE
2026-09-18T14:00:00+05:30,SH0413,Shipment,20,N/A,N/A,DELIVERED,0,0.0,0,0,N/A,NONE
2026-09-18T14:00:00+05:30,SH0414,Shipment,76,N/A,N/A,DELIVERED,0,0.0,0,0,N/A,NONE
2026-09-18T14:00:00+05:30,SH0415,Shipment,56,N/A,N/A,DELIVERED,0,0.0,0,0,N/A,NONE
2026-09-18T14:00:00+05:30,SH0416,Shipment,87,N/A,N/A,DELIVERED,0,0.0,0,0,N/A,NONE
2026-09-18T14:00:00+05:30,SH0417,Shipment,24,N/A,N/A,DELIVERED,0,0.0,0,0,N/A,NONE
2026-09-18T14:00:00+05:30,SH0418,Shipment,30,N/A,N/A,DELIVERED,0,0.0,0,0,N/A,NONE
2026-09-18T14:00:00+05:30,SH0419,Shipment,43,N/A,N/A,DELIVERED,0,0.0,0,0,N/A,NONE
2026-09-18T14:00:00+05:30,SH0420,Shipment,26,N/A,N/A,DELIVERED,0,0.0,0,0,N/A,NONE
2026-09-18T14:00:00+05:30,SH0421,Shipment,52,N/A,N/A,DELIVERED,0,0.0,0,0,N/A,NONE
2026-09-18T14:00:00+05:30,SH0422,Shipment,174,N/A,N/A,DELIVERED,0,0.0,0,0,N/A,NONE
2026-09-18T14:00:00+05:30,SH0423,Shipment,118,N/A,N/A,DELIVERED,0,0.0,0,0,N/A,NONE
2026-09-18T14:00:00+05:30,SH0424,Shipment,169,N/A,N/A,DELIVERED,0,0.0,0,0,N/A,NONE
2026-09-18T14:00:00+05:30,SH0425,Shipment,59,N/A,N/A,DELIVERED,0,0.0,0,0,N/A,NONE
2026-09-18T14:00:00+05:30,SH0426,Shipment,54,N/A,N/A,DELIVERED,0,0.0,0,0,N/A,NONE
2026-09-18T14:00:00+05:30,SH0427,Shipment,30,N/A,N/A,DELIVERED,0,0.0,0,0,N/A,NONE
2026-09-18T14:00:00+05:30,SH0428,Shipment,87,N/A,N/A,DELIVERED,0,0.0,0,0,N/A,NONE
2026-09-18T14:00:00+05:30,SH0429,Shipment,91,N/A,N/A,DELIVERED,0,0.0,0,0,N/A,NONE
2026-09-18T14:00:00+05:30,SH0430,Shipment,34,N/A,N/A,DELIVERED,0,0.0,0,0,N/A,NONE
2026-09-18T14:00:00+05:30,SH0431,Shipment,30,N/A,N/A,DELIVERED,0,0.0,0,0,N/A,NONE
2026-09-18T14:00:00+05:30,SH0432,Shipment,70,N/A,N/A,DELIVERED,0,0.0,0,0,N/A,NONE
2026-09-18T14:00:00+05:30,SH0433,Shipment,40,N/A,N/A,DELIVERED,0,0.0,0,0,N/A,NONE
2026-09-18T14:00:00+05:30,SH0434,Shipment,143,N/A,N/A,DELIVERED,0,0.0,0,0,N/A,NONE
2026-09-18T14:00:00+05:30,SH0435,Shipment,103,N/A,N/A,DELIVERED,0,0.0,0,0,N/A,NONE
2026-09-18T14:00:00+05:30,SH0436,Shipment,145,N/A,N/A,DELIVERED,0,0.0,0,0,N/A,NONE
2026-09-18T14:00:00+05:30,SH0437,Shipment,119,N/A,N/A,DELIVERED,0,0.0,0,0,N/A,NONE
2026-09-18T14:00:00+05:30,SH0438,Shipment,48,N/A,N/A,DELIVERED,0,0.0,0,0,N/A,NONE
2026-09-18T14:00:00+05:30,SH0439,Shipment,96,N/A,N/A,DELIVERED,0,0.0,0,0,N/A,NONE
2026-09-18T14:00:00+05:30,SH0440,Shipment,118,N/A,N/A,DELIVERED,0,0.0,0,0,N/A,NONE
2026-09-18T14:00:00+05:30,SH0441,Shipment,16,N/A,N/A,DELIVERED,0,0.0,0,0,N/A,NONE
2026-09-18T14:00:00+05:30,SH0442,Shipment,22,N/A,N/A,DELIVERED,0,0.0,0,0,N/A,NONE
2026-09-18T14:00:00+05:30,SH0443,Shipment,17,N/A,N/A,DELIVERED,0,0.0,0,0,N/A,NONE
2026-09-18T14:00:00+05:30,SH0444,Shipment,170,N/A,N/A,DELIVERED,0,0.0,0,0,N/A,NONE
2026-09-18T14:00:00+05:30,SH0445,Shipment,31,N/A,N/A,DELIVERED,0,0.0,0,0,N/A,NONE
2026-09-18T14:00:00+05:30,SH0446,Shipment,33,N/A,N/A,DELIVERED,0,0.0,0,0,N/A,NONE
2026-09-18T14:00:00+05:30,SH0447,Shipment,101,N/A,N/A,DELIVERED,0,0.0,0,0,N/A,NONE
2026-09-18T14:00:00+05:30,SH0448,Shipment,12,N/A,N/A,DELIVERED,0,0.0,0,0,N/A,NONE
2026-09-18T14:00:00+05:30,SH0449,Shipment,17,N/A,N/A,DELIVERED,0,0.0,0,0,N/A,NONE
2026-09-18T14:00:00+05:30,SH0450,Shipment,143,N/A,N/A,DELIVERED,0,0.0,0,0,N/A,NONE
2026-09-18T14:00:00+05:30,SH0451,Shipment,136,N/A,N/A,DELIVERED,0,0.0,0,0,N/A,NONE
2026-09-18T14:00:00+05:30,SH0452,Shipment,35,N/A,N/A,DELIVERED,0,0.0,0,0,N/A,NONE
2026-09-18T14:00:00+05:30,SH0453,Shipment,124,N/A,N/A,DELIVERED,0,0.0,0,0,N/A,NONE
2026-09-18T14:00:00+05:30,SH0454,Shipment,58,N/A,N/A,DELIVERED,0,0.0,0,0,N/A,NONE
2026-09-18T14:00:00+05:30,SH0455,Shipment,33,N/A,N/A,DELIVERED,0,0.0,0,0,N/A,NONE
2026-09-18T14:00:00+05:30,SH0456,Shipment,138,N/A,N/A,DELIVERED,0,0.0,0,0,N/A,NONE
2026-09-18T14:00:00+05:30,SH0457,Shipment,140,N/A,N/A,DELIVERED,0,0.0,0,0,N/A,NONE
2026-09-18T14:00:00+05:30,SH0458,Shipment,59,N/A,N/A,DELIVERED,0,0.0,0,0,N/A,NONE
2026-09-18T14:00:00+05:30,SH0459,Shipment,96,N/A,N/A,DELIVERED,0,0.0,0,0,N/A,NONE
2026-09-18T14:00:00+05:30,SH0460,Shipment,134,N/A,N/A,DELIVERED,0,0.0,0,0,N/A,NONE
2026-09-18T14:00:00+05:30,SH0461,Shipment,39,N/A,N/A,DELIVERED,0,0.0,0,0,N/A,NONE
2026-09-18T14:00:00+05:30,SH0462,Shipment,170,N/A,N/A,DELIVERED,0,0.0,0,0,N/A,NONE
2026-09-18T14:00:00+05:30,SH0463,Shipment,135,N/A,N/A,DELIVERED,0,0.0,0,0,N/A,NONE
2026-09-18T14:00:00+05:30,SH0464,Shipment,49,N/A,N/A,DELIVERED,0,0.0,0,0,N/A,NONE
2026-09-18T14:00:00+05:30,SH0465,Shipment,71,N/A,N/A,DELIVERED,0,0.0,0,0,N/A,NONE
2026-09-18T14:00:00+05:30,SH0466,Shipment,36,N/A,N/A,DELIVERED,0,0.0,0,0,N/A,NONE
2026-09-18T14:00:00+05:30,SH0467,Shipment,32,N/A,N/A,DELIVERED,0,0.0,0,0,N/A,NONE
2026-09-18T14:00:00+05:30,SH0468,Shipment,135,N/A,N/A,DELIVERED,0,0.0,0,0,N/A,NONE
2026-09-18T14:00:00+05:30,SH0469,Shipment,39,N/A,N/A,DELIVERED,0,0.0,0,0,N/A,NONE
2026-09-18T14:00:00+05:30,SH0470,Shipment,124,N/A,N/A,DELIVERED,0,0.0,0,0,N/A,NONE
2026-09-18T14:00:00+05:30,SH0471,Shipment,117,N/A,N/A,DELIVERED,0,0.0,0,0,N/A,NONE
2026-09-18T14:00:00+05:30,SH0472,Shipment,40,N/A,N/A,DELIVERED,0,0.0,0,0,N/A,NONE
2026-09-18T14:00:00+05:30,SH0473,Shipment,80,N/A,N/A,DELIVERED,0,0.0,0,0,N/A,NONE
2026-09-18T14:00:00+05:30,SH0474,Shipment,63,N/A,N/A,DELIVERED,0,0.0,0,0,N/A,NONE
2026-09-18T14:00:00+05:30,SH0475,Shipment,37,N/A,N/A,DELIVERED,0,0.0,0,0,N/A,NONE
2026-09-18T14:00:00+05:30,SH0476,Shipment,79,N/A,N/A,DELIVERED,0,0.0,0,0,N/A,NONE
2026-09-18T14:00:00+05:30,SH0477,Shipment,79,N/A,N/A,DELIVERED,0,0.0,0,0,N/A,NONE
2026-09-18T14:00:00+05:30,SH0478,Shipment,49,N/A,N/A,DELIVERED,0,0.0,0,0,N/A,NONE
2026-09-18T14:00:00+05:30,SH0479,Shipment,144,N/A,N/A,DELIVERED,0,0.0,0,0,N/A,NONE
2026-09-18T14:00:00+05:30,SH0480,Shipment,5,N/A,N/A,DELIVERED,0,0.0,0,0,N/A,NONE
2026-09-18T14:00:00+05:30,SH0481,Shipment,35,N/A,N/A,DELIVERED,0,0.0,0,0,N/A,NONE
2026-09-18T14:00:00+05:30,SH0482,Shipment,118,N/A,N/A,DELIVERED,0,0.0,0,0,N/A,NONE
2026-09-18T14:00:00+05:30,SH0483,Shipment,60,N/A,N/A,DELIVERED,0,0.0,0,0,N/A,NONE
2026-09-18T14:00:00+05:30,SH0484,Shipment,42,N/A,N/A,DELIVERED,0,0.0,0,0,N/A,NONE
2026-09-18T14:00:00+05:30,SH0485,Shipment,173,N/A,N/A,DELIVERED,0,0.0,0,0,N/A,NONE
2026-09-18T14:00:00+05:30,SH0486,Shipment,49,N/A,N/A,DELIVERED,0,0.0,0,0,N/A,NONE
2026-09-18T14:00:00+05:30,SH0487,Shipment,112,N/A,N/A,DELIVERED,0,0.0,0,0,N/A,NONE
2026-09-18T14:00:00+05:30,SH0488,Shipment,50,N/A,N/A,DELIVERED,0,0.0,0,0,N/A,NONE
2026-09-18T14:00:00+05:30,SH0489,Shipment,75,N/A,N/A,DELIVERED,0,0.0,0,0,N/A,NONE
2026-09-18T14:00:00+05:30,SH0490,Shipment,70,N/A,N/A,DELIVERED,0,0.0,0,0,N/A,NONE
2026-09-18T14:00:00+05:30,SH0491,Shipment,60,N/A,N/A,DELIVERED,0,0.0,0,0,N/A,NONE
2026-09-18T14:00:00+05:30,SH0492,Shipment,81,N/A,N/A,DELIVERED,0,0.0,0,0,N/A,NONE
2026-09-18T14:00:00+05:30,SH0493,Shipment,137,N/A,N/A,DELIVERED,0,0.0,0,0,N/A,NONE
2026-09-18T14:00:00+05:30,SH0494,Shipment,36,N/A,N/A,DELIVERED,0,0.0,0,0,N/A,NONE
2026-09-18T14:00:00+05:30,SH0495,Shipment,69,N/A,N/A,DELIVERED,0,0.0,0,0,N/A,NONE
2026-09-18T14:00:00+05:30,SH0496,Shipment,128,N/A,N/A,DELIVERED,0,0.0,0,0,N/A,NONE
2026-09-18T14:00:00+05:30,SH0497,Shipment,27,N/A,N/A,DELIVERED,0,0.0,0,0,N/A,NONE
2026-09-18T14:00:00+05:30,SH0498,Shipment,104,N/A,N/A,DELIVERED,0,0.0,0,0,N/A,NONE
2026-09-18T14:00:00+05:30,SH0499,Shipment,175,N/A,N/A,DELIVERED,0,0.0,0,0,N/A,NONE
2026-09-18T14:00:00+05:30,SH0500,Shipment,13,N/A,N/A,DELIVERED,0,0.0,0,0,N/A,NONE
2026-09-18T14:00:00+05:30,SH0501,Shipment,179,N/A,N/A,DELIVERED,0,0.0,0,0,N/A,NONE
2026-09-18T14:00:00+05:30,SH0502,Shipment,164,N/A,N/A,DELIVERED,0,0.0,0,0,N/A,NONE
2026-09-18T14:00:00+05:30,SH0503,Shipment,32,N/A,N/A,DELIVERED,0,0.0,0,0,N/A,NONE
2026-09-18T14:00:00+05:30,SH0504,Shipment,124,N/A,N/A,DELIVERED,0,0.0,0,0,N/A,NONE
2026-09-18T14:00:00+05:30,SH0505,Shipment,18,N/A,N/A,DELIVERED,0,0.0,0,0,N/A,NONE
2026-09-18T14:00:00+05:30,SH0506,Shipment,91,N/A,N/A,DELIVERED,0,0.0,0,0,N/A,NONE
2026-09-18T14:00:00+05:30,SH0507,Shipment,146,N/A,N/A,DELIVERED,0,0.0,0,0,N/A,NONE
2026-09-18T14:00:00+05:30,SH0508,Shipment,118,N/A,N/A,DELIVERED,0,0.0,0,0,N/A,NONE
2026-09-18T14:00:00+05:30,SH0509,Shipment,14,N/A,N/A,DELIVERED,0,0.0,0,0,N/A,NONE
2026-09-18T14:00:00+05:30,SH0510,Shipment,105,N/A,N/A,DELIVERED,0,0.0,0,0,N/A,NONE
2026-09-18T14:00:00+05:30,SH0511,Shipment,51,N/A,N/A,DELIVERED,0,0.0,0,0,N/A,NONE
2026-09-18T14:00:00+05:30,SH0512,Shipment,20,N/A,N/A,DELIVERED,0,0.0,0,0,N/A,NONE
2026-09-18T14:00:00+05:30,SH0513,Shipment,96,N/A,N/A,DELIVERED,0,0.0,0,0,N/A,NONE
2026-09-18T14:00:00+05:30,SH0514,Shipment,34,N/A,N/A,DELIVERED,0,0.0,0,0,N/A,NONE
2026-09-18T14:00:00+05:30,SH0515,Shipment,92,N/A,N/A,DELIVERED,0,0.0,0,0,N/A,NONE
2026-09-18T14:00:00+05:30,SH0516,Shipment,30,N/A,N/A,DELIVERED,0,0.0,0,0,N/A,NONE
2026-09-18T14:00:00+05:30,SH0517,Shipment,147,N/A,N/A,DELIVERED,0,0.0,0,0,N/A,NONE
2026-09-18T14:00:00+05:30,SH0518,Shipment,141,N/A,N/A,DELIVERED,0,0.0,0,0,N/A,NONE
2026-09-18T14:00:00+05:30,SH0519,Shipment,121,N/A,N/A,DELIVERED,0,0.0,0,0,N/A,NONE
2026-09-18T14:00:00+05:30,SH0520,Shipment,58,N/A,N/A,DELIVERED,0,0.0,0,0,N/A,NONE
2026-09-18T14:00:00+05:30,SH0521,Shipment,68,N/A,N/A,DELIVERED,0,0.0,0,0,N/A,NONE
2026-09-18T14:00:00+05:30,SH0522,Shipment,21,N/A,N/A,DELIVERED,0,0.0,0,0,N/A,NONE
2026-09-18T14:00:00+05:30,SH0523,Shipment,18,N/A,N/A,DELIVERED,0,0.0,0,0,N/A,NONE
2026-09-18T14:00:00+05:30,SH0524,Shipment,173,N/A,N/A,DELIVERED,0,0.0,0,0,N/A,NONE
2026-09-18T14:00:00+05:30,SH0525,Shipment,27,N/A,N/A,DELIVERED,0,0.0,0,0,N/A,NONE
2026-09-18T14:00:00+05:30,SH0526,Shipment,135,N/A,N/A,DELIVERED,0,0.0,0,0,N/A,NONE
2026-09-18T14:00:00+05:30,SH0527,Shipment,17,N/A,N/A,DELIVERED,0,0.0,0,0,N/A,NONE
2026-09-18T14:00:00+05:30,SH0528,Shipment,67,N/A,N/A,DELIVERED,0,0.0,0,0,N/A,NONE
2026-09-18T14:00:00+05:30,SH0529,Shipment,53,N/A,N/A,DELIVERED,0,0.0,0,0,N/A,NONE
2026-09-18T14:00:00+05:30,SH0530,Shipment,23,N/A,N/A,DELIVERED,0,0.0,0,0,N/A,NONE
2026-09-18T14:00:00+05:30,SH0531,Shipment,43,N/A,N/A,DELIVERED,0,0.0,0,0,N/A,NONE
2026-09-18T14:00:00+05:30,SH0532,Shipment,27,N/A,N/A,DELIVERED,0,0.0,0,0,N/A,NONE
2026-09-18T14:00:00+05:30,SH0533,Shipment,129,N/A,N/A,DELIVERED,0,0.0,0,0,N/A,NONE
2026-09-18T14:00:00+05:30,SH0534,Shipment,63,N/A,N/A,DELIVERED,0,0.0,0,0,N/A,NONE
2026-09-18T14:00:00+05:30,SH0535,Shipment,40,N/A,N/A,DELIVERED,0,0.0,0,0,N/A,NONE
2026-09-18T14:00:00+05:30,SH0536,Shipment,31,N/A,N/A,DELIVERED,0,0.0,0,0,N/A,NONE
2026-09-18T14:00:00+05:30,SH0537,Shipment,95,N/A,N/A,DELIVERED,0,0.0,0,0,N/A,NONE
2026-09-18T14:00:00+05:30,SH0538,Shipment,139,N/A,N/A,DELIVERED,0,0.0,0,0,N/A,NONE
2026-09-18T14:00:00+05:30,SH0539,Shipment,83,N/A,N/A,DELIVERED,0,0.0,0,0,N/A,NONE
2026-09-18T14:00:00+05:30,SH0540,Shipment,99,N/A,N/A,DELIVERED,0,0.0,0,0,N/A,NONE
2026-09-18T14:00:00+05:30,SH0541,Shipment,160,N/A,N/A,DELIVERED,0,0.0,0,0,N/A,NONE
2026-09-18T14:00:00+05:30,SH0542,Shipment,125,N/A,N/A,DELIVERED,0,0.0,0,0,N/A,NONE
2026-09-18T14:00:00+05:30,SH0543,Shipment,121,N/A,N/A,DELIVERED,0,0.0,0,0,N/A,NONE
2026-09-18T14:00:00+05:30,SH0544,Shipment,68,N/A,N/A,DELIVERED,0,0.0,0,0,N/A,NONE
2026-09-18T14:00:00+05:30,SH0545,Shipment,13,N/A,N/A,DELIVERED,0,0.0,0,0,N/A,NONE
2026-09-18T14:00:00+05:30,SH0546,Shipment,154,N/A,N/A,DELIVERED,0,0.0,0,0,N/A,NONE
2026-09-18T14:00:00+05:30,SH0547,Shipment,55,N/A,N/A,DELIVERED,0,0.0,0,0,N/A,NONE
2026-09-18T14:00:00+05:30,SH0548,Shipment,32,N/A,N/A,DELIVERED,0,0.0,0,0,N/A,NONE
2026-09-18T14:00:00+05:30,SH0549,Shipment,95,N/A,N/A,DELIVERED,0,0.0,0,0,N/A,NONE
2026-09-18T14:00:00+05:30,SH0550,Shipment,42,N/A,N/A,DELIVERED,0,0.0,0,0,N/A,NONE
2026-09-18T14:00:00+05:30,SH0551,Shipment,85,N/A,N/A,DELIVERED,0,0.0,0,0,N/A,NONE
2026-09-18T14:00:00+05:30,SH0552,Shipment,49,N/A,N/A,DELIVERED,0,0.0,0,0,N/A,NONE
2026-09-18T14:00:00+05:30,SH0553,Shipment,99,N/A,N/A,DELIVERED,0,0.0,0,0,N/A,NONE
2026-09-18T14:00:00+05:30,SH0554,Shipment,84,N/A,N/A,DELIVERED,0,0.0,0,0,N/A,NONE
2026-09-18T14:00:00+05:30,SH0555,Shipment,52,N/A,N/A,DELIVERED,0,0.0,0,0,N/A,NONE
2026-09-18T14:00:00+05:30,SH0556,Shipment,73,N/A,N/A,DELIVERED,0,0.0,0,0,N/A,NONE
2026-09-18T14:00:00+05:30,SH0557,Shipment,74,N/A,N/A,DELIVERED,0,0.0,0,0,N/A,NONE
2026-09-18T14:00:00+05:30,SH0558,Shipment,25,N/A,N/A,DELIVERED,0,0.0,0,0,N/A,NONE
2026-09-18T14:00:00+05:30,SH0559,Shipment,38,N/A,N/A,DELIVERED,0,0.0,0,0,N/A,NONE
2026-09-18T14:00:00+05:30,SH0560,Shipment,16,N/A,N/A,DELIVERED,0,0.0,0,0,N/A,NONE
2026-09-18T14:00:00+05:30,SH0561,Shipment,44,N/A,N/A,DELIVERED,0,0.0,0,0,N/A,NONE
2026-09-18T14:00:00+05:30,SH0562,Shipment,128,N/A,N/A,DELIVERED,0,0.0,0,0,N/A,NONE
2026-09-18T14:00:00+05:30,SH0563,Shipment,22,N/A,N/A,DELIVERED,0,0.0,0,0,N/A,NONE
2026-09-18T14:00:00+05:30,SH0564,Shipment,96,N/A,N/A,DELIVERED,0,0.0,0,0,N/A,NONE
2026-09-18T14:00:00+05:30,SH0565,Shipment,101,N/A,N/A,DELIVERED,0,0.0,0,0,N/A,NONE
2026-09-18T14:00:00+05:30,SH0566,Shipment,77,N/A,N/A,DELIVERED,0,0.0,0,0,N/A,NONE
2026-09-18T14:00:00+05:30,SH0567,Shipment,32,N/A,N/A,DELIVERED,0,0.0,0,0,N/A,NONE
2026-09-18T14:00:00+05:30,SH0568,Shipment,155,N/A,N/A,DELIVERED,0,0.0,0,0,N/A,NONE
2026-09-18T14:00:00+05:30,SH0569,Shipment,48,N/A,N/A,DELIVERED,0,0.0,0,0,N/A,NONE
2026-09-18T14:00:00+05:30,SH0570,Shipment,91,N/A,N/A,DELIVERED,0,0.0,0,0,N/A,NONE
2026-09-18T14:00:00+05:30,SH0571,Shipment,132,N/A,N/A,DELIVERED,0,0.0,0,0,N/A,NONE
2026-09-18T14:00:00+05:30,SH0572,Shipment,74,N/A,N/A,DELIVERED,0,0.0,0,0,N/A,NONE
2026-09-18T14:00:00+05:30,SH0573,Shipment,176,N/A,N/A,DELIVERED,0,0.0,0,0,N/A,NONE
2026-09-18T14:00:00+05:30,SH0574,Shipment,20,N/A,N/A,DELIVERED,0,0.0,0,0,N/A,NONE
2026-09-18T14:00:00+05:30,SH0575,Shipment,75,N/A,N/A,DELIVERED,0,0.0,0,0,N/A,NONE
2026-09-18T14:00:00+05:30,SH0576,Shipment,43,N/A,N/A,DELIVERED,0,0.0,0,0,N/A,NONE
2026-09-18T14:00:00+05:30,SH0577,Shipment,69,N/A,N/A,DELIVERED,0,0.0,0,0,N/A,NONE
2026-09-18T14:00:00+05:30,SH0578,Shipment,108,N/A,N/A,DELIVERED,0,0.0,0,0,N/A,NONE
2026-09-18T14:00:00+05:30,SH0579,Shipment,39,N/A,N/A,DELIVERED,0,0.0,0,0,N/A,NONE
2026-09-18T14:00:00+05:30,SH0580,Shipment,52,N/A,N/A,DELIVERED,0,0.0,0,0,N/A,NONE
2026-09-18T14:00:00+05:30,SH0581,Shipment,178,N/A,N/A,DELIVERED,0,0.0,0,0,N/A,NONE
2026-09-18T14:00:00+05:30,SH0582,Shipment,129,N/A,N/A,DELIVERED,0,0.0,0,0,N/A,NONE
2026-09-18T14:00:00+05:30,SH0583,Shipment,46,N/A,N/A,DELIVERED,0,0.0,0,0,N/A,NONE
2026-09-18T14:00:00+05:30,SH0584,Shipment,85,N/A,N/A,DELIVERED,0,0.0,0,0,N/A,NONE
2026-09-18T14:00:00+05:30,SH0585,Shipment,23,N/A,N/A,DELIVERED,0,0.0,0,0,N/A,NONE
2026-09-18T14:00:00+05:30,SH0586,Shipment,71,N/A,N/A,DELIVERED,0,0.0,0,0,N/A,NONE
2026-09-18T14:00:00+05:30,SH0587,Shipment,25,N/A,N/A,DELIVERED,0,0.0,0,0,N/A,NONE
2026-09-18T14:00:00+05:30,SH0588,Shipment,128,N/A,N/A,DELIVERED,0,0.0,0,0,N/A,NONE
2026-09-18T14:00:00+05:30,SH0589,Shipment,41,N/A,N/A,DELIVERED,0,0.0,0,0,N/A,NONE
2026-09-18T14:00:00+05:30,SH0590,Shipment,53,N/A,N/A,DELIVERED,0,0.0,0,0,N/A,NONE
2026-09-18T14:00:00+05:30,SH0591,Shipment,7,N/A,N/A,DELIVERED,0,0.0,0,0,N/A,NONE
2026-09-18T14:00:00+05:30,SH0592,Shipment,143,N/A,N/A,DELIVERED,0,0.0,0,0,N/A,NONE
2026-09-18T14:00:00+05:30,SH0593,Shipment,65,N/A,N/A,DELIVERED,0,0.0,0,0,N/A,NONE
2026-09-18T14:00:00+05:30,SH0594,Shipment,143,N/A,N/A,DELIVERED,0,0.0,0,0,N/A,NONE
2026-09-18T14:00:00+05:30,SH0595,Shipment,59,N/A,N/A,DELIVERED,0,0.0,0,0,N/A,NONE
2026-09-18T14:00:00+05:30,SH0596,Shipment,51,N/A,N/A,DELIVERED,0,0.0,0,0,N/A,NONE
2026-09-18T14:00:00+05:30,SH0597,Shipment,87,N/A,N/A,DELIVERED,0,0.0,0,0,N/A,NONE
2026-09-18T14:00:00+05:30,SH0598,Shipment,103,N/A,N/A,DELIVERED,0,0.0,0,0,N/A,NONE
2026-09-18T14:00:00+05:30,SH0599,Shipment,176,N/A,N/A,DELIVERED,0,0.0,0,0,N/A,NONE
2026-09-18T14:00:00+05:30,SH0600,Shipment,79,N/A,N/A,DELIVERED,0,0.0,0,0,N/A,NONE
