Shipment_ID,Supplier_ID,Origin,Destination,Product_ID,Quantity,Departure_Date,Expected_Arrival_Date,Actual_Arrival_Date,Status,Route_ID,Transport_Mode
SH0001,S015,S015,W03,P009,133,2026-07-19,2026-07-20,2026-07-21,DELIVERED,R045,Truck
SH0002,S015,S015,W03,P009,48,2026-07-12,2026-07-13,2026-07-13,DELIVERED,R045,Truck
SH0003,S009,S009,W03,P009,71,2026-08-21,2026-08-22,2026-08-22,DELIVERED,R003,Truck
SH0004,S015,S015,W03,P006,95,2026-06-03,2026-06-04,2026-06-04,DELIVERED,R045,Truck
SH0005,S006,S006,W05,P006,35,2026-06-14,2026-06-15,2026-06-15,DELIVERED,R002,Truck
SH0006,,W02,C008,P013,40,2026-06-03,2026-06-04,2026-06-05,DELIVERED,R006,Truck
SH0007,S002,S002,W03,P002,26,2026-06-08,2026-06-09,2026-06-09,DELIVERED,R026,Truck
SH0008,S008,S008,W02,P001,76,2026-07-23,2026-07-24,2026-07-25,DELIVERED,R016,Truck
SH0009,,F02,W03,P013,90,2026-07-12,2026-07-13,2026-07-13,DELIVERED,R025,Truck
SH0010,S009,S009,W02,P009,174,2026-07-02,2026-07-03,2026-07-04,DELIVERED,R013,Truck
SH0011,,W03,C013,P013,32,2026-08-13,2026-08-14,2026-08-14,DELIVERED,R035,Truck
SH0012,S002,S002,W03,P009,41,2026-08-20,2026-08-21,2026-08-21,DELIVERED,R026,Truck
SH0013,S006,S006,W05,P003,60,2026-08-13,2026-08-14,2026-08-16,DELIVERED,R002,Truck
SH0014,S002,S002,W03,P005,73,2026-06-05,2026-06-06,2026-06-08,DELIVERED,R026,Truck
SH0015,S002,S002,W03,P010,24,2026-07-11,2026-07-12,2026-07-12,DELIVERED,R026,Truck
SH0016,S006,S006,W05,P006,38,2026-08-19,2026-08-20,2026-08-22,DELIVERED,R002,Truck
SH0017,,W03,C010,P015,34,2026-07-17,2026-07-18,2026-07-19,DELIVERED,R031,Truck
SH0018,S015,S015,W03,P002,66,2026-07-12,2026-07-13,2026-07-13,DELIVERED,R045,Truck
SH0019,S003,S003,W01,P006,158,2026-06-09,2026-06-10,2026-06-10,DELIVERED,R033,Truck
SH0020,S002,S002,W03,P005,69,2026-06-28,2026-06-29,2026-06-29,DELIVERED,R026,Truck
SH0021,,W03,C014,P014,28,2026-08-07,2026-08-08,2026-08-09,DELIVERED,R028,Truck
SH0022,S002,S002,W03,P005,108,2026-07-22,2026-07-23,2026-07-23,DELIVERED,R026,Truck
SH0023,,W02,C010,P015,56,2026-07-05,2026-07-06,2026-07-06,DELIVERED,R020,Truck
SH0024,,W02,C010,P015,53,2026-07-14,2026-07-15,2026-07-15,DELIVERED,R020,Truck
SH0025,S003,S003,W01,P005,171,2026-07-12,2026-07-13,2026-07-13,DELIVERED,R033,Truck
SH0026,,W03,F01,P001,17,2026-06-21,2026-06-22,2026-06-22,DELIVERED,R038,Truck
SH0027,S007,S007,W02,P006,76,2026-06-29,2026-06-30,2026-06-30,DELIVERED,R007,Truck
SH0028,S015,S015,W03,P008,149,2026-06-25,2026-06-26,2026-06-28,DELIVERED,R045,Truck
SH0029,S009,S009,W02,P009,74,2026-08-03,2026-08-04,2026-08-06,DELIVERED,R013,Truck
SH0030,S007,S007,W02,P006,50,2026-06-09,2026-06-10,2026-06-11,DELIVERED,R007,Truck
SH0031,S009,S009,W03,P001,127,2026-08-10,2026-08-11,2026-08-12,DELIVERED,R003,Truck
SH0032,S002,S002,W03,P008,161,2026-08-05,2026-08-06,2026-08-06,DELIVERED,R026,Truck
SH0033,S007,S007,W02,P008,25,2026-07-15,2026-07-16,2026-07-16,DELIVERED,R007,Truck
SH0034,,W02,C018,P013,7,2026-06-02,2026-06-03,2026-06-03,DELIVERED,R018,Truck
SH0035,S003,S003,W02,P008,67,2026-07-01,2026-07-02,2026-07-02,DELIVERED,R024,Truck
SH0036,S015,S015,W03,P008,96,2026-07-18,2026-07-19,2026-07-20,DELIVERED,R045,Truck
SH0037,S003,S003,W02,P006,157,2026-06-28,2026-06-29,2026-06-29,DELIVERED,R024,Truck
SH0038,S007,S007,W02,P003,113,2026-08-13,2026-08-14,2026-08-14,DELIVERED,R007,Truck
SH0039,S002,S002,W03,P010,130,2026-06-29,2026-06-30,2026-06-30,DELIVERED,R026,Truck
SH0040,,W03,F02,P004,68,2026-07-04,2026-07-05,2026-07-05,DELIVERED,R021,Truck
SH0041,S007,S007,W02,P009,20,2026-08-15,2026-08-16,2026-08-16,DELIVERED,R007,Truck
SH0042,S001,S001,W03,P006,156,2026-06-02,2026-06-03,2026-06-03,DELIVERED,R040,Truck
SH0043,S007,S007,W02,P009,136,2026-07-07,2026-07-08,2026-07-09,DELIVERED,R007,Truck
SH0044,S001,S001,W03,P005,166,2026-07-15,2026-07-16,2026-07-16,DELIVERED,R040,Truck
SH0045,S006,S006,W05,P002,25,2026-06-25,2026-06-26,2026-06-26,DELIVERED,R002,Truck
SH0046,,W02,C016,P011,31,2026-08-18,2026-08-19,2026-08-20,DELIVERED,R030,Truck
SH0047,S015,S015,W03,P006,52,2026-07-18,2026-07-19,2026-07-20,DELIVERED,R045,Truck
SH0048,,W03,C013,P013,35,2026-08-19,2026-08-20,2026-08-22,DELIVERED,R035,Truck
SH0049,S009,S009,W02,P001,42,2026-06-23,2026-06-24,2026-06-26,DELIVERED,R013,Truck
SH0050,S002,S002,W03,P002,131,2026-06-21,2026-06-22,2026-06-24,DELIVERED,R026,Truck
SH0051,,W01,F03,P001,32,2026-08-02,2026-08-03,2026-08-05,DELIVERED,R037,Truck
SH0052,,W03,C009,P014,51,2026-06-07,2026-06-08,2026-06-09,DELIVERED,R044,Truck
SH0053,S002,S002,W03,P009,130,2026-07-11,2026-07-12,2026-07-13,DELIVERED,R026,Truck
SH0054,,W02,C010,P015,8,2026-07-15,2026-07-16,2026-07-18,DELIVERED,R020,Truck
SH0055,S008,S008,W02,P001,99,2026-08-17,2026-08-18,2026-08-18,DELIVERED,R016,Truck
SH0056,,W02,C017,P012,49,2026-08-09,2026-08-10,2026-08-10,DELIVERED,R009,Truck
SH0057,S009,S009,W03,P001,60,2026-08-14,2026-08-15,2026-08-15,DELIVERED,R003,Truck
SH0058,,F01,W03,P011,122,2026-07-27,2026-07-28,2026-07-30,DELIVERED,R036,Truck
SH0059,S002,S002,W03,P008,101,2026-07-16,2026-07-17,2026-07-17,DELIVERED,R026,Truck
SH0060,S009,S009,W03,P009,118,2026-06-20,2026-06-21,2026-06-21,DELIVERED,R003,Truck
SH0061,S015,S015,W03,P005,145,2026-07-31,2026-08-01,2026-08-01,DELIVERED,R045,Truck
SH0062,S002,S002,W03,P007,65,2026-08-13,2026-08-14,2026-08-14,DELIVERED,R026,Truck
SH0063,S007,S007,W02,P003,125,2026-06-10,2026-06-11,2026-06-11,DELIVERED,R007,Truck
SH0064,S007,S007,W02,P006,76,2026-07-15,2026-07-16,2026-07-17,DELIVERED,R007,Truck
SH0065,S002,S002,W03,P007,160,2026-07-29,2026-07-30,2026-08-01,DELIVERED,R026,Truck
SH0066,S008,S008,W02,P002,136,2026-07-18,2026-07-19,2026-07-19,DELIVERED,R016,Truck
SH0067,S015,S015,W03,P008,177,2026-07-09,2026-07-10,2026-07-10,DELIVERED,R045,Truck
SH0068,,F03,W01,P011,39,2026-07-18,2026-07-19,2026-07-21,DELIVERED,R039,Truck
SH0069,S007,S007,W02,P009,71,2026-07-08,2026-07-09,2026-07-09,DELIVERED,R007,Truck
SH0070,S015,S015,W03,P006,70,2026-06-23,2026-06-24,2026-06-25,DELIVERED,R045,Truck
SH0071,S003,S003,W01,P005,26,2026-08-14,2026-08-15,2026-08-15,DELIVERED,R033,Truck
SH0072,S002,S002,W03,P007,43,2026-06-29,2026-06-30,2026-06-30,DELIVERED,R026,Truck
SH0073,,W03,F01,P007,78,2026-06-23,2026-06-24,2026-06-24,DELIVERED,R038,Truck
SH0074,,W03,C010,P015,50,2026-06-04,2026-06-05,2026-06-06,DELIVERED,R031,Truck
SH0075,,W02,C002,P012,35,2026-07-25,2026-07-26,2026-07-26,DELIVERED,R012,Truck
SH0076,S001,S001,W03,P007,45,2026-08-24,2026-08-25,2026-08-26,DELIVERED,R040,Truck
SH0077,,W01,C016,P011,21,2026-08-19,2026-08-20,2026-08-20,DELIVERED,R042,Truck
SH0078,,W02,C018,P013,6,2026-06-02,2026-06-03,2026-06-03,DELIVERED,R018,Truck
SH0079,,W02,C001,P011,19,2026-07-09,2026-07-10,2026-07-10,DELIVERED,R014,Truck
SH0080,,W01,C016,P011,24,2026-06-01,2026-06-02,2026-06-02,DELIVERED,R042,Truck
SH0081,S006,S006,W05,P002,140,2026-06-08,2026-06-09,2026-06-10,DELIVERED,R002,Truck
SH0082,S002,S002,W03,P008,82,2026-06-26,2026-06-27,2026-06-27,DELIVERED,R026,Truck
SH0083,S006,S006,W05,P002,174,2026-08-09,2026-08-10,2026-08-10,DELIVERED,R002,Truck
SH0084,S009,S009,W03,P001,146,2026-07-17,2026-07-18,2026-07-18,DELIVERED,R003,Truck
SH0085,S008,S008,W02,P001,108,2026-07-29,2026-07-30,2026-07-30,DELIVERED,R016,Truck
SH0086,,W02,C002,P012,50,2026-07-07,2026-07-08,2026-07-10,DELIVERED,R012,Truck
SH0087,S003,S003,W02,P003,67,2026-07-18,2026-07-19,2026-07-19,DELIVERED,R024,Truck
SH0088,S008,S008,W02,P001,132,2026-06-07,2026-06-08,2026-06-10,DELIVERED,R016,Truck
SH0089,,W03,C002,P012,35,2026-07-17,2026-07-18,2026-07-19,DELIVERED,R004,Truck
SH0090,S003,S003,W02,P006,54,2026-07-28,2026-07-29,2026-07-29,DELIVERED,R024,Truck
SH0091,,F03,W01,P014,47,2026-07-23,2026-07-24,2026-07-24,DELIVERED,R039,Truck
SH0092,S006,S006,W05,P003,178,2026-06-01,2026-06-02,2026-06-04,DELIVERED,R002,Truck
SH0093,,W02,C016,P011,34,2026-07-22,2026-07-23,2026-07-23,DELIVERED,R030,Truck
SH0094,S002,S002,W03,P008,150,2026-06-20,2026-06-21,2026-06-22,DELIVERED,R026,Truck
SH0095,,F03,W01,P014,64,2026-07-04,2026-07-05,2026-07-05,DELIVERED,R039,Truck
SH0096,,W02,C010,P015,54,2026-07-06,2026-07-07,2026-07-09,DELIVERED,R020,Truck
SH0097,S015,S015,W03,P002,20,2026-07-22,2026-07-23,2026-07-24,DELIVERED,R045,Truck
SH0098,,W03,C014,P014,44,2026-06-03,2026-06-04,2026-06-04,DELIVERED,R028,Truck
SH0099,,F03,W01,P013,75,2026-08-08,2026-08-09,2026-08-10,DELIVERED,R039,Truck
SH0100,,W03,F01,P005,35,2026-07-15,2026-07-16,2026-07-18,DELIVERED,R038,Truck
SH0101,S015,S015,W03,P009,39,2026-08-23,2026-08-24,2026-08-24,DELIVERED,R045,Truck
SH0102,,W03,C014,P014,29,2026-08-18,2026-08-19,2026-08-21,DELIVERED,R028,Truck
SH0103,,F03,W01,P015,99,2026-08-12,2026-08-13,2026-08-13,DELIVERED,R039,Truck
SH0104,S002,S002,W03,P008,149,2026-08-05,2026-08-06,2026-08-06,DELIVERED,R026,Truck
SH0105,S009,S009,W02,P001,158,2026-08-11,2026-08-12,2026-08-12,DELIVERED,R013,Truck
SH0106,S015,S015,W03,P002,147,2026-07-14,2026-07-15,2026-07-17,DELIVERED,R045,Truck
SH0107,S008,S008,W02,P002,37,2026-08-19,2026-08-20,2026-08-20,DELIVERED,R016,Truck
SH0108,S007,S007,W02,P008,174,2026-07-12,2026-07-13,2026-07-13,DELIVERED,R007,Truck
SH0109,S002,S002,W03,P007,22,2026-06-03,2026-06-04,2026-06-04,DELIVERED,R026,Truck
SH0110,S001,S001,W03,P007,120,2026-07-30,2026-07-31,2026-07-31,DELIVERED,R040,Truck
SH0111,,W02,C001,P011,38,2026-06-20,2026-06-21,2026-06-22,DELIVERED,R014,Truck
SH0112,S015,S015,W03,P009,44,2026-06-20,2026-06-21,2026-06-21,DELIVERED,R045,Truck
SH0113,S007,S007,W02,P008,137,2026-07-17,2026-07-18,2026-07-18,DELIVERED,R007,Truck
SH0114,,W02,C017,P012,29,2026-06-20,2026-06-21,2026-06-21,DELIVERED,R009,Truck
SH0115,S007,S007,W02,P004,95,2026-07-06,2026-07-07,2026-07-07,DELIVERED,R007,Truck
SH0116,,W03,C014,P014,59,2026-06-14,2026-06-15,2026-06-15,DELIVERED,R028,Truck
SH0117,S003,S003,W01,P003,93,2026-08-13,2026-08-14,2026-08-15,DELIVERED,R033,Truck
SH0118,S015,S015,W03,P004,75,2026-06-13,2026-06-14,2026-06-14,DELIVERED,R045,Truck
SH0119,S006,S006,W05,P006,26,2026-08-07,2026-08-08,2026-08-10,DELIVERED,R002,Truck
SH0120,S009,S009,W02,P001,168,2026-07-14,2026-07-15,2026-07-16,DELIVERED,R013,Truck
SH0121,S008,S008,W02,P001,103,2026-07-31,2026-08-01,2026-08-02,DELIVERED,R016,Truck
SH0122,S009,S009,W03,P009,164,2026-08-15,2026-08-16,2026-08-16,DELIVERED,R003,Truck
SH0123,S006,S006,W05,P002,71,2026-08-09,2026-08-10,2026-08-11,DELIVERED,R002,Truck
SH0124,,W02,C016,P011,5,2026-07-12,2026-07-13,2026-07-13,DELIVERED,R030,Truck
SH0125,,W02,C008,P013,17,2026-06-27,2026-06-28,2026-06-28,DELIVERED,R006,Truck
SH0126,,F03,W02,P015,38,2026-06-20,2026-06-21,2026-06-21,DELIVERED,R029,Truck
SH0127,,W02,C018,P013,29,2026-06-24,2026-06-25,2026-06-25,DELIVERED,R018,Truck
SH0128,S015,S015,W03,P002,42,2026-08-09,2026-08-10,2026-08-10,DELIVERED,R045,Truck
SH0129,S003,S003,W01,P006,139,2026-06-14,2026-06-15,2026-06-15,DELIVERED,R033,Truck
SH0130,S001,S001,W03,P006,120,2026-08-07,2026-08-08,2026-08-09,DELIVERED,R040,Truck
SH0131,S007,S007,W02,P009,135,2026-07-04,2026-07-05,2026-07-07,DELIVERED,R007,Truck
SH0132,,W02,C018,P013,49,2026-08-24,2026-08-25,2026-08-25,DELIVERED,R018,Truck
SH0133,S002,S002,W03,P002,139,2026-08-06,2026-08-07,2026-08-07,DELIVERED,R026,Truck
SH0134,S006,S006,W05,P003,148,2026-06-06,2026-06-07,2026-06-07,DELIVERED,R002,Truck
SH0135,S003,S003,W02,P003,95,2026-06-08,2026-06-09,2026-06-09,DELIVERED,R024,Truck
SH0136,S001,S001,W03,P005,179,2026-07-19,2026-07-20,2026-07-22,DELIVERED,R040,Truck
SH0137,,F03,W01,P015,60,2026-08-20,2026-08-21,2026-08-21,DELIVERED,R039,Truck
SH0138,S008,S008,W02,P002,65,2026-06-23,2026-06-24,2026-06-24,DELIVERED,R016,Truck
SH0139,S001,S001,W03,P005,177,2026-06-19,2026-06-20,2026-06-20,DELIVERED,R040,Truck
SH0140,,W03,C010,P015,47,2026-06-01,2026-06-02,2026-06-02,DELIVERED,R031,Truck
SH0141,S002,S002,W03,P010,59,2026-07-23,2026-07-24,2026-07-24,DELIVERED,R026,Truck
SH0142,S003,S003,W01,P005,77,2026-07-26,2026-07-27,2026-07-27,DELIVERED,R033,Truck
SH0143,S007,S007,W02,P009,118,2026-06-02,2026-06-03,2026-06-05,DELIVERED,R007,Truck
SH0144,,W03,C002,P012,38,2026-07-19,2026-07-20,2026-07-21,DELIVERED,R004,Truck
SH0145,S008,S008,W02,P001,76,2026-06-14,2026-06-15,2026-06-17,DELIVERED,R016,Truck
SH0146,S006,S006,W05,P006,174,2026-07-14,2026-07-15,2026-07-16,DELIVERED,R002,Truck
SH0147,S003,S003,W01,P008,136,2026-07-09,2026-07-10,2026-07-10,DELIVERED,R033,Truck
SH0148,,W02,C008,P013,27,2026-07-27,2026-07-28,2026-07-28,DELIVERED,R006,Truck
SH0149,S015,S015,W03,P009,161,2026-06-18,2026-06-19,2026-06-20,DELIVERED,R045,Truck
SH0150,,W03,C002,P012,40,2026-06-13,2026-06-14,2026-06-14,DELIVERED,R004,Truck
SH0151,S003,S003,W02,P005,140,2026-08-22,2026-08-23,2026-08-23,DELIVERED,R024,Truck
SH0152,S015,S015,W03,P009,86,2026-07-11,2026-07-12,2026-07-12,DELIVERED,R045,Truck
SH0153,S006,S006,W05,P006,110,2026-08-09,2026-08-10,2026-08-10,DELIVERED,R002,Truck
SH0154,S003,S003,W01,P008,148,2026-07-13,2026-07-14,2026-07-14,DELIVERED,R033,Truck
SH0155,,W01,F03,P003,74,2026-06-03,2026-06-04,2026-06-04,DELIVERED,R037,Truck
SH0156,,W02,C002,P012,41,2026-06-15,2026-06-16,2026-06-16,DELIVERED,R012,Truck
SH0157,S002,S002,W03,P005,140,2026-06-24,2026-06-25,2026-06-25,DELIVERED,R026,Truck
SH0158,S003,S003,W02,P008,63,2026-06-22,2026-06-23,2026-06-23,DELIVERED,R024,Truck
SH0159,,W02,C016,P011,46,2026-06-26,2026-06-27,2026-06-29,DELIVERED,R030,Truck
SH0160,S003,S003,W01,P003,69,2026-07-16,2026-07-17,2026-07-17,DELIVERED,R033,Truck
SH0161,,F03,W02,P012,133,2026-06-08,2026-06-09,2026-06-09,DELIVERED,R029,Truck
SH0162,S003,S003,W01,P003,86,2026-07-28,2026-07-29,2026-07-31,DELIVERED,R033,Truck
SH0163,S009,S009,W03,P009,55,2026-06-19,2026-06-20,2026-06-22,DELIVERED,R003,Truck
SH0164,,W03,C002,P012,31,2026-08-15,2026-08-16,2026-08-16,DELIVERED,R004,Truck
SH0165,,W03,F01,P004,31,2026-06-22,2026-06-23,2026-06-23,DELIVERED,R038,Truck
SH0166,S007,S007,W02,P003,73,2026-06-11,2026-06-12,2026-06-14,DELIVERED,R007,Truck
SH0167,S007,S007,W02,P006,112,2026-08-15,2026-08-16,2026-08-16,DELIVERED,R007,Truck
SH0168,,W02,C010,P015,38,2026-08-02,2026-08-03,2026-08-03,DELIVERED,R020,Truck
SH0169,S001,S001,W03,P005,167,2026-08-07,2026-08-08,2026-08-09,DELIVERED,R040,Truck
SH0170,,W02,C017,P012,25,2026-06-28,2026-06-29,2026-07-01,DELIVERED,R009,Truck
SH0171,S015,S015,W03,P004,64,2026-08-14,2026-08-15,2026-08-15,DELIVERED,R045,Truck
SH0172,S002,S002,W03,P005,20,2026-06-15,2026-06-16,2026-06-18,DELIVERED,R026,Truck
SH0173,S008,S008,W02,P002,97,2026-06-08,2026-06-09,2026-06-09,DELIVERED,R016,Truck
SH0174,,F03,W02,P011,97,2026-06-30,2026-07-01,2026-07-01,DELIVERED,R029,Truck
SH0175,,W03,C013,P013,38,2026-07-23,2026-07-24,2026-07-24,DELIVERED,R035,Truck
SH0176,S007,S007,W02,P004,26,2026-06-21,2026-06-22,2026-06-23,DELIVERED,R007,Truck
SH0177,S015,S015,W03,P005,146,2026-07-17,2026-07-18,2026-07-18,DELIVERED,R045,Truck
SH0178,,F03,W01,P015,75,2026-06-25,2026-06-26,2026-06-26,DELIVERED,R039,Truck
SH0179,S015,S015,W03,P005,97,2026-06-03,2026-06-04,2026-06-04,DELIVERED,R045,Truck
SH0180,S008,S008,W02,P002,161,2026-06-08,2026-06-09,2026-06-09,DELIVERED,R016,Truck
SH0181,S008,S008,W02,P001,177,2026-07-29,2026-07-30,2026-07-30,DELIVERED,R016,Truck
SH0182,S002,S002,W03,P009,44,2026-07-27,2026-07-28,2026-07-28,DELIVERED,R026,Truck
SH0183,S003,S003,W02,P006,150,2026-07-08,2026-07-09,2026-07-11,DELIVERED,R024,Truck
SH0184,,F02,W03,P014,132,2026-06-16,2026-06-17,2026-06-18,DELIVERED,R025,Truck
SH0185,,W03,C013,P013,59,2026-07-20,2026-07-21,2026-07-22,DELIVERED,R035,Truck
SH0186,,W02,C018,P013,51,2026-08-16,2026-08-17,2026-08-19,DELIVERED,R018,Truck
SH0187,S007,S007,W02,P004,85,2026-08-08,2026-08-09,2026-08-11,DELIVERED,R007,Truck
SH0188,,W03,C009,P014,37,2026-07-11,2026-07-12,2026-07-12,DELIVERED,R044,Truck
SH0189,S015,S015,W03,P006,102,2026-07-28,2026-07-29,2026-07-31,DELIVERED,R045,Truck
SH0190,S003,S003,W01,P008,135,2026-08-09,2026-08-10,2026-08-11,DELIVERED,R033,Truck
SH0191,,W02,C001,P011,52,2026-08-21,2026-08-22,2026-08-23,DELIVERED,R014,Truck
SH0192,S003,S003,W01,P006,133,2026-06-09,2026-06-10,2026-06-11,DELIVERED,R033,Truck
SH0193,S009,S009,W03,P010,53,2026-08-17,2026-08-18,2026-08-18,DELIVERED,R003,Truck
SH0194,S015,S015,W03,P006,112,2026-08-16,2026-08-17,2026-08-17,DELIVERED,R045,Truck
SH0195,,F02,W03,P015,48,2026-06-22,2026-06-23,2026-06-23,DELIVERED,R025,Truck
SH0196,,F01,W03,P015,123,2026-08-07,2026-08-08,2026-08-08,DELIVERED,R036,Truck
SH0197,,W01,F03,P003,51,2026-06-17,2026-06-18,2026-06-18,DELIVERED,R037,Truck
SH0198,,W02,C016,P011,49,2026-07-14,2026-07-15,2026-07-15,DELIVERED,R030,Truck
SH0199,S002,S002,W03,P009,134,2026-06-18,2026-06-19,2026-06-19,DELIVERED,R026,Truck
SH0200,,W02,C016,P011,53,2026-08-04,2026-08-05,2026-08-05,DELIVERED,R030,Truck
SH0201,S015,S015,W03,P004,157,2026-06-08,2026-06-09,2026-06-10,DELIVERED,R045,Truck
SH0202,S009,S009,W03,P010,92,2026-06-14,2026-06-15,2026-06-16,DELIVERED,R003,Truck
SH0203,S015,S015,W03,P002,79,2026-06-30,2026-07-01,2026-07-01,DELIVERED,R045,Truck
SH0204,S003,S003,W02,P008,64,2026-06-02,2026-06-03,2026-06-05,DELIVERED,R024,Truck
SH0205,S003,S003,W02,P005,44,2026-08-23,2026-08-24,2026-08-24,DELIVERED,R024,Truck
SH0206,S007,S007,W02,P009,34,2026-06-27,2026-06-28,2026-06-28,DELIVERED,R007,Truck
SH0207,,W02,C001,P011,8,2026-07-07,2026-07-08,2026-07-09,DELIVERED,R014,Truck
SH0208,,W02,C008,P013,33,2026-06-19,2026-06-20,2026-06-20,DELIVERED,R006,Truck
SH0209,S003,S003,W01,P006,66,2026-07-24,2026-07-25,2026-07-26,DELIVERED,R033,Truck
SH0210,,W03,C010,P015,25,2026-08-21,2026-08-22,2026-08-22,DELIVERED,R031,Truck
SH0211,,W03,F01,P007,83,2026-07-10,2026-07-11,2026-07-12,DELIVERED,R038,Truck
SH0212,S007,S007,W02,P009,99,2026-07-30,2026-07-31,2026-08-01,DELIVERED,R007,Truck
SH0213,S002,S002,W03,P005,141,2026-06-09,2026-06-10,2026-06-12,DELIVERED,R026,Truck
SH0214,,W01,F03,P001,54,2026-08-11,2026-08-12,2026-08-12,DELIVERED,R037,Truck
SH0215,,W03,C009,P014,28,2026-06-20,2026-06-21,2026-06-21,DELIVERED,R044,Truck
SH0216,S009,S009,W02,P010,168,2026-06-17,2026-06-18,2026-06-20,DELIVERED,R013,Truck
SH0217,S009,S009,W02,P009,168,2026-06-30,2026-07-01,2026-07-02,DELIVERED,R013,Truck
SH0218,,W03,F02,P001,29,2026-07-29,2026-07-30,2026-07-30,DELIVERED,R021,Truck
SH0219,S001,S001,W03,P007,152,2026-06-14,2026-06-15,2026-06-15,DELIVERED,R040,Truck
SH0220,S015,S015,W03,P005,124,2026-07-17,2026-07-18,2026-07-19,DELIVERED,R045,Truck
SH0221,S009,S009,W02,P010,123,2026-07-06,2026-07-07,2026-07-07,DELIVERED,R013,Truck
SH0222,S003,S003,W02,P005,22,2026-06-24,2026-06-25,2026-06-25,DELIVERED,R024,Truck
SH0223,S002,S002,W03,P010,101,2026-06-16,2026-06-17,2026-06-17,DELIVERED,R026,Truck
SH0224,S001,S001,W03,P007,45,2026-07-09,2026-07-10,2026-07-11,DELIVERED,R040,Truck
SH0225,,W01,C016,P011,39,2026-07-23,2026-07-24,2026-07-26,DELIVERED,R042,Truck
SH0226,S003,S003,W01,P003,169,2026-07-19,2026-07-20,2026-07-22,DELIVERED,R033,Truck
SH0227,S002,S002,W03,P007,110,2026-06-19,2026-06-20,2026-06-20,DELIVERED,R026,Truck
SH0228,,F01,W03,P013,60,2026-07-04,2026-07-05,2026-07-07,DELIVERED,R036,Truck
SH0229,S008,S008,W02,P005,64,2026-06-13,2026-06-14,2026-06-15,DELIVERED,R016,Truck
SH0230,,W02,C001,P011,51,2026-07-24,2026-07-25,2026-07-26,DELIVERED,R014,Truck
SH0231,S008,S008,W02,P001,37,2026-07-16,2026-07-17,2026-07-17,DELIVERED,R016,Truck
SH0232,S001,S001,W03,P005,135,2026-07-02,2026-07-03,2026-07-03,DELIVERED,R040,Truck
SH0233,S006,S006,W05,P006,40,2026-06-28,2026-06-29,2026-07-01,DELIVERED,R002,Truck
SH0234,,W03,C010,P015,39,2026-07-24,2026-07-25,2026-07-26,DELIVERED,R031,Truck
SH0235,S009,S009,W03,P001,119,2026-08-06,2026-08-07,2026-08-07,DELIVERED,R003,Truck
SH0236,S015,S015,W03,P002,65,2026-06-25,2026-06-26,2026-06-26,DELIVERED,R045,Truck
SH0237,S008,S008,W02,P002,129,2026-08-23,2026-08-24,2026-08-24,DELIVERED,R016,Truck
SH0238,,F03,W02,P014,76,2026-06-25,2026-06-26,2026-06-26,DELIVERED,R029,Truck
SH0239,,W03,F01,P009,67,2026-07-14,2026-07-15,2026-07-16,DELIVERED,R038,Truck
SH0240,S002,S002,W03,P008,26,2026-08-21,2026-08-22,2026-08-24,DELIVERED,R026,Truck
SH0241,S009,S009,W03,P001,137,2026-07-25,2026-07-26,2026-07-27,DELIVERED,R003,Truck
SH0242,S009,S009,W03,P009,31,2026-06-25,2026-06-26,2026-06-26,DELIVERED,R003,Truck
SH0243,S008,S008,W02,P001,64,2026-08-19,2026-08-20,2026-08-20,DELIVERED,R016,Truck
SH0244,,W02,C010,P015,26,2026-07-08,2026-07-09,2026-07-10,DELIVERED,R020,Truck
SH0245,S003,S003,W02,P005,80,2026-08-08,2026-08-09,2026-08-09,DELIVERED,R024,Truck
SH0246,S008,S008,W02,P002,132,2026-07-07,2026-07-08,2026-07-08,DELIVERED,R016,Truck
SH0247,S001,S001,W03,P005,149,2026-06-03,2026-06-04,2026-06-06,DELIVERED,R040,Truck
SH0248,,W02,F03,P001,40,2026-06-19,2026-06-20,2026-06-22,DELIVERED,R023,Truck
SH0249,S015,S015,W03,P004,64,2026-07-18,2026-07-19,2026-07-19,DELIVERED,R045,Truck
SH0250,S003,S003,W01,P005,119,2026-07-27,2026-07-28,2026-07-28,DELIVERED,R033,Truck
SH0251,S002,S002,W03,P002,154,2026-06-18,2026-06-19,2026-06-19,DELIVERED,R026,Truck
SH0252,S002,S002,W03,P005,39,2026-07-20,2026-07-21,2026-07-23,DELIVERED,R026,Truck
SH0253,S015,S015,W03,P002,53,2026-06-01,2026-06-02,2026-06-02,DELIVERED,R045,Truck
SH0254,,W03,C013,P013,12,2026-06-02,2026-06-03,2026-06-05,DELIVERED,R035,Truck
SH0255,S008,S008,W02,P001,134,2026-07-15,2026-07-16,2026-07-18,DELIVERED,R016,Truck
SH0256,S009,S009,W02,P010,160,2026-07-10,2026-07-11,2026-07-11,DELIVERED,R013,Truck
SH0257,,W03,C014,P014,17,2026-06-04,2026-06-05,2026-06-05,DELIVERED,R028,Truck
SH0258,,W05,C011,P011,9,2026-08-12,2026-08-13,2026-08-15,DELIVERED,R001,Truck
SH0259,,W03,C009,P014,28,2026-06-22,2026-06-23,2026-06-23,DELIVERED,R044,Truck
SH0260,S002,S002,W03,P007,126,2026-07-12,2026-07-13,2026-07-13,DELIVERED,R026,Truck
SH0261,,F01,W03,P013,129,2026-08-18,2026-08-19,2026-08-21,DELIVERED,R036,Truck
SH0262,S015,S015,W03,P009,69,2026-06-04,2026-06-05,2026-06-05,DELIVERED,R045,Truck
SH0263,,W02,C017,P012,12,2026-07-17,2026-07-18,2026-07-18,DELIVERED,R009,Truck
SH0264,S008,S008,W02,P005,137,2026-08-08,2026-08-09,2026-08-10,DELIVERED,R016,Truck
SH0265,,W03,F02,P003,57,2026-06-09,2026-06-10,2026-06-10,DELIVERED,R021,Truck
SH0266,S009,S009,W03,P010,35,2026-08-09,2026-08-10,2026-08-10,DELIVERED,R003,Truck
SH0267,,W02,C017,P012,34,2026-07-17,2026-07-18,2026-07-19,DELIVERED,R009,Truck
SH0268,,W02,C002,P012,13,2026-07-14,2026-07-15,2026-07-15,DELIVERED,R012,Truck
SH0269,S009,S009,W03,P010,158,2026-06-25,2026-06-26,2026-06-26,DELIVERED,R003,Truck
SH0270,S015,S015,W03,P002,48,2026-06-26,2026-06-27,2026-06-27,DELIVERED,R045,Truck
SH0271,S009,S009,W02,P010,107,2026-07-03,2026-07-04,2026-07-05,DELIVERED,R013,Truck
SH0272,,F03,W02,P013,83,2026-06-19,2026-06-20,2026-06-22,DELIVERED,R029,Truck
SH0273,,W02,C016,P011,14,2026-06-30,2026-07-01,2026-07-01,DELIVERED,R030,Truck
SH0274,,W03,C009,P014,8,2026-06-18,2026-06-19,2026-06-19,DELIVERED,R044,Truck
SH0275,S015,S015,W03,P004,105,2026-08-03,2026-08-04,2026-08-06,DELIVERED,R045,Truck
SH0276,S002,S002,W03,P009,35,2026-08-17,2026-08-18,2026-08-19,DELIVERED,R026,Truck
SH0277,S009,S009,W02,P010,113,2026-06-21,2026-06-22,2026-06-22,DELIVERED,R013,Truck
SH0278,,W03,F02,P001,64,2026-07-13,2026-07-14,2026-07-14,DELIVERED,R021,Truck
SH0279,S003,S003,W02,P008,74,2026-06-25,2026-06-26,2026-06-27,DELIVERED,R024,Truck
SH0280,S008,S008,W02,P001,147,2026-06-08,2026-06-09,2026-06-09,DELIVERED,R016,Truck
SH0281,S002,S002,W03,P007,49,2026-08-09,2026-08-10,2026-08-10,DELIVERED,R026,Truck
SH0282,S007,S007,W02,P004,153,2026-06-16,2026-06-17,2026-06-17,DELIVERED,R007,Truck
SH0283,,W02,C017,P012,22,2026-06-18,2026-06-19,2026-06-20,DELIVERED,R009,Truck
SH0284,S002,S002,W03,P007,160,2026-08-12,2026-08-13,2026-08-13,DELIVERED,R026,Truck
SH0285,S002,S002,W03,P002,73,2026-08-21,2026-08-22,2026-08-23,DELIVERED,R026,Truck
SH0286,,W03,C010,P015,46,2026-07-31,2026-08-01,2026-08-01,DELIVERED,R031,Truck
SH0287,S002,S002,W03,P009,114,2026-06-18,2026-06-19,2026-06-21,DELIVERED,R026,Truck
SH0288,S002,S002,W03,P007,126,2026-06-10,2026-06-11,2026-06-11,DELIVERED,R026,Truck
SH0289,S007,S007,W02,P003,70,2026-07-15,2026-07-16,2026-07-16,DELIVERED,R007,Truck
SH0290,S002,S002,W03,P005,178,2026-06-24,2026-06-25,2026-06-27,DELIVERED,R026,Truck
SH0291,S007,S007,W02,P003,34,2026-07-06,2026-07-07,2026-07-07,DELIVERED,R007,Truck
SH0292,,W02,F03,P002,26,2026-07-07,2026-07-08,2026-07-08,DELIVERED,R023,Truck
SH0293,S002,S002,W03,P008,172,2026-07-19,2026-07-20,2026-07-20,DELIVERED,R026,Truck
SH0294,,W05,C011,P011,33,2026-07-31,2026-08-01,2026-08-01,DELIVERED,R001,Truck
SH0295,S015,S015,W03,P005,120,2026-06-18,2026-06-19,2026-06-21,DELIVERED,R045,Truck
SH0296,S002,S002,W03,P008,42,2026-07-29,2026-07-30,2026-07-30,DELIVERED,R026,Truck
SH0297,,W03,C013,P013,40,2026-07-02,2026-07-03,2026-07-03,DELIVERED,R035,Truck
SH0298,S015,S015,W03,P002,28,2026-07-20,2026-07-21,2026-07-21,DELIVERED,R045,Truck
SH0299,S003,S003,W02,P005,79,2026-06-19,2026-06-20,2026-06-20,DELIVERED,R024,Truck
SH0300,S008,S008,W02,P005,41,2026-07-10,2026-07-11,2026-07-11,DELIVERED,R016,Truck
SH0301,,W05,C011,P011,30,2026-08-24,2026-08-25,2026-08-27,DELIVERED,R001,Truck
SH0302,,W03,C014,P014,34,2026-07-06,2026-07-07,2026-07-08,DELIVERED,R028,Truck
SH0303,S002,S002,W03,P007,71,2026-06-01,2026-06-02,2026-06-02,DELIVERED,R026,Truck
SH0304,S003,S003,W01,P005,126,2026-06-09,2026-06-10,2026-06-12,DELIVERED,R033,Truck
SH0305,S009,S009,W02,P010,74,2026-06-12,2026-06-13,2026-06-13,DELIVERED,R013,Truck
SH0306,,W01,F03,P008,34,2026-07-01,2026-07-02,2026-07-04,DELIVERED,R037,Truck
SH0307,,W02,C010,P015,27,2026-06-21,2026-06-22,2026-06-22,DELIVERED,R020,Truck
SH0308,S009,S009,W03,P001,49,2026-06-06,2026-06-07,2026-06-07,DELIVERED,R003,Truck
SH0309,,W02,C001,P011,13,2026-07-05,2026-07-06,2026-07-06,DELIVERED,R014,Truck
SH0310,S003,S003,W01,P006,65,2026-06-23,2026-06-24,2026-06-26,DELIVERED,R033,Truck
SH0311,S003,S003,W02,P005,168,2026-07-17,2026-07-18,2026-07-18,DELIVERED,R024,Truck
SH0312,S008,S008,W02,P001,60,2026-07-17,2026-07-18,2026-07-19,DELIVERED,R016,Truck
SH0313,S003,S003,W01,P003,92,2026-08-21,2026-08-22,2026-08-22,DELIVERED,R033,Truck
SH0314,S007,S007,W02,P004,163,2026-06-19,2026-06-20,2026-06-22,DELIVERED,R007,Truck
SH0315,S003,S003,W01,P008,70,2026-07-07,2026-07-08,2026-07-10,DELIVERED,R033,Truck
SH0316,,F02,W03,P014,53,2026-08-20,2026-08-21,2026-08-21,DELIVERED,R025,Truck
SH0317,,W01,F03,P007,69,2026-07-22,2026-07-23,2026-07-23,DELIVERED,R037,Truck
SH0318,,W01,F03,P010,45,2026-07-14,2026-07-15,2026-07-15,DELIVERED,R037,Truck
SH0319,S007,S007,W02,P004,122,2026-06-18,2026-06-19,2026-06-19,DELIVERED,R007,Truck
SH0320,,W02,C002,P012,11,2026-06-06,2026-06-07,2026-06-07,DELIVERED,R012,Truck
SH0321,,W01,F03,P004,83,2026-08-11,2026-08-12,2026-08-12,DELIVERED,R037,Truck
SH0322,S007,S007,W02,P006,151,2026-08-16,2026-08-17,2026-08-17,DELIVERED,R007,Truck
SH0323,S009,S009,W02,P010,131,2026-06-12,2026-06-13,2026-06-14,DELIVERED,R013,Truck
SH0324,,W03,C009,P014,46,2026-07-11,2026-07-12,2026-07-12,DELIVERED,R044,Truck
SH0325,S003,S003,W02,P006,58,2026-06-30,2026-07-01,2026-07-01,DELIVERED,R024,Truck
SH0326,S007,S007,W02,P003,33,2026-07-31,2026-08-01,2026-08-01,DELIVERED,R007,Truck
SH0327,,W03,C010,P015,14,2026-07-27,2026-07-28,2026-07-28,DELIVERED,R031,Truck
SH0328,S009,S009,W03,P001,91,2026-07-26,2026-07-27,2026-07-29,DELIVERED,R003,Truck
SH0329,S006,S006,W05,P002,49,2026-06-25,2026-06-26,2026-06-26,DELIVERED,R002,Truck
SH0330,,W03,C013,P013,11,2026-07-04,2026-07-05,2026-07-05,DELIVERED,R035,Truck
SH0331,,W02,C001,P011,31,2026-08-22,2026-08-23,2026-08-24,DELIVERED,R014,Truck
SH0332,,W03,F02,P008,24,2026-07-09,2026-07-10,2026-07-10,DELIVERED,R021,Truck
SH0333,S003,S003,W02,P005,41,2026-08-07,2026-08-08,2026-08-09,DELIVERED,R024,Truck
SH0334,S006,S006,W05,P002,131,2026-08-09,2026-08-10,2026-08-12,DELIVERED,R002,Truck
SH0335,,W02,C017,P012,14,2026-08-05,2026-08-06,2026-08-06,DELIVERED,R009,Truck
SH0336,S007,S007,W02,P004,116,2026-07-06,2026-07-07,2026-07-09,DELIVERED,R007,Truck
SH0337,S003,S003,W02,P005,24,2026-08-09,2026-08-10,2026-08-10,DELIVERED,R024,Truck
SH0338,S008,S008,W02,P001,89,2026-07-19,2026-07-20,2026-07-20,DELIVERED,R016,Truck
SH0339,S003,S003,W01,P003,92,2026-06-15,2026-06-16,2026-06-16,DELIVERED,R033,Truck
SH0340,S007,S007,W02,P003,66,2026-08-01,2026-08-02,2026-08-02,DELIVERED,R007,Truck
SH0341,S006,S006,W05,P003,106,2026-08-14,2026-08-15,2026-08-17,DELIVERED,R002,Truck
SH0342,S006,S006,W05,P003,23,2026-07-23,2026-07-24,2026-07-24,DELIVERED,R002,Truck
SH0343,S002,S002,W03,P005,48,2026-07-11,2026-07-12,2026-07-12,DELIVERED,R026,Truck
SH0344,,F03,W01,P014,94,2026-08-11,2026-08-12,2026-08-12,DELIVERED,R039,Truck
SH0345,S003,S003,W01,P005,55,2026-06-18,2026-06-19,2026-06-19,DELIVERED,R033,Truck
SH0346,S003,S003,W01,P006,43,2026-07-23,2026-07-24,2026-07-24,DELIVERED,R033,Truck
SH0347,,W03,F01,P006,91,2026-07-08,2026-07-09,2026-07-09,DELIVERED,R038,Truck
SH0348,S015,S015,W03,P006,90,2026-07-18,2026-07-19,2026-07-19,DELIVERED,R045,Truck
SH0349,S006,S006,W05,P006,165,2026-07-28,2026-07-29,2026-07-29,DELIVERED,R002,Truck
SH0350,,W03,C013,P013,44,2026-06-05,2026-06-06,2026-06-07,DELIVERED,R035,Truck
SH0351,S015,S015,W03,P008,98,2026-07-15,2026-07-16,2026-07-16,DELIVERED,R045,Truck
SH0352,S006,S006,W05,P003,152,2026-08-15,2026-08-16,2026-08-17,DELIVERED,R002,Truck
SH0353,S015,S015,W03,P006,74,2026-08-05,2026-08-06,2026-08-06,DELIVERED,R045,Truck
SH0354,S003,S003,W02,P003,114,2026-07-01,2026-07-02,2026-07-04,DELIVERED,R024,Truck
SH0355,,W03,C013,P013,22,2026-07-15,2026-07-16,2026-07-16,DELIVERED,R035,Truck
SH0356,,W03,F02,P010,59,2026-08-07,2026-08-08,2026-08-08,DELIVERED,R021,Truck
SH0357,,W02,C017,P012,27,2026-07-03,2026-07-04,2026-07-04,DELIVERED,R009,Truck
SH0358,,W05,C011,P011,38,2026-06-13,2026-06-14,2026-06-14,DELIVERED,R001,Truck
SH0359,S009,S009,W02,P010,96,2026-07-18,2026-07-19,2026-07-20,DELIVERED,R013,Truck
SH0360,S009,S009,W02,P010,122,2026-08-02,2026-08-03,2026-08-04,DELIVERED,R013,Truck
SH0361,S015,S015,W03,P005,88,2026-06-13,2026-06-14,2026-06-14,DELIVERED,R045,Truck
SH0362,S002,S002,W03,P008,75,2026-06-02,2026-06-03,2026-06-03,DELIVERED,R026,Truck
SH0363,S009,S009,W03,P009,156,2026-08-04,2026-08-05,2026-08-06,DELIVERED,R003,Truck
SH0364,S003,S003,W02,P003,121,2026-07-04,2026-07-05,2026-07-05,DELIVERED,R024,Truck
SH0365,S009,S009,W02,P010,25,2026-06-05,2026-06-06,2026-06-06,DELIVERED,R013,Truck
SH0366,S009,S009,W03,P001,88,2026-06-22,2026-06-23,2026-06-23,DELIVERED,R003,Truck
SH0367,S001,S001,W03,P007,130,2026-08-06,2026-08-07,2026-08-07,DELIVERED,R040,Truck
SH0368,S002,S002,W03,P002,177,2026-06-22,2026-06-23,2026-06-23,DELIVERED,R026,Truck
SH0369,S009,S009,W03,P009,90,2026-07-11,2026-07-12,2026-07-12,DELIVERED,R003,Truck
SH0370,,F01,W03,P013,26,2026-06-01,2026-06-02,2026-06-02,DELIVERED,R036,Truck
SH0371,,W03,C002,P012,7,2026-06-07,2026-06-08,2026-06-09,DELIVERED,R004,Truck
SH0372,S008,S008,W02,P005,53,2026-07-27,2026-07-28,2026-07-28,DELIVERED,R016,Truck
SH0373,S015,S015,W03,P004,104,2026-08-13,2026-08-14,2026-08-14,DELIVERED,R045,Truck
SH0374,S007,S007,W02,P006,122,2026-06-03,2026-06-04,2026-06-04,DELIVERED,R007,Truck
SH0375,,F01,W03,P011,148,2026-07-05,2026-07-06,2026-07-06,DELIVERED,R036,Truck
SH0376,S009,S009,W03,P001,93,2026-08-15,2026-08-16,2026-08-18,DELIVERED,R003,Truck
SH0377,S003,S003,W02,P006,68,2026-08-24,2026-08-25,2026-08-25,DELIVERED,R024,Truck
SH0378,S006,S006,W05,P002,146,2026-06-11,2026-06-12,2026-06-12,DELIVERED,R002,Truck
SH0379,S007,S007,W02,P004,109,2026-08-23,2026-08-24,2026-08-26,DELIVERED,R007,Truck
SH0380,,W01,F03,P007,90,2026-06-16,2026-06-17,2026-06-18,DELIVERED,R037,Truck
SH0381,,F03,W02,P011,134,2026-07-30,2026-07-31,2026-07-31,DELIVERED,R029,Truck
SH0382,S009,S009,W02,P001,167,2026-08-22,2026-08-23,2026-08-25,DELIVERED,R013,Truck
SH0383,,W01,F03,P002,92,2026-06-12,2026-06-13,2026-06-13,DELIVERED,R037,Truck
SH0384,S002,S002,W03,P007,98,2026-06-21,2026-06-22,2026-06-22,DELIVERED,R026,Truck
SH0385,S008,S008,W02,P002,179,2026-07-17,2026-07-18,2026-07-19,DELIVERED,R016,Truck
SH0386,,W02,C008,P013,54,2026-06-24,2026-06-25,2026-06-27,DELIVERED,R006,Truck
SH0387,S009,S009,W02,P010,38,2026-06-09,2026-06-10,2026-06-12,DELIVERED,R013,Truck
SH0388,,W02,F03,P002,90,2026-06-09,2026-06-10,2026-06-11,DELIVERED,R023,Truck
SH0389,S003,S003,W02,P005,148,2026-08-12,2026-08-13,2026-08-13,DELIVERED,R024,Truck
SH0390,S002,S002,W03,P008,24,2026-08-03,2026-08-04,2026-08-06,DELIVERED,R026,Truck
SH0391,,F03,W01,P012,44,2026-07-28,2026-07-29,2026-07-29,DELIVERED,R039,Truck
SH0392,S009,S009,W03,P001,139,2026-06-18,2026-06-19,2026-06-20,DELIVERED,R003,Truck
SH0393,,W03,F02,P003,42,2026-06-06,2026-06-07,2026-06-07,DELIVERED,R021,Truck
SH0394,S003,S003,W02,P005,109,2026-07-19,2026-07-20,2026-07-20,DELIVERED,R024,Truck
SH0395,S003,S003,W01,P005,128,2026-06-29,2026-06-30,2026-06-30,DELIVERED,R033,Truck
SH0396,S003,S003,W01,P003,60,2026-07-29,2026-07-30,2026-07-30,DELIVERED,R033,Truck
SH0397,S003,S003,W01,P008,22,2026-08-03,2026-08-04,2026-08-04,DELIVERED,R033,Truck
SH0398,S009,S009,W02,P009,151,2026-06-19,2026-06-20,2026-06-20,DELIVERED,R013,Truck
SH0399,,W02,C017,P012,44,2026-07-22,2026-07-23,2026-07-25,DELIVERED,R009,Truck
SH0400,S003,S003,W02,P003,109,2026-07-05,2026-07-06,2026-07-06,DELIVERED,R024,Truck
SH0401,,F03,W01,P015,109,2026-06-03,2026-06-04,2026-06-04,DELIVERED,R039,Truck
SH0402,,F02,W03,P012,120,2026-07-31,2026-08-01,2026-08-01,DELIVERED,R025,Truck
SH0403,S015,S015,W03,P004,97,2026-07-03,2026-07-04,2026-07-06,DELIVERED,R045,Truck
SH0404,,W02,C016,P011,30,2026-07-16,2026-07-17,2026-07-18,DELIVERED,R030,Truck
SH0405,,W01,F03,P007,80,2026-08-23,2026-08-24,2026-08-26,DELIVERED,R037,Truck
SH0406,S002,S002,W03,P002,93,2026-07-14,2026-07-15,2026-07-15,DELIVERED,R026,Truck
SH0407,,F01,W03,P013,54,2026-07-09,2026-07-10,2026-07-12,DELIVERED,R036,Truck
SH0408,S006,S006,W05,P006,176,2026-06-17,2026-06-18,2026-06-19,DELIVERED,R002,Truck
SH0409,,W02,C001,P011,20,2026-06-29,2026-06-30,2026-06-30,DELIVERED,R014,Truck
SH0410,S003,S003,W01,P005,49,2026-07-09,2026-07-10,2026-07-10,DELIVERED,R033,Truck
SH0411,S001,S001,W03,P006,128,2026-06-07,2026-06-08,2026-06-10,DELIVERED,R040,Truck
SH0412,S001,S001,W03,P005,94,2026-07-13,2026-07-14,2026-07-16,DELIVERED,R040,Truck
SH0413,,W03,C009,P014,20,2026-07-20,2026-07-21,2026-07-23,DELIVERED,R044,Truck
SH0414,,F02,W03,P015,76,2026-06-25,2026-06-26,2026-06-26,DELIVERED,R025,Truck
SH0415,,W02,C002,P012,56,2026-07-29,2026-07-30,2026-07-31,DELIVERED,R012,Truck
SH0416,S009,S009,W03,P009,87,2026-07-13,2026-07-14,2026-07-16,DELIVERED,R003,Truck
SH0417,S015,S015,W03,P009,24,2026-08-04,2026-08-05,2026-08-05,DELIVERED,R045,Truck
SH0418,,W05,C011,P011,30,2026-07-11,2026-07-12,2026-07-12,DELIVERED,R001,Truck
SH0419,,W02,C002,P012,43,2026-08-13,2026-08-14,2026-08-14,DELIVERED,R012,Truck
SH0420,S003,S003,W01,P003,26,2026-07-14,2026-07-15,2026-07-15,DELIVERED,R033,Truck
SH0421,,W03,C010,P015,52,2026-08-16,2026-08-17,2026-08-17,DELIVERED,R031,Truck
SH0422,S015,S015,W03,P009,174,2026-06-01,2026-06-02,2026-06-04,DELIVERED,R045,Truck
SH0423,S007,S007,W02,P006,118,2026-08-06,2026-08-07,2026-08-07,DELIVERED,R007,Truck
SH0424,S001,S001,W03,P006,169,2026-06-14,2026-06-15,2026-06-17,DELIVERED,R040,Truck
SH0425,,W03,C002,P012,59,2026-06-19,2026-06-20,2026-06-20,DELIVERED,R004,Truck
SH0426,,W05,C011,P011,54,2026-07-22,2026-07-23,2026-07-23,DELIVERED,R001,Truck
SH0427,S002,S002,W03,P010,30,2026-06-17,2026-06-18,2026-06-18,DELIVERED,R026,Truck
SH0428,,F03,W02,P013,87,2026-08-08,2026-08-09,2026-08-09,DELIVERED,R029,Truck
SH0429,S007,S007,W02,P003,91,2026-06-15,2026-06-16,2026-06-16,DELIVERED,R007,Truck
SH0430,,W05,C011,P011,34,2026-06-26,2026-06-27,2026-06-28,DELIVERED,R001,Truck
SH0431,,W02,C002,P012,30,2026-06-22,2026-06-23,2026-06-24,DELIVERED,R012,Truck
SH0432,S003,S003,W01,P003,70,2026-06-30,2026-07-01,2026-07-02,DELIVERED,R033,Truck
SH0433,S001,S001,W03,P007,40,2026-07-04,2026-07-05,2026-07-05,DELIVERED,R040,Truck
SH0434,S003,S003,W01,P008,143,2026-08-19,2026-08-20,2026-08-20,DELIVERED,R033,Truck
SH0435,S015,S015,W03,P005,103,2026-08-14,2026-08-15,2026-08-16,DELIVERED,R045,Truck
SH0436,S003,S003,W02,P008,145,2026-08-09,2026-08-10,2026-08-10,DELIVERED,R024,Truck
SH0437,S001,S001,W03,P005,119,2026-07-08,2026-07-09,2026-07-11,DELIVERED,R040,Truck
SH0438,,W02,C002,P012,48,2026-06-02,2026-06-03,2026-06-05,DELIVERED,R012,Truck
SH0439,,F03,W01,P012,96,2026-08-10,2026-08-11,2026-08-13,DELIVERED,R039,Truck
SH0440,S015,S015,W03,P005,118,2026-07-28,2026-07-29,2026-07-29,DELIVERED,R045,Truck
SH0441,,W02,C002,P012,16,2026-08-15,2026-08-16,2026-08-16,DELIVERED,R012,Truck
SH0442,S006,S006,W05,P006,22,2026-08-03,2026-08-04,2026-08-04,DELIVERED,R002,Truck
SH0443,,W02,C010,P015,17,2026-08-18,2026-08-19,2026-08-21,DELIVERED,R020,Truck
SH0444,S002,S002,W03,P008,170,2026-06-28,2026-06-29,2026-06-29,DELIVERED,R026,Truck
SH0445,,W02,C017,P012,31,2026-06-03,2026-06-04,2026-06-06,DELIVERED,R009,Truck
SH0446,,W03,F01,P001,33,2026-06-02,2026-06-03,2026-06-05,DELIVERED,R038,Truck
SH0447,S001,S001,W03,P006,101,2026-07-20,2026-07-21,2026-07-23,DELIVERED,R040,Truck
SH0448,,W02,C018,P013,12,2026-06-02,2026-06-03,2026-06-03,DELIVERED,R018,Truck
SH0449,,W03,F01,P006,17,2026-06-20,2026-06-21,2026-06-21,DELIVERED,R038,Truck
SH0450,,F02,W03,P012,143,2026-08-24,2026-08-25,2026-08-26,DELIVERED,R025,Truck
SH0451,S009,S009,W02,P010,136,2026-07-15,2026-07-16,2026-07-16,DELIVERED,R013,Truck
SH0452,,W02,C008,P013,35,2026-06-16,2026-06-17,2026-06-19,DELIVERED,R006,Truck
SH0453,S002,S002,W03,P005,124,2026-07-20,2026-07-21,2026-07-21,DELIVERED,R026,Truck
SH0454,S009,S009,W02,P010,58,2026-07-29,2026-07-30,2026-08-01,DELIVERED,R013,Truck
SH0455,,W03,C013,P013,33,2026-06-27,2026-06-28,2026-06-29,DELIVERED,R035,Truck
SH0456,S009,S009,W02,P001,138,2026-07-31,2026-08-01,2026-08-01,DELIVERED,R013,Truck
SH0457,,F03,W01,P013,140,2026-07-27,2026-07-28,2026-07-30,DELIVERED,R039,Truck
SH0458,,W03,C014,P014,59,2026-08-03,2026-08-04,2026-08-04,DELIVERED,R028,Truck
SH0459,S002,S002,W03,P002,96,2026-08-06,2026-08-07,2026-08-07,DELIVERED,R026,Truck
SH0460,S008,S008,W02,P005,134,2026-07-07,2026-07-08,2026-07-08,DELIVERED,R016,Truck
SH0461,S006,S006,W05,P002,39,2026-07-05,2026-07-06,2026-07-06,DELIVERED,R002,Truck
SH0462,S002,S002,W03,P009,170,2026-07-21,2026-07-22,2026-07-22,DELIVERED,R026,Truck
SH0463,S003,S003,W02,P008,135,2026-08-02,2026-08-03,2026-08-03,DELIVERED,R024,Truck
SH0464,,F01,W03,P015,49,2026-06-03,2026-06-04,2026-06-06,DELIVERED,R036,Truck
SH0465,S009,S009,W02,P010,71,2026-06-26,2026-06-27,2026-06-27,DELIVERED,R013,Truck
SH0466,S003,S003,W01,P008,36,2026-08-11,2026-08-12,2026-08-12,DELIVERED,R033,Truck
SH0467,,W03,C002,P012,32,2026-06-26,2026-06-27,2026-06-27,DELIVERED,R004,Truck
SH0468,S003,S003,W01,P003,135,2026-06-13,2026-06-14,2026-06-14,DELIVERED,R033,Truck
SH0469,S009,S009,W03,P009,39,2026-08-04,2026-08-05,2026-08-05,DELIVERED,R003,Truck
SH0470,S009,S009,W02,P009,124,2026-06-05,2026-06-06,2026-06-06,DELIVERED,R013,Truck
SH0471,S009,S009,W03,P001,117,2026-06-16,2026-06-17,2026-06-17,DELIVERED,R003,Truck
SH0472,,F03,W01,P012,40,2026-08-12,2026-08-13,2026-08-14,DELIVERED,R039,Truck
SH0473,,W03,F01,P008,80,2026-08-03,2026-08-04,2026-08-04,DELIVERED,R038,Truck
SH0474,S001,S001,W03,P005,63,2026-08-05,2026-08-06,2026-08-06,DELIVERED,R040,Truck
SH0475,,W03,C002,P012,37,2026-07-17,2026-07-18,2026-07-20,DELIVERED,R004,Truck
SH0476,S009,S009,W03,P001,79,2026-08-14,2026-08-15,2026-08-16,DELIVERED,R003,Truck
SH0477,S003,S003,W02,P008,79,2026-07-25,2026-07-26,2026-07-26,DELIVERED,R024,Truck
SH0478,,F01,W03,P014,49,2026-06-13,2026-06-14,2026-06-15,DELIVERED,R036,Truck
SH0479,S003,S003,W01,P003,144,2026-08-21,2026-08-22,2026-08-22,DELIVERED,R033,Truck
SH0480,,W03,C010,P015,5,2026-06-25,2026-06-26,2026-06-26,DELIVERED,R031,Truck
SH0481,,W03,F01,P006,35,2026-06-26,2026-06-27,2026-06-28,DELIVERED,R038,Truck
SH0482,S003,S003,W01,P006,118,2026-06-21,2026-06-22,2026-06-22,DELIVERED,R033,Truck
SH0483,S007,S007,W02,P009,60,2026-07-03,2026-07-04,2026-07-04,DELIVERED,R007,Truck
SH0484,S003,S003,W01,P006,42,2026-06-13,2026-06-14,2026-06-14,DELIVERED,R033,Truck
SH0485,S006,S006,W05,P006,173,2026-06-27,2026-06-28,2026-06-30,DELIVERED,R002,Truck
SH0486,,W02,C018,P013,49,2026-08-10,2026-08-11,2026-08-11,DELIVERED,R018,Truck
SH0487,S007,S007,W02,P004,112,2026-06-01,2026-06-02,2026-06-02,DELIVERED,R007,Truck
SH0488,,W02,C001,P011,50,2026-07-03,2026-07-04,2026-07-04,DELIVERED,R014,Truck
SH0489,S006,S006,W05,P006,75,2026-06-26,2026-06-27,2026-06-27,DELIVERED,R002,Truck
SH0490,S001,S001,W03,P007,70,2026-06-14,2026-06-15,2026-06-17,DELIVERED,R040,Truck
SH0491,,W02,F03,P010,60,2026-06-10,2026-06-11,2026-06-13,DELIVERED,R023,Truck
SH0492,S009,S009,W02,P010,81,2026-07-13,2026-07-14,2026-07-14,DELIVERED,R013,Truck
SH0493,S006,S006,W05,P003,137,2026-06-02,2026-06-03,2026-06-03,DELIVERED,R002,Truck
SH0494,,W02,C010,P015,36,2026-08-22,2026-08-23,2026-08-24,DELIVERED,R020,Truck
SH0495,,W01,F03,P009,69,2026-06-29,2026-06-30,2026-06-30,DELIVERED,R037,Truck
SH0496,S003,S003,W02,P008,128,2026-06-13,2026-06-14,2026-06-15,DELIVERED,R024,Truck
SH0497,S015,S015,W03,P004,27,2026-07-30,2026-07-31,2026-08-02,DELIVERED,R045,Truck
SH0498,,F02,W03,P013,104,2026-07-06,2026-07-07,2026-07-07,DELIVERED,R025,Truck
SH0499,S007,S007,W02,P003,175,2026-07-27,2026-07-28,2026-07-28,DELIVERED,R007,Truck
SH0500,,W02,C016,P011,13,2026-07-21,2026-07-22,2026-07-22,DELIVERED,R030,Truck
SH0501,S007,S007,W02,P004,179,2026-08-24,2026-08-25,2026-08-27,DELIVERED,R007,Truck
SH0502,S003,S003,W02,P005,164,2026-08-18,2026-08-19,2026-08-19,DELIVERED,R024,Truck
SH0503,S001,S001,W03,P005,32,2026-06-04,2026-06-05,2026-06-07,DELIVERED,R040,Truck
SH0504,S009,S009,W02,P009,124,2026-07-02,2026-07-03,2026-07-03,DELIVERED,R013,Truck
SH0505,,W02,C018,P013,18,2026-07-25,2026-07-26,2026-07-28,DELIVERED,R018,Truck
SH0506,S008,S008,W02,P002,91,2026-07-10,2026-07-11,2026-07-13,DELIVERED,R016,Truck
SH0507,S015,S015,W03,P008,146,2026-07-31,2026-08-01,2026-08-01,DELIVERED,R045,Truck
SH0508,S007,S007,W02,P008,118,2026-06-24,2026-06-25,2026-06-25,DELIVERED,R007,Truck
SH0509,,W01,C016,P011,14,2026-06-10,2026-06-11,2026-06-12,DELIVERED,R042,Truck
SH0510,S006,S006,W05,P002,105,2026-08-24,2026-08-25,2026-08-25,DELIVERED,R002,Truck
SH0511,,W02,C016,P011,51,2026-06-19,2026-06-20,2026-06-22,DELIVERED,R030,Truck
SH0512,,F03,W01,P011,20,2026-06-24,2026-06-25,2026-06-25,DELIVERED,R039,Truck
SH0513,S007,S007,W02,P008,96,2026-06-03,2026-06-04,2026-06-04,DELIVERED,R007,Truck
SH0514,S003,S003,W01,P003,34,2026-08-05,2026-08-06,2026-08-06,DELIVERED,R033,Truck
SH0515,S001,S001,W03,P006,92,2026-08-05,2026-08-06,2026-08-07,DELIVERED,R040,Truck
SH0516,,W01,C016,P011,30,2026-06-01,2026-06-02,2026-06-02,DELIVERED,R042,Truck
SH0517,S009,S009,W02,P001,147,2026-07-05,2026-07-06,2026-07-08,DELIVERED,R013,Truck
SH0518,S003,S003,W01,P008,141,2026-06-11,2026-06-12,2026-06-12,DELIVERED,R033,Truck
SH0519,,F03,W01,P013,121,2026-07-14,2026-07-15,2026-07-17,DELIVERED,R039,Truck
SH0520,,W02,C017,P012,58,2026-06-11,2026-06-12,2026-06-12,DELIVERED,R009,Truck
SH0521,S002,S002,W03,P010,68,2026-07-25,2026-07-26,2026-07-26,DELIVERED,R026,Truck
SH0522,,W02,C016,P011,21,2026-07-23,2026-07-24,2026-07-25,DELIVERED,R030,Truck
SH0523,,W03,C014,P014,18,2026-08-02,2026-08-03,2026-08-03,DELIVERED,R028,Truck
SH0524,S009,S009,W03,P001,173,2026-08-05,2026-08-06,2026-08-08,DELIVERED,R003,Truck
SH0525,,W02,C010,P015,27,2026-08-02,2026-08-03,2026-08-03,DELIVERED,R020,Truck
SH0526,S015,S015,W03,P005,135,2026-08-22,2026-08-23,2026-08-24,DELIVERED,R045,Truck
SH0527,,W02,C010,P015,17,2026-08-24,2026-08-25,2026-08-25,DELIVERED,R020,Truck
SH0528,,W02,F03,P008,67,2026-06-27,2026-06-28,2026-06-29,DELIVERED,R023,Truck
SH0529,,W01,F03,P009,53,2026-07-13,2026-07-14,2026-07-14,DELIVERED,R037,Truck
SH0530,S002,S002,W03,P009,23,2026-07-27,2026-07-28,2026-07-28,DELIVERED,R026,Truck
SH0531,,W02,C016,P011,43,2026-06-13,2026-06-14,2026-06-14,DELIVERED,R030,Truck
SH0532,S007,S007,W02,P008,27,2026-06-16,2026-06-17,2026-06-17,DELIVERED,R007,Truck
SH0533,S008,S008,W02,P002,129,2026-07-12,2026-07-13,2026-07-13,DELIVERED,R016,Truck
SH0534,S007,S007,W02,P009,63,2026-07-30,2026-07-31,2026-08-02,DELIVERED,R007,Truck
SH0535,S003,S003,W02,P008,40,2026-08-01,2026-08-02,2026-08-02,DELIVERED,R024,Truck
SH0536,S006,S006,W05,P006,31,2026-07-11,2026-07-12,2026-07-13,DELIVERED,R002,Truck
SH0537,S003,S003,W02,P005,95,2026-07-28,2026-07-29,2026-07-29,DELIVERED,R024,Truck
SH0538,S003,S003,W01,P005,139,2026-08-13,2026-08-14,2026-08-15,DELIVERED,R033,Truck
SH0539,S009,S009,W02,P010,83,2026-06-03,2026-06-04,2026-06-04,DELIVERED,R013,Truck
SH0540,,W03,F02,P007,99,2026-08-24,2026-08-25,2026-08-25,DELIVERED,R021,Truck
SH0541,S001,S001,W03,P007,160,2026-08-09,2026-08-10,2026-08-10,DELIVERED,R040,Truck
SH0542,S003,S003,W01,P006,125,2026-08-23,2026-08-24,2026-08-25,DELIVERED,R033,Truck
SH0543,S003,S003,W01,P005,121,2026-07-18,2026-07-19,2026-07-21,DELIVERED,R033,Truck
SH0544,S015,S015,W03,P006,68,2026-06-08,2026-06-09,2026-06-11,DELIVERED,R045,Truck
SH0545,,W02,C008,P013,13,2026-07-30,2026-07-31,2026-07-31,DELIVERED,R006,Truck
SH0546,S008,S008,W02,P002,154,2026-06-17,2026-06-18,2026-06-18,DELIVERED,R016,Truck
SH0547,,W02,C002,P012,55,2026-06-07,2026-06-08,2026-06-10,DELIVERED,R012,Truck
SH0548,S009,S009,W02,P001,32,2026-07-28,2026-07-29,2026-07-30,DELIVERED,R013,Truck
SH0549,,W02,F03,P008,95,2026-08-12,2026-08-13,2026-08-14,DELIVERED,R023,Truck
SH0550,,W03,C014,P014,42,2026-07-28,2026-07-29,2026-07-29,DELIVERED,R028,Truck
SH0551,,F03,W02,P011,85,2026-07-07,2026-07-08,2026-07-10,DELIVERED,R029,Truck
SH0552,S002,S002,W03,P008,49,2026-08-15,2026-08-16,2026-08-18,DELIVERED,R026,Truck
SH0553,S003,S003,W02,P003,99,2026-08-22,2026-08-23,2026-08-24,DELIVERED,R024,Truck
SH0554,S001,S001,W03,P007,84,2026-06-18,2026-06-19,2026-06-19,DELIVERED,R040,Truck
SH0555,,W03,C014,P014,52,2026-07-07,2026-07-08,2026-07-08,DELIVERED,R028,Truck
SH0556,S003,S003,W01,P003,73,2026-06-02,2026-06-03,2026-06-03,DELIVERED,R033,Truck
SH0557,S009,S009,W02,P001,74,2026-08-18,2026-08-19,2026-08-20,DELIVERED,R013,Truck
SH0558,,W05,C011,P011,25,2026-07-26,2026-07-27,2026-07-27,DELIVERED,R001,Truck
SH0559,,W03,F02,P008,38,2026-08-19,2026-08-20,2026-08-22,DELIVERED,R021,Truck
SH0560,,W02,C018,P013,16,2026-08-01,2026-08-02,2026-08-02,DELIVERED,R018,Truck
SH0561,S002,S002,W03,P007,44,2026-08-13,2026-08-14,2026-08-14,DELIVERED,R026,Truck
SH0562,S006,S006,W05,P006,128,2026-08-01,2026-08-02,2026-08-02,DELIVERED,R002,Truck
SH0563,,W02,C002,P012,22,2026-07-17,2026-07-18,2026-07-18,DELIVERED,R012,Truck
SH0564,S015,S015,W03,P005,96,2026-07-17,2026-07-18,2026-07-18,DELIVERED,R045,Truck
SH0565,S008,S008,W02,P001,101,2026-06-25,2026-06-26,2026-06-26,DELIVERED,R016,Truck
SH0566,,W01,F03,P010,77,2026-07-25,2026-07-26,2026-07-28,DELIVERED,R037,Truck
SH0567,,W02,C018,P013,32,2026-06-10,2026-06-11,2026-06-12,DELIVERED,R018,Truck
SH0568,S015,S015,W03,P004,155,2026-08-13,2026-08-14,2026-08-14,DELIVERED,R045,Truck
SH0569,S009,S009,W03,P009,48,2026-06-23,2026-06-24,2026-06-24,DELIVERED,R003,Truck
SH0570,S003,S003,W02,P005,91,2026-07-24,2026-07-25,2026-07-25,DELIVERED,R024,Truck
SH0571,S009,S009,W03,P009,132,2026-07-26,2026-07-27,2026-07-29,DELIVERED,R003,Truck
SH0572,S002,S002,W03,P007,74,2026-06-06,2026-06-07,2026-06-08,DELIVERED,R026,Truck
SH0573,S003,S003,W02,P005,176,2026-06-19,2026-06-20,2026-06-20,DELIVERED,R024,Truck
SH0574,S003,S003,W02,P005,20,2026-06-02,2026-06-03,2026-06-03,DELIVERED,R024,Truck
SH0575,S008,S008,W02,P005,75,2026-06-24,2026-06-25,2026-06-25,DELIVERED,R016,Truck
SH0576,,W05,C011,P011,43,2026-08-18,2026-08-19,2026-08-19,DELIVERED,R001,Truck
SH0577,S003,S003,W01,P003,69,2026-08-12,2026-08-13,2026-08-13,DELIVERED,R033,Truck
SH0578,S003,S003,W02,P003,108,2026-08-08,2026-08-09,2026-08-09,DELIVERED,R024,Truck
SH0579,S002,S002,W03,P005,39,2026-07-27,2026-07-28,2026-07-28,DELIVERED,R026,Truck
SH0580,,W02,C001,P011,52,2026-07-05,2026-07-06,2026-07-08,DELIVERED,R014,Truck
SH0581,S002,S002,W03,P009,178,2026-07-19,2026-07-20,2026-07-20,DELIVERED,R026,Truck
SH0582,S003,S003,W01,P008,129,2026-08-09,2026-08-10,2026-08-12,DELIVERED,R033,Truck
SH0583,S008,S008,W02,P001,46,2026-06-08,2026-06-09,2026-06-09,DELIVERED,R016,Truck
SH0584,S015,S015,W03,P005,85,2026-07-25,2026-07-26,2026-07-28,DELIVERED,R045,Truck
SH0585,,W03,C010,P015,23,2026-07-04,2026-07-05,2026-07-07,DELIVERED,R031,Truck
SH0586,,W03,F01,P003,71,2026-06-14,2026-06-15,2026-06-15,DELIVERED,R038,Truck
SH0587,S006,S006,W05,P002,25,2026-08-12,2026-08-13,2026-08-13,DELIVERED,R002,Truck
SH0588,S001,S001,W03,P005,128,2026-06-13,2026-06-14,2026-06-14,DELIVERED,R040,Truck
SH0589,S002,S002,W03,P002,41,2026-07-30,2026-07-31,2026-07-31,DELIVERED,R026,Truck
SH0590,,W01,C016,P011,53,2026-07-31,2026-08-01,2026-08-03,DELIVERED,R042,Truck
SH0591,,W03,C010,P015,7,2026-06-30,2026-07-01,2026-07-02,DELIVERED,R031,Truck
SH0592,S007,S007,W02,P004,143,2026-08-24,2026-08-25,2026-08-25,DELIVERED,R007,Truck
SH0593,S007,S007,W02,P006,65,2026-06-24,2026-06-25,2026-06-25,DELIVERED,R007,Truck
SH0594,S008,S008,W02,P002,143,2026-08-01,2026-08-02,2026-08-02,DELIVERED,R016,Truck
SH0595,S009,S009,W03,P010,59,2026-07-07,2026-07-08,2026-07-09,DELIVERED,R003,Truck
SH0596,,W02,C001,P011,51,2026-07-07,2026-07-08,2026-07-08,DELIVERED,R014,Truck
SH0597,S007,S007,W02,P004,87,2026-07-05,2026-07-06,2026-07-06,DELIVERED,R007,Truck
SH0598,S009,S009,W03,P009,103,2026-08-15,2026-08-16,2026-08-17,DELIVERED,R003,Truck
SH0599,S009,S009,W03,P010,176,2026-07-08,2026-07-09,2026-07-10,DELIVERED,R003,Truck
SH0600,S007,S007,W02,P008,79,2026-06-22,2026-06-23,2026-06-23,DELIVERED,R007,Truck
