Flight_ID,Carrier_Code,Carrier_Name,Origin_City,Origin_IATA,Destination_City,Destination_IATA,Great_Circle_km,Departure_UTC,Arrival_UTC,Block_Hours,Cutoff_UTC,ULD_Capacity_kg,ULD_Volume_m3,Booked_kg,Cost_per_kg,CO2_per_ton_km,Volumetric_Divisor,Accepts_Hazmat,Flight_Status
AF0001,QP,Akasa Freight,Chennai,MAA,Pune,PNQ,914.4,2026-09-18T05:00,2026-09-18T07:13,2.22,2026-09-18T01:00,1588,9.51,1153,95.47,0.62585,6000,NO,SCHEDULED
AF0002,QP,Akasa Freight,Pune,PNQ,Chennai,MAA,914.4,2026-09-24T07:00,2026-09-24T09:13,2.22,2026-09-24T03:00,1588,9.51,1162,86.97,0.60598,6000,NO,SCHEDULED
AF0003,BDQ,BlueDart Aviation,Pune,PNQ,Chennai,MAA,914.4,2026-09-18T17:00,2026-09-18T19:13,2.22,2026-09-18T13:00,4626,27.7,2055,91.9,0.54996,6000,YES,SCHEDULED
AF0004,BDQ,BlueDart Aviation,Pune,PNQ,Chennai,MAA,914.4,2026-09-21T17:00,2026-09-21T19:13,2.22,2026-09-21T13:00,1588,9.51,1053,39.98,0.59364,6000,YES,SCHEDULED
AF0005,BDQ,BlueDart Aviation,Chennai,MAA,Mumbai,BOM,1033.1,2026-09-22T12:00,2026-09-22T14:24,2.42,2026-09-22T08:00,6804,40.74,2120,54.0,0.61387,6000,NO,SCHEDULED
AF0006,AI,Air India Cargo,Mumbai,BOM,Chennai,MAA,1033.1,2026-09-21T06:00,2026-09-21T08:24,2.42,2026-09-21T02:00,6804,40.74,3523,89.01,0.60525,6000,YES,SCHEDULED
AF0007,AI,Air India Cargo,Mumbai,BOM,Chennai,MAA,1033.1,2026-09-24T10:00,2026-09-24T12:24,2.42,2026-09-24T06:00,6804,40.74,3855,62.23,0.60404,6000,NO,SCHEDULED
AF0008,6E,IndiGo CarGo,Chennai,MAA,Nagpur,NAG,905.3,2026-09-19T17:00,2026-09-19T19:12,2.21,2026-09-19T13:00,3175,19.01,1925,61.98,0.63504,6000,NO,SCHEDULED
AF0009,BDQ,BlueDart Aviation,Nagpur,NAG,Chennai,MAA,905.3,2026-09-18T18:00,2026-09-18T20:12,2.21,2026-09-18T14:00,3175,19.01,2470,46.24,0.60954,6000,NO,SCHEDULED
AF0010,BDQ,BlueDart Aviation,Nagpur,NAG,Chennai,MAA,905.3,2026-09-19T19:00,2026-09-19T21:12,2.21,2026-09-19T15:00,3175,19.01,1320,91.92,0.68915,6000,NO,SCHEDULED
AF0011,QP,Akasa Freight,Nagpur,NAG,Chennai,MAA,905.3,2026-09-20T16:00,2026-09-20T18:12,2.21,2026-09-20T12:00,3175,19.01,1989,85.32,0.59113,6000,NO,SCHEDULED
AF0012,AI,Air India Cargo,Chennai,MAA,Ahmedabad,AMD,1371.8,2026-09-19T02:00,2026-09-19T04:57,2.96,2026-09-18T22:00,4626,27.7,1502,92.35,0.60879,6000,NO,SCHEDULED
AF0013,AI,Air India Cargo,Ahmedabad,AMD,Chennai,MAA,1371.8,2026-09-18T13:00,2026-09-18T15:57,2.96,2026-09-18T09:00,3175,19.01,1679,47.06,0.57425,6000,YES,SCHEDULED
AF0014,BDQ,BlueDart Aviation,Chennai,MAA,Delhi,DEL,1767.7,2026-09-21T07:00,2026-09-21T10:36,3.6,2026-09-21T03:00,6804,40.74,3768,91.5,0.64074,6000,NO,SCHEDULED
AF0015,QP,Akasa Freight,Chennai,MAA,Delhi,DEL,1767.7,2026-09-24T15:00,2026-09-24T18:36,3.6,2026-09-24T11:00,6804,40.74,3050,58.6,0.57042,6000,NO,SCHEDULED
AF0016,AI,Air India Cargo,Chennai,MAA,Delhi,DEL,1767.7,2026-09-19T13:00,2026-09-19T16:36,3.6,2026-09-19T09:00,6804,40.74,2786,78.91,0.61748,6000,NO,SCHEDULED
AF0017,QP,Akasa Freight,Delhi,DEL,Chennai,MAA,1767.7,2026-09-18T08:00,2026-09-18T11:36,3.6,2026-09-18T04:00,4626,27.7,1430,93.09,0.55183,6000,YES,SCHEDULED
AF0018,AI,Air India Cargo,Chennai,MAA,Kolkata,CCU,1358.4,2026-09-18T19:00,2026-09-18T21:56,2.94,2026-09-18T15:00,3175,19.01,1530,69.16,0.62426,6000,NO,SCHEDULED
AF0019,AI,Air India Cargo,Chennai,MAA,Kolkata,CCU,1358.4,2026-09-20T12:00,2026-09-20T14:56,2.94,2026-09-20T08:00,3175,19.01,1565,49.42,0.5966,6000,NO,SCHEDULED
AF0020,AI,Air India Cargo,Kolkata,CCU,Chennai,MAA,1358.4,2026-09-19T08:00,2026-09-19T10:56,2.94,2026-09-19T04:00,4626,27.7,3405,59.97,0.62048,6000,YES,SCHEDULED
AF0021,AI,Air India Cargo,Coimbatore,CJB,Hyderabad,HYD,727.1,2026-09-21T03:00,2026-09-21T04:55,1.92,2026-09-20T23:00,6804,40.74,5103,41.41,0.58907,6000,NO,SCHEDULED
AF0022,QP,Akasa Freight,Coimbatore,CJB,Hyderabad,HYD,727.1,2026-09-24T18:00,2026-09-24T19:55,1.92,2026-09-24T14:00,3175,19.01,979,70.6,0.60242,6000,YES,SCHEDULED
AF0023,QP,Akasa Freight,Hyderabad,HYD,Coimbatore,CJB,727.1,2026-09-18T16:00,2026-09-18T17:55,1.92,2026-09-18T12:00,6804,40.74,4396,73.52,0.60459,6000,YES,SCHEDULED
AF0024,QP,Akasa Freight,Coimbatore,CJB,Pune,PNQ,898.3,2026-09-24T01:00,2026-09-24T03:11,2.2,2026-09-23T21:00,1588,9.51,953,50.54,0.67152,6000,NO,SCHEDULED
AF0025,AI,Air India Cargo,Coimbatore,CJB,Pune,PNQ,898.3,2026-09-20T01:00,2026-09-20T03:11,2.2,2026-09-19T21:00,1588,9.51,736,78.82,0.57484,6000,NO,SCHEDULED
AF0026,AI,Air India Cargo,Coimbatore,CJB,Pune,PNQ,898.3,2026-09-24T16:00,2026-09-24T18:11,2.2,2026-09-24T12:00,6804,40.74,2557,54.95,0.64017,6000,YES,SCHEDULED
AF0027,QP,Akasa Freight,Pune,PNQ,Coimbatore,CJB,898.3,2026-09-19T07:00,2026-09-19T09:11,2.2,2026-09-19T03:00,4626,27.7,1271,80.25,0.58,6000,NO,SCHEDULED
AF0028,AI,Air India Cargo,Pune,PNQ,Coimbatore,CJB,898.3,2026-09-24T17:00,2026-09-24T19:11,2.2,2026-09-24T13:00,6804,40.74,4943,65.36,0.53443,6000,NO,SCHEDULED
AF0029,6E,IndiGo CarGo,Coimbatore,CJB,Mumbai,BOM,997.2,2026-09-20T18:00,2026-09-20T20:21,2.36,2026-09-20T14:00,4626,27.7,2413,72.69,0.61881,6000,YES,SCHEDULED
AF0030,BDQ,BlueDart Aviation,Coimbatore,CJB,Mumbai,BOM,997.2,2026-09-18T09:00,2026-09-18T11:21,2.36,2026-09-18T05:00,3175,19.01,1155,58.42,0.62624,6000,NO,SCHEDULED
AF0031,6E,IndiGo CarGo,Coimbatore,CJB,Mumbai,BOM,997.2,2026-09-23T19:00,2026-09-23T21:21,2.36,2026-09-23T15:00,3175,19.01,2632,39.89,0.57006,6000,NO,SCHEDULED
AF0032,6E,IndiGo CarGo,Mumbai,BOM,Coimbatore,CJB,997.2,2026-09-20T06:00,2026-09-20T08:21,2.36,2026-09-20T02:00,3175,19.01,1211,49.49,0.58577,6000,NO,SCHEDULED
AF0033,BDQ,BlueDart Aviation,Mumbai,BOM,Coimbatore,CJB,997.2,2026-09-23T13:00,2026-09-23T15:21,2.36,2026-09-23T09:00,1588,9.51,1224,46.04,0.61596,6000,NO,SCHEDULED
AF0034,AI,Air India Cargo,Mumbai,BOM,Coimbatore,CJB,997.2,2026-09-19T20:00,2026-09-19T22:21,2.36,2026-09-19T16:00,6804,40.74,4134,42.01,0.6156,6000,NO,SCHEDULED
AF0035,QP,Akasa Freight,Coimbatore,CJB,Visakhapatnam,VTZ,1002.3,2026-09-23T21:00,2026-09-23T23:21,2.37,2026-09-23T17:00,3175,19.01,2241,41.85,0.68463,6000,YES,SCHEDULED
AF0036,6E,IndiGo CarGo,Coimbatore,CJB,Visakhapatnam,VTZ,1002.3,2026-09-18T07:00,2026-09-18T09:21,2.37,2026-09-18T03:00,1588,9.51,453,87.51,0.52433,6000,NO,SCHEDULED
AF0037,AI,Air India Cargo,Visakhapatnam,VTZ,Coimbatore,CJB,1002.3,2026-09-19T18:00,2026-09-19T20:21,2.37,2026-09-19T14:00,6804,40.74,3847,95.37,0.60992,6000,YES,SCHEDULED
AF0038,AI,Air India Cargo,Visakhapatnam,VTZ,Coimbatore,CJB,1002.3,2026-09-24T02:00,2026-09-24T04:21,2.37,2026-09-23T22:00,3175,19.01,2566,76.58,0.61313,6000,NO,SCHEDULED
AF0039,AI,Air India Cargo,Visakhapatnam,VTZ,Coimbatore,CJB,1002.3,2026-09-23T10:00,2026-09-23T12:21,2.37,2026-09-23T06:00,1588,9.51,918,64.81,0.64107,6000,NO,SCHEDULED
AF0040,BDQ,BlueDart Aviation,Coimbatore,CJB,Nagpur,NAG,1149.0,2026-09-19T20:00,2026-09-19T22:36,2.6,2026-09-19T16:00,3175,19.01,1093,88.58,0.64791,6000,NO,SCHEDULED
AF0041,AI,Air India Cargo,Coimbatore,CJB,Nagpur,NAG,1149.0,2026-09-22T22:00,2026-09-23T00:36,2.6,2026-09-22T18:00,6804,40.74,2719,46.73,0.60099,6000,NO,SCHEDULED
AF0042,BDQ,BlueDart Aviation,Nagpur,NAG,Coimbatore,CJB,1149.0,2026-09-19T22:00,2026-09-20T00:36,2.6,2026-09-19T18:00,3175,19.01,2290,42.17,0.64822,6000,YES,SCHEDULED
AF0043,BDQ,BlueDart Aviation,Coimbatore,CJB,Ahmedabad,AMD,1413.7,2026-09-20T13:00,2026-09-20T16:01,3.03,2026-09-20T09:00,1588,9.51,992,95.49,0.59671,6000,NO,SCHEDULED
AF0044,6E,IndiGo CarGo,Ahmedabad,AMD,Coimbatore,CJB,1413.7,2026-09-20T13:00,2026-09-20T16:01,3.03,2026-09-20T09:00,4626,27.7,3465,81.68,0.60798,6000,YES,SCHEDULED
AF0045,QP,Akasa Freight,Ahmedabad,AMD,Coimbatore,CJB,1413.7,2026-09-19T06:00,2026-09-19T09:01,3.03,2026-09-19T02:00,4626,27.7,2023,57.13,0.6512,6000,NO,SCHEDULED
AF0046,BDQ,BlueDart Aviation,Coimbatore,CJB,Delhi,DEL,1966.8,2026-09-24T11:00,2026-09-24T14:55,3.92,2026-09-24T07:00,3175,19.01,1868,66.25,0.64824,6000,NO,SCHEDULED
AF0047,BDQ,BlueDart Aviation,Coimbatore,CJB,Delhi,DEL,1966.8,2026-09-21T04:00,2026-09-21T07:55,3.92,2026-09-21T00:00,1588,9.51,1328,45.18,0.59487,6000,YES,SCHEDULED
AF0048,6E,IndiGo CarGo,Delhi,DEL,Coimbatore,CJB,1966.8,2026-09-19T20:00,2026-09-19T23:55,3.92,2026-09-19T16:00,6804,40.74,1995,78.13,0.60328,6000,YES,SCHEDULED
AF0049,QP,Akasa Freight,Delhi,DEL,Coimbatore,CJB,1966.8,2026-09-18T19:00,2026-09-18T22:55,3.92,2026-09-18T15:00,6804,40.74,4213,56.7,0.62295,6000,YES,SCHEDULED
AF0050,QP,Akasa Freight,Delhi,DEL,Coimbatore,CJB,1966.8,2026-09-18T13:00,2026-09-18T16:55,3.92,2026-09-18T09:00,1588,9.51,834,81.86,0.54578,6000,NO,SCHEDULED
AF0051,6E,IndiGo CarGo,Coimbatore,CJB,Kolkata,CCU,1766.1,2026-09-19T16:00,2026-09-19T19:35,3.6,2026-09-19T12:00,4626,27.7,2559,71.15,0.58884,6000,NO,SCHEDULED
AF0052,BDQ,BlueDart Aviation,Coimbatore,CJB,Kolkata,CCU,1766.1,2026-09-22T17:00,2026-09-22T20:35,3.6,2026-09-22T13:00,4626,27.7,3072,79.77,0.61052,6000,YES,SCHEDULED
AF0053,QP,Akasa Freight,Kolkata,CCU,Coimbatore,CJB,1766.1,2026-09-24T12:00,2026-09-24T15:35,3.6,2026-09-24T08:00,1588,9.51,498,53.84,0.59142,6000,YES,SCHEDULED
AF0054,QP,Akasa Freight,Kolkata,CCU,Coimbatore,CJB,1766.1,2026-09-21T15:00,2026-09-21T18:35,3.6,2026-09-21T11:00,3175,19.01,1978,50.86,0.56014,6000,YES,SCHEDULED
AF0055,6E,IndiGo CarGo,Kolkata,CCU,Coimbatore,CJB,1766.1,2026-09-20T14:00,2026-09-20T17:35,3.6,2026-09-20T10:00,6804,40.74,3152,63.88,0.53588,6000,YES,SCHEDULED
AF0056,AI,Air India Cargo,Bengaluru,BLR,Pune,PNQ,735.2,2026-09-21T06:00,2026-09-21T07:56,1.94,2026-09-21T02:00,3175,19.01,894,46.29,0.63711,6000,NO,SCHEDULED
AF0057,BDQ,BlueDart Aviation,Bengaluru,BLR,Pune,PNQ,735.2,2026-09-24T09:00,2026-09-24T10:56,1.94,2026-09-24T05:00,4626,27.7,1840,44.13,0.63374,6000,YES,SCHEDULED
AF0058,AI,Air India Cargo,Pune,PNQ,Bengaluru,BLR,735.2,2026-09-23T17:00,2026-09-23T18:56,1.94,2026-09-23T13:00,6804,40.74,2176,73.3,0.57312,6000,NO,SCHEDULED
AF0059,BDQ,BlueDart Aviation,Pune,PNQ,Bengaluru,BLR,735.2,2026-09-19T02:00,2026-09-19T03:56,1.94,2026-09-18T22:00,6804,40.74,5488,68.28,0.57345,6000,NO,SCHEDULED
AF0060,BDQ,BlueDart Aviation,Pune,PNQ,Bengaluru,BLR,735.2,2026-09-23T19:00,2026-09-23T20:56,1.94,2026-09-23T15:00,4626,27.7,1255,77.61,0.6256,6000,YES,SCHEDULED
AF0061,QP,Akasa Freight,Bengaluru,BLR,Mumbai,BOM,845.3,2026-09-19T19:00,2026-09-19T21:06,2.11,2026-09-19T15:00,1588,9.51,1337,92.35,0.58977,6000,NO,SCHEDULED
AF0062,BDQ,BlueDart Aviation,Bengaluru,BLR,Mumbai,BOM,845.3,2026-09-21T16:00,2026-09-21T18:06,2.11,2026-09-21T12:00,3175,19.01,1032,43.61,0.56526,6000,YES,SCHEDULED
AF0063,6E,IndiGo CarGo,Mumbai,BOM,Bengaluru,BLR,845.3,2026-09-18T05:00,2026-09-18T07:06,2.11,2026-09-18T01:00,6804,40.74,2623,47.47,0.64315,6000,NO,SCHEDULED
AF0064,QP,Akasa Freight,Mumbai,BOM,Bengaluru,BLR,845.3,2026-09-23T14:00,2026-09-23T16:06,2.11,2026-09-23T10:00,3175,19.01,1095,90.98,0.61984,6000,YES,SCHEDULED
AF0065,AI,Air India Cargo,Bengaluru,BLR,Visakhapatnam,VTZ,799.0,2026-09-22T12:00,2026-09-22T14:02,2.04,2026-09-22T08:00,4626,27.7,3019,78.05,0.59363,6000,YES,SCHEDULED
AF0066,BDQ,BlueDart Aviation,Bengaluru,BLR,Visakhapatnam,VTZ,799.0,2026-09-22T04:00,2026-09-22T06:02,2.04,2026-09-22T00:00,6804,40.74,3318,38.72,0.59857,6000,NO,SCHEDULED
AF0067,6E,IndiGo CarGo,Bengaluru,BLR,Visakhapatnam,VTZ,799.0,2026-09-21T12:00,2026-09-21T14:02,2.04,2026-09-21T08:00,3175,19.01,1293,68.6,0.60193,6000,YES,SCHEDULED
AF0068,6E,IndiGo CarGo,Visakhapatnam,VTZ,Bengaluru,BLR,799.0,2026-09-22T08:00,2026-09-22T10:02,2.04,2026-09-22T04:00,6804,40.74,4029,66.96,0.59834,6000,YES,SCHEDULED
AF0069,AI,Air India Cargo,Visakhapatnam,VTZ,Bengaluru,BLR,799.0,2026-09-20T07:00,2026-09-20T09:02,2.04,2026-09-20T03:00,4626,27.7,1229,53.22,0.63314,6000,NO,SCHEDULED
AF0070,BDQ,BlueDart Aviation,Bengaluru,BLR,Nagpur,NAG,922.7,2026-09-22T14:00,2026-09-22T16:14,2.24,2026-09-22T10:00,4626,27.7,3332,67.96,0.62987,6000,NO,SCHEDULED
AF0071,AI,Air India Cargo,Bengaluru,BLR,Nagpur,NAG,922.7,2026-09-18T16:00,2026-09-18T18:14,2.24,2026-09-18T12:00,1588,9.51,1052,95.74,0.60574,6000,NO,SCHEDULED
AF0072,QP,Akasa Freight,Bengaluru,BLR,Nagpur,NAG,922.7,2026-09-23T11:00,2026-09-23T13:14,2.24,2026-09-23T07:00,6804,40.74,4038,73.96,0.59556,6000,YES,SCHEDULED
AF0073,6E,IndiGo CarGo,Nagpur,NAG,Bengaluru,BLR,922.7,2026-09-18T21:00,2026-09-18T23:14,2.24,2026-09-18T17:00,3175,19.01,2466,42.45,0.62289,6000,NO,SCHEDULED
AF0074,6E,IndiGo CarGo,Nagpur,NAG,Bengaluru,BLR,922.7,2026-09-22T10:00,2026-09-22T12:14,2.24,2026-09-22T06:00,6804,40.74,2412,64.16,0.61854,6000,YES,SCHEDULED
AF0075,AI,Air India Cargo,Nagpur,NAG,Bengaluru,BLR,922.7,2026-09-22T20:00,2026-09-22T22:14,2.24,2026-09-22T16:00,6804,40.74,2234,55.13,0.57651,6000,NO,SCHEDULED
AF0076,AI,Air India Cargo,Bengaluru,BLR,Ahmedabad,AMD,1237.0,2026-09-20T21:00,2026-09-20T23:44,2.75,2026-09-20T17:00,6804,40.74,5776,61.85,0.59243,6000,NO,SCHEDULED
AF0077,QP,Akasa Freight,Bengaluru,BLR,Ahmedabad,AMD,1237.0,2026-09-23T11:00,2026-09-23T13:44,2.75,2026-09-23T07:00,1588,9.51,541,73.62,0.55198,6000,NO,SCHEDULED
AF0078,AI,Air India Cargo,Ahmedabad,AMD,Bengaluru,BLR,1237.0,2026-09-20T20:00,2026-09-20T22:44,2.75,2026-09-20T16:00,6804,40.74,3813,82.83,0.59067,6000,NO,SCHEDULED
AF0079,AI,Air India Cargo,Bengaluru,BLR,Delhi,DEL,1750.1,2026-09-19T09:00,2026-09-19T12:34,3.57,2026-09-19T05:00,6804,40.74,5229,90.32,0.60339,6000,YES,SCHEDULED
AF0080,AI,Air India Cargo,Bengaluru,BLR,Delhi,DEL,1750.1,2026-09-19T13:00,2026-09-19T16:34,3.57,2026-09-19T09:00,6804,40.74,4149,62.5,0.61538,6000,NO,SCHEDULED
AF0081,6E,IndiGo CarGo,Bengaluru,BLR,Delhi,DEL,1750.1,2026-09-20T15:00,2026-09-20T18:34,3.57,2026-09-20T11:00,1588,9.51,479,66.8,0.60753,6000,NO,SCHEDULED
AF0082,QP,Akasa Freight,Delhi,DEL,Bengaluru,BLR,1750.1,2026-09-19T10:00,2026-09-19T13:34,3.57,2026-09-19T06:00,1588,9.51,606,85.73,0.57289,6000,YES,SCHEDULED
AF0083,AI,Air India Cargo,Delhi,DEL,Bengaluru,BLR,1750.1,2026-09-23T17:00,2026-09-23T20:34,3.57,2026-09-23T13:00,6804,40.74,5399,54.88,0.60449,6000,YES,SCHEDULED
AF0084,QP,Akasa Freight,Delhi,DEL,Bengaluru,BLR,1750.1,2026-09-24T18:00,2026-09-24T21:34,3.57,2026-09-24T14:00,1588,9.51,1243,95.6,0.61631,6000,YES,SCHEDULED
AF0085,AI,Air India Cargo,Bengaluru,BLR,Kolkata,CCU,1560.7,2026-09-23T02:00,2026-09-23T05:16,3.27,2026-09-22T22:00,3175,19.01,2647,60.88,0.54707,6000,NO,SCHEDULED
AF0086,BDQ,BlueDart Aviation,Bengaluru,BLR,Kolkata,CCU,1560.7,2026-09-19T07:00,2026-09-19T10:16,3.27,2026-09-19T03:00,6804,40.74,3400,60.86,0.63855,6000,NO,SCHEDULED
AF0087,BDQ,BlueDart Aviation,Kolkata,CCU,Bengaluru,BLR,1560.7,2026-09-20T20:00,2026-09-20T23:16,3.27,2026-09-20T16:00,4626,27.7,2831,65.1,0.62731,6000,NO,SCHEDULED
AF0088,6E,IndiGo CarGo,Kolkata,CCU,Bengaluru,BLR,1560.7,2026-09-19T09:00,2026-09-19T12:16,3.27,2026-09-19T05:00,3175,19.01,1957,67.06,0.63067,6000,YES,SCHEDULED
AF0089,QP,Akasa Freight,Hyderabad,HYD,Kochi,COK,862.8,2026-09-23T02:00,2026-09-23T04:08,2.14,2026-09-22T22:00,3175,19.01,2395,87.51,0.6084,6000,NO,SCHEDULED
AF0090,QP,Akasa Freight,Hyderabad,HYD,Kochi,COK,862.8,2026-09-19T18:00,2026-09-19T20:08,2.14,2026-09-19T14:00,4626,27.7,1852,76.94,0.60072,6000,NO,SCHEDULED
AF0091,BDQ,BlueDart Aviation,Kochi,COK,Hyderabad,HYD,862.8,2026-09-20T09:00,2026-09-20T11:08,2.14,2026-09-20T05:00,1588,9.51,1384,88.74,0.62306,6000,YES,SCHEDULED
AF0092,QP,Akasa Freight,Hyderabad,HYD,Madurai,IXM,830.4,2026-09-18T21:00,2026-09-18T23:05,2.09,2026-09-18T17:00,3175,19.01,2535,77.95,0.61998,6000,NO,SCHEDULED
AF0093,QP,Akasa Freight,Hyderabad,HYD,Madurai,IXM,830.4,2026-09-23T13:00,2026-09-23T15:05,2.09,2026-09-23T09:00,4626,27.7,2521,89.76,0.65346,6000,NO,SCHEDULED
AF0094,QP,Akasa Freight,Hyderabad,HYD,Madurai,IXM,830.4,2026-09-22T18:00,2026-09-22T20:05,2.09,2026-09-22T14:00,6804,40.74,2760,52.48,0.60691,6000,YES,SCHEDULED
AF0095,6E,IndiGo CarGo,Madurai,IXM,Hyderabad,HYD,830.4,2026-09-20T12:00,2026-09-20T14:05,2.09,2026-09-20T08:00,4626,27.7,1191,70.28,0.59661,6000,YES,SCHEDULED
AF0096,BDQ,BlueDart Aviation,Madurai,IXM,Hyderabad,HYD,830.4,2026-09-19T08:00,2026-09-19T10:05,2.09,2026-09-19T04:00,4626,27.7,1645,80.97,0.58941,6000,NO,SCHEDULED
AF0097,AI,Air India Cargo,Madurai,IXM,Hyderabad,HYD,830.4,2026-09-19T09:00,2026-09-19T11:05,2.09,2026-09-19T05:00,4626,27.7,1164,55.33,0.62316,6000,NO,SCHEDULED
AF0098,QP,Akasa Freight,Hyderabad,HYD,Ahmedabad,AMD,879.5,2026-09-19T14:00,2026-09-19T16:10,2.17,2026-09-19T10:00,3175,19.01,1156,68.72,0.65102,6000,NO,SCHEDULED
AF0099,BDQ,BlueDart Aviation,Hyderabad,HYD,Ahmedabad,AMD,879.5,2026-09-18T07:00,2026-09-18T09:10,2.17,2026-09-18T03:00,6804,40.74,2451,82.36,0.63273,6000,YES,SCHEDULED
AF0100,6E,IndiGo CarGo,Hyderabad,HYD,Ahmedabad,AMD,879.5,2026-09-19T18:00,2026-09-19T20:10,2.17,2026-09-19T14:00,1588,9.51,894,39.91,0.64201,6000,YES,SCHEDULED
AF0101,BDQ,BlueDart Aviation,Ahmedabad,AMD,Hyderabad,HYD,879.5,2026-09-18T02:00,2026-09-18T04:10,2.17,2026-09-17T22:00,4626,27.7,3480,88.44,0.63142,6000,NO,SCHEDULED
AF0102,BDQ,BlueDart Aviation,Ahmedabad,AMD,Hyderabad,HYD,879.5,2026-09-21T12:00,2026-09-21T14:10,2.17,2026-09-21T08:00,3175,19.01,2632,43.83,0.56944,6000,NO,SCHEDULED
AF0103,QP,Akasa Freight,Hyderabad,HYD,Delhi,DEL,1266.5,2026-09-24T12:00,2026-09-24T14:47,2.79,2026-09-24T08:00,3175,19.01,2144,86.78,0.52175,6000,NO,SCHEDULED
AF0104,AI,Air India Cargo,Hyderabad,HYD,Delhi,DEL,1266.5,2026-09-23T05:00,2026-09-23T07:47,2.79,2026-09-23T01:00,6804,40.74,1910,81.74,0.56864,6000,NO,SCHEDULED
AF0105,QP,Akasa Freight,Delhi,DEL,Hyderabad,HYD,1266.5,2026-09-18T06:00,2026-09-18T08:47,2.79,2026-09-18T02:00,4626,27.7,1497,43.99,0.60731,6000,NO,SCHEDULED
AF0106,6E,IndiGo CarGo,Delhi,DEL,Hyderabad,HYD,1266.5,2026-09-20T05:00,2026-09-20T07:47,2.79,2026-09-20T01:00,6804,40.74,4645,69.27,0.57537,6000,NO,SCHEDULED
AF0107,QP,Akasa Freight,Hyderabad,HYD,Kolkata,CCU,1181.9,2026-09-23T16:00,2026-09-23T18:39,2.66,2026-09-23T12:00,1588,9.51,1137,95.33,0.65631,6000,NO,SCHEDULED
AF0108,QP,Akasa Freight,Hyderabad,HYD,Kolkata,CCU,1181.9,2026-09-22T19:00,2026-09-22T21:39,2.66,2026-09-22T15:00,3175,19.01,2152,82.68,0.68073,6000,NO,SCHEDULED
AF0109,QP,Akasa Freight,Hyderabad,HYD,Kolkata,CCU,1181.9,2026-09-18T10:00,2026-09-18T12:39,2.66,2026-09-18T06:00,4626,27.7,1503,52.2,0.63348,6000,YES,SCHEDULED
AF0110,6E,IndiGo CarGo,Kolkata,CCU,Hyderabad,HYD,1181.9,2026-09-24T04:00,2026-09-24T06:39,2.66,2026-09-24T00:00,1588,9.51,1270,78.22,0.6139,6000,NO,SCHEDULED
AF0111,6E,IndiGo CarGo,Kolkata,CCU,Hyderabad,HYD,1181.9,2026-09-21T13:00,2026-09-21T15:39,2.66,2026-09-21T09:00,4626,27.7,2895,63.21,0.62154,6000,NO,SCHEDULED
AF0112,AI,Air India Cargo,Kolkata,CCU,Hyderabad,HYD,1181.9,2026-09-22T15:00,2026-09-22T17:39,2.66,2026-09-22T11:00,4626,27.7,3942,94.88,0.58615,6000,NO,SCHEDULED
AF0113,6E,IndiGo CarGo,Hyderabad,HYD,Tiruchirappalli,TRZ,733.7,2026-09-19T19:00,2026-09-19T20:55,1.93,2026-09-19T15:00,6804,40.74,4857,50.87,0.62737,6000,NO,SCHEDULED
AF0114,BDQ,BlueDart Aviation,Tiruchirappalli,TRZ,Hyderabad,HYD,733.7,2026-09-23T16:00,2026-09-23T17:55,1.93,2026-09-23T12:00,3175,19.01,2093,53.69,0.68677,6000,NO,SCHEDULED
AF0115,6E,IndiGo CarGo,Pune,PNQ,Kochi,COK,989.7,2026-09-23T09:00,2026-09-23T11:20,2.35,2026-09-23T05:00,3175,19.01,1670,52.23,0.58243,6000,NO,SCHEDULED
AF0116,BDQ,BlueDart Aviation,Pune,PNQ,Kochi,COK,989.7,2026-09-19T13:00,2026-09-19T15:20,2.35,2026-09-19T09:00,1588,9.51,1164,59.84,0.6003,6000,NO,SCHEDULED
AF0117,BDQ,BlueDart Aviation,Kochi,COK,Pune,PNQ,989.7,2026-09-20T08:00,2026-09-20T10:20,2.35,2026-09-20T04:00,4626,27.7,3894,76.33,0.63605,6000,YES,SCHEDULED
AF0118,6E,IndiGo CarGo,Pune,PNQ,Madurai,IXM,1060.2,2026-09-21T22:00,2026-09-22T00:27,2.46,2026-09-21T18:00,3175,19.01,1844,56.43,0.58294,6000,NO,SCHEDULED
AF0119,BDQ,BlueDart Aviation,Pune,PNQ,Madurai,IXM,1060.2,2026-09-18T19:00,2026-09-18T21:27,2.46,2026-09-18T15:00,3175,19.01,1907,91.98,0.60528,6000,NO,SCHEDULED
AF0120,BDQ,BlueDart Aviation,Pune,PNQ,Madurai,IXM,1060.2,2026-09-21T01:00,2026-09-21T03:27,2.46,2026-09-20T21:00,1588,9.51,646,44.87,0.58321,6000,NO,SCHEDULED
AF0121,AI,Air India Cargo,Madurai,IXM,Pune,PNQ,1060.2,2026-09-20T12:00,2026-09-20T14:27,2.46,2026-09-20T08:00,4626,27.7,1628,43.43,0.62594,6000,NO,SCHEDULED
AF0122,AI,Air India Cargo,Pune,PNQ,Visakhapatnam,VTZ,993.7,2026-09-21T08:00,2026-09-21T10:21,2.35,2026-09-21T04:00,1588,9.51,421,92.6,0.57175,6000,NO,SCHEDULED
AF0123,6E,IndiGo CarGo,Visakhapatnam,VTZ,Pune,PNQ,993.7,2026-09-24T22:00,2026-09-25T00:21,2.35,2026-09-24T18:00,4626,27.7,2935,95.23,0.57507,6000,YES,SCHEDULED
AF0124,AI,Air India Cargo,Pune,PNQ,Delhi,DEL,1179.5,2026-09-19T20:00,2026-09-19T22:39,2.65,2026-09-19T16:00,4626,27.7,2380,60.27,0.61892,6000,NO,SCHEDULED
AF0125,AI,Air India Cargo,Pune,PNQ,Delhi,DEL,1179.5,2026-09-24T11:00,2026-09-24T13:39,2.65,2026-09-24T07:00,3175,19.01,2091,94.14,0.61973,6000,YES,SCHEDULED
AF0126,QP,Akasa Freight,Delhi,DEL,Pune,PNQ,1179.5,2026-09-22T16:00,2026-09-22T18:39,2.65,2026-09-22T12:00,6804,40.74,3987,77.06,0.63211,6000,NO,SCHEDULED
AF0127,6E,IndiGo CarGo,Delhi,DEL,Pune,PNQ,1179.5,2026-09-23T06:00,2026-09-23T08:39,2.65,2026-09-23T02:00,3175,19.01,862,79.11,0.65134,6000,NO,SCHEDULED
AF0128,BDQ,BlueDart Aviation,Pune,PNQ,Kolkata,CCU,1575.4,2026-09-19T03:00,2026-09-19T06:17,3.29,2026-09-18T23:00,4626,27.7,1331,72.21,0.62135,6000,NO,SCHEDULED
AF0129,AI,Air India Cargo,Pune,PNQ,Kolkata,CCU,1575.4,2026-09-20T08:00,2026-09-20T11:17,3.29,2026-09-20T04:00,4626,27.7,2888,50.04,0.64984,6000,YES,SCHEDULED
AF0130,BDQ,BlueDart Aviation,Pune,PNQ,Kolkata,CCU,1575.4,2026-09-22T18:00,2026-09-22T21:17,3.29,2026-09-22T14:00,3175,19.01,1436,42.98,0.54758,6000,NO,SCHEDULED
AF0131,BDQ,BlueDart Aviation,Kolkata,CCU,Pune,PNQ,1575.4,2026-09-23T05:00,2026-09-23T08:17,3.29,2026-09-23T01:00,1588,9.51,565,54.45,0.61127,6000,NO,SCHEDULED
AF0132,QP,Akasa Freight,Pune,PNQ,Tiruchirappalli,TRZ,1005.1,2026-09-23T01:00,2026-09-23T03:22,2.37,2026-09-22T21:00,6804,40.74,5452,46.91,0.6176,6000,NO,SCHEDULED
AF0133,AI,Air India Cargo,Pune,PNQ,Tiruchirappalli,TRZ,1005.1,2026-09-24T18:00,2026-09-24T20:22,2.37,2026-09-24T14:00,4626,27.7,2136,47.11,0.59918,6000,NO,SCHEDULED
AF0134,QP,Akasa Freight,Pune,PNQ,Tiruchirappalli,TRZ,1005.1,2026-09-24T04:00,2026-09-24T06:22,2.37,2026-09-24T00:00,6804,40.74,5858,43.84,0.6322,6000,NO,SCHEDULED
AF0135,QP,Akasa Freight,Tiruchirappalli,TRZ,Pune,PNQ,1005.1,2026-09-20T08:00,2026-09-20T10:22,2.37,2026-09-20T04:00,6804,40.74,4160,48.63,0.58605,6000,NO,SCHEDULED
AF0136,AI,Air India Cargo,Tiruchirappalli,TRZ,Pune,PNQ,1005.1,2026-09-19T03:00,2026-09-19T05:22,2.37,2026-09-18T23:00,3175,19.01,1805,85.53,0.6186,6000,YES,SCHEDULED
AF0137,BDQ,BlueDart Aviation,Tiruchirappalli,TRZ,Pune,PNQ,1005.1,2026-09-19T16:00,2026-09-19T18:22,2.37,2026-09-19T12:00,4626,27.7,2944,54.14,0.66347,6000,NO,SCHEDULED
AF0138,6E,IndiGo CarGo,Mumbai,BOM,Kochi,COK,1080.2,2026-09-18T17:00,2026-09-18T19:29,2.49,2026-09-18T13:00,1588,9.51,457,69.84,0.60879,6000,NO,SCHEDULED
AF0139,QP,Akasa Freight,Mumbai,BOM,Kochi,COK,1080.2,2026-09-23T21:00,2026-09-23T23:29,2.49,2026-09-23T17:00,6804,40.74,3027,69.84,0.61039,6000,NO,SCHEDULED
AF0140,BDQ,BlueDart Aviation,Mumbai,BOM,Kochi,COK,1080.2,2026-09-22T03:00,2026-09-22T05:29,2.49,2026-09-21T23:00,1588,9.51,1376,43.69,0.63465,6000,NO,SCHEDULED
AF0141,6E,IndiGo CarGo,Kochi,COK,Mumbai,BOM,1080.2,2026-09-19T17:00,2026-09-19T19:29,2.49,2026-09-19T13:00,1588,9.51,1171,72.22,0.65353,6000,NO,SCHEDULED
AF0142,6E,IndiGo CarGo,Kochi,COK,Mumbai,BOM,1080.2,2026-09-23T17:00,2026-09-23T19:29,2.49,2026-09-23T13:00,3175,19.01,2572,82.2,0.65214,6000,NO,SCHEDULED
AF0143,BDQ,BlueDart Aviation,Mumbai,BOM,Madurai,IXM,1163.2,2026-09-22T17:00,2026-09-22T19:37,2.63,2026-09-22T13:00,6804,40.74,2093,56.92,0.5932,6000,YES,SCHEDULED
AF0144,AI,Air India Cargo,Madurai,IXM,Mumbai,BOM,1163.2,2026-09-18T13:00,2026-09-18T15:37,2.63,2026-09-18T09:00,1588,9.51,538,53.48,0.66368,6000,NO,SCHEDULED
AF0145,AI,Air India Cargo,Madurai,IXM,Mumbai,BOM,1163.2,2026-09-22T09:00,2026-09-22T11:37,2.63,2026-09-22T05:00,3175,19.01,922,52.73,0.55572,6000,YES,SCHEDULED
AF0146,6E,IndiGo CarGo,Mumbai,BOM,Visakhapatnam,VTZ,1101.9,2026-09-22T16:00,2026-09-22T18:31,2.53,2026-09-22T12:00,4626,27.7,1171,48.69,0.6004,6000,NO,SCHEDULED
AF0147,6E,IndiGo CarGo,Mumbai,BOM,Visakhapatnam,VTZ,1101.9,2026-09-24T15:00,2026-09-24T17:31,2.53,2026-09-24T11:00,6804,40.74,3618,81.47,0.56286,6000,NO,SCHEDULED
AF0148,AI,Air India Cargo,Mumbai,BOM,Visakhapatnam,VTZ,1101.9,2026-09-22T15:00,2026-09-22T17:31,2.53,2026-09-22T11:00,6804,40.74,2766,89.42,0.65036,6000,NO,SCHEDULED
AF0149,BDQ,BlueDart Aviation,Visakhapatnam,VTZ,Mumbai,BOM,1101.9,2026-09-22T14:00,2026-09-22T16:31,2.53,2026-09-22T10:00,6804,40.74,4347,46.8,0.65168,6000,NO,SCHEDULED
AF0150,6E,IndiGo CarGo,Mumbai,BOM,Nagpur,NAG,688.0,2026-09-22T18:00,2026-09-22T19:51,1.86,2026-09-22T14:00,3175,19.01,1282,89.2,0.67842,6000,NO,SCHEDULED
AF0151,BDQ,BlueDart Aviation,Mumbai,BOM,Nagpur,NAG,688.0,2026-09-20T15:00,2026-09-20T16:51,1.86,2026-09-20T11:00,1588,9.51,1128,64.01,0.59203,6000,YES,SCHEDULED
AF0152,BDQ,BlueDart Aviation,Nagpur,NAG,Mumbai,BOM,688.0,2026-09-21T16:00,2026-09-21T17:51,1.86,2026-09-21T12:00,1588,9.51,1304,57.57,0.54543,6000,NO,SCHEDULED
AF0153,BDQ,BlueDart Aviation,Mumbai,BOM,Delhi,DEL,1153.2,2026-09-19T06:00,2026-09-19T08:36,2.61,2026-09-19T02:00,1588,9.51,510,76.24,0.58946,6000,YES,SCHEDULED
AF0154,QP,Akasa Freight,Mumbai,BOM,Delhi,DEL,1153.2,2026-09-20T21:00,2026-09-20T23:36,2.61,2026-09-20T17:00,1588,9.51,850,69.72,0.61351,6000,YES,SCHEDULED
AF0155,6E,IndiGo CarGo,Mumbai,BOM,Delhi,DEL,1153.2,2026-09-24T04:00,2026-09-24T06:36,2.61,2026-09-24T00:00,6804,40.74,5835,65.0,0.61422,6000,NO,SCHEDULED
AF0156,AI,Air India Cargo,Delhi,DEL,Mumbai,BOM,1153.2,2026-09-22T06:00,2026-09-22T08:36,2.61,2026-09-22T02:00,1588,9.51,1350,49.33,0.57721,6000,YES,SCHEDULED
AF0157,AI,Air India Cargo,Mumbai,BOM,Kolkata,CCU,1654.8,2026-09-22T02:00,2026-09-22T05:25,3.42,2026-09-21T22:00,4626,27.7,2122,75.49,0.63577,6000,YES,SCHEDULED
AF0158,AI,Air India Cargo,Kolkata,CCU,Mumbai,BOM,1654.8,2026-09-22T06:00,2026-09-22T09:25,3.42,2026-09-22T02:00,3175,19.01,2106,64.18,0.59843,6000,NO,SCHEDULED
AF0159,BDQ,BlueDart Aviation,Mumbai,BOM,Mangaluru,IXE,717.0,2026-09-22T18:00,2026-09-22T19:54,1.91,2026-09-22T14:00,3175,19.01,1339,47.41,0.61795,6000,NO,SCHEDULED
AF0160,BDQ,BlueDart Aviation,Mumbai,BOM,Mangaluru,IXE,717.0,2026-09-21T02:00,2026-09-21T03:54,1.91,2026-09-20T22:00,1588,9.51,590,69.42,0.59972,6000,NO,SCHEDULED
AF0161,QP,Akasa Freight,Mumbai,BOM,Mangaluru,IXE,717.0,2026-09-24T03:00,2026-09-24T04:54,1.91,2026-09-23T23:00,3175,19.01,2596,43.7,0.59257,6000,YES,SCHEDULED
AF0162,BDQ,BlueDart Aviation,Mangaluru,IXE,Mumbai,BOM,717.0,2026-09-21T19:00,2026-09-21T20:54,1.91,2026-09-21T15:00,4626,27.7,3420,59.84,0.60977,6000,NO,SCHEDULED
AF0163,6E,IndiGo CarGo,Mangaluru,IXE,Mumbai,BOM,717.0,2026-09-21T22:00,2026-09-21T23:54,1.91,2026-09-21T18:00,1588,9.51,1224,75.09,0.55652,6000,YES,SCHEDULED
AF0164,6E,IndiGo CarGo,Mumbai,BOM,Tiruchirappalli,TRZ,1113.5,2026-09-24T07:00,2026-09-24T09:32,2.55,2026-09-24T03:00,1588,9.51,397,72.71,0.56528,6000,NO,SCHEDULED
AF0165,6E,IndiGo CarGo,Tiruchirappalli,TRZ,Mumbai,BOM,1113.5,2026-09-21T08:00,2026-09-21T10:32,2.55,2026-09-21T04:00,1588,9.51,453,91.13,0.62467,6000,YES,SCHEDULED
AF0166,6E,IndiGo CarGo,Tiruchirappalli,TRZ,Mumbai,BOM,1113.5,2026-09-18T22:00,2026-09-19T00:32,2.55,2026-09-18T18:00,6804,40.74,4765,72.85,0.58231,6000,NO,SCHEDULED
AF0167,6E,IndiGo CarGo,Kochi,COK,Visakhapatnam,VTZ,1142.8,2026-09-19T12:00,2026-09-19T14:35,2.59,2026-09-19T08:00,1588,9.51,1001,95.22,0.58256,6000,YES,SCHEDULED
AF0168,BDQ,BlueDart Aviation,Visakhapatnam,VTZ,Kochi,COK,1142.8,2026-09-21T15:00,2026-09-21T17:35,2.59,2026-09-21T11:00,3175,19.01,2527,59.15,0.59988,6000,NO,SCHEDULED
AF0169,6E,IndiGo CarGo,Visakhapatnam,VTZ,Kochi,COK,1142.8,2026-09-22T21:00,2026-09-22T23:35,2.59,2026-09-22T17:00,6804,40.74,3807,48.08,0.60912,6000,NO,SCHEDULED
AF0170,BDQ,BlueDart Aviation,Kochi,COK,Nagpur,NAG,1283.0,2026-09-23T04:00,2026-09-23T06:49,2.82,2026-09-23T00:00,6804,40.74,2315,54.72,0.58226,6000,NO,SCHEDULED
AF0171,QP,Akasa Freight,Nagpur,NAG,Kochi,COK,1283.0,2026-09-21T16:00,2026-09-21T18:49,2.82,2026-09-21T12:00,1588,9.51,785,70.19,0.61866,6000,NO,SCHEDULED
AF0172,QP,Akasa Freight,Kochi,COK,Ahmedabad,AMD,1507.8,2026-09-24T12:00,2026-09-24T15:10,3.18,2026-09-24T08:00,6804,40.74,5656,91.17,0.61323,6000,YES,SCHEDULED
AF0173,BDQ,BlueDart Aviation,Kochi,COK,Ahmedabad,AMD,1507.8,2026-09-20T02:00,2026-09-20T05:10,3.18,2026-09-19T22:00,1588,9.51,459,44.35,0.56907,6000,NO,SCHEDULED
AF0174,QP,Akasa Freight,Ahmedabad,AMD,Kochi,COK,1507.8,2026-09-24T18:00,2026-09-24T21:10,3.18,2026-09-24T14:00,6804,40.74,2328,81.38,0.57862,6000,NO,SCHEDULED
AF0175,BDQ,BlueDart Aviation,Kochi,COK,Delhi,DEL,2089.3,2026-09-19T02:00,2026-09-19T06:07,4.12,2026-09-18T22:00,3175,19.01,1342,85.09,0.59858,6000,NO,SCHEDULED
AF0176,6E,IndiGo CarGo,Kochi,COK,Delhi,DEL,2089.3,2026-09-18T18:00,2026-09-18T22:07,4.12,2026-09-18T14:00,6804,40.74,4603,49.3,0.59798,6000,NO,SCHEDULED
AF0177,AI,Air India Cargo,Delhi,DEL,Kochi,COK,2089.3,2026-09-19T03:00,2026-09-19T07:07,4.12,2026-09-18T23:00,1588,9.51,496,47.53,0.60045,6000,YES,SCHEDULED
AF0178,6E,IndiGo CarGo,Kochi,COK,Kolkata,CCU,1906.4,2026-09-19T06:00,2026-09-19T09:49,3.82,2026-09-19T02:00,3175,19.01,1437,90.1,0.5762,6000,YES,SCHEDULED
AF0179,BDQ,BlueDart Aviation,Kochi,COK,Kolkata,CCU,1906.4,2026-09-20T03:00,2026-09-20T06:49,3.82,2026-09-19T23:00,1588,9.51,953,58.04,0.63213,6000,YES,SCHEDULED
AF0180,AI,Air India Cargo,Kolkata,CCU,Kochi,COK,1906.4,2026-09-18T22:00,2026-09-19T01:49,3.82,2026-09-18T18:00,4626,27.7,1946,66.36,0.61355,6000,YES,SCHEDULED
AF0181,6E,IndiGo CarGo,Madurai,IXM,Visakhapatnam,VTZ,1023.4,2026-09-18T18:00,2026-09-18T20:24,2.4,2026-09-18T14:00,3175,19.01,1924,40.49,0.5622,6000,NO,SCHEDULED
AF0182,AI,Air India Cargo,Madurai,IXM,Visakhapatnam,VTZ,1023.4,2026-09-18T01:00,2026-09-18T03:24,2.4,2026-09-17T21:00,3175,19.01,1471,51.23,0.57776,6000,YES,SCHEDULED
AF0183,BDQ,BlueDart Aviation,Visakhapatnam,VTZ,Madurai,IXM,1023.4,2026-09-20T04:00,2026-09-20T06:24,2.4,2026-09-20T00:00,6804,40.74,4250,75.22,0.63365,6000,YES,SCHEDULED
AF0184,BDQ,BlueDart Aviation,Visakhapatnam,VTZ,Madurai,IXM,1023.4,2026-09-21T19:00,2026-09-21T21:24,2.4,2026-09-21T15:00,1588,9.51,930,56.78,0.61505,6000,NO,SCHEDULED
AF0185,AI,Air India Cargo,Madurai,IXM,Nagpur,NAG,1252.0,2026-09-18T01:00,2026-09-18T03:46,2.77,2026-09-17T21:00,3175,19.01,982,49.06,0.60324,6000,NO,SCHEDULED
AF0186,6E,IndiGo CarGo,Madurai,IXM,Nagpur,NAG,1252.0,2026-09-20T01:00,2026-09-20T03:46,2.77,2026-09-19T21:00,1588,9.51,830,58.46,0.56364,6000,NO,SCHEDULED
AF0187,AI,Air India Cargo,Nagpur,NAG,Madurai,IXM,1252.0,2026-09-19T11:00,2026-09-19T13:46,2.77,2026-09-19T07:00,1588,9.51,1153,66.82,0.54897,6000,NO,SCHEDULED
AF0188,BDQ,BlueDart Aviation,Nagpur,NAG,Madurai,IXM,1252.0,2026-09-18T21:00,2026-09-18T23:46,2.77,2026-09-18T17:00,3175,19.01,1305,95.97,0.56417,6000,NO,SCHEDULED
AF0189,BDQ,BlueDart Aviation,Madurai,IXM,Ahmedabad,AMD,1571.3,2026-09-18T05:00,2026-09-18T08:17,3.28,2026-09-18T01:00,1588,9.51,996,42.15,0.62876,6000,YES,SCHEDULED
AF0190,QP,Akasa Freight,Ahmedabad,AMD,Madurai,IXM,1571.3,2026-09-23T14:00,2026-09-23T17:17,3.28,2026-09-23T10:00,3175,19.01,921,80.77,0.63647,6000,NO,SCHEDULED
AF0191,AI,Air India Cargo,Ahmedabad,AMD,Madurai,IXM,1571.3,2026-09-23T07:00,2026-09-23T10:17,3.28,2026-09-23T03:00,3175,19.01,1661,79.05,0.57713,6000,NO,SCHEDULED
AF0192,6E,IndiGo CarGo,Madurai,IXM,Delhi,DEL,2090.8,2026-09-23T21:00,2026-09-24T01:07,4.12,2026-09-23T17:00,3175,19.01,2491,67.38,0.56116,6000,YES,SCHEDULED
AF0193,AI,Air India Cargo,Delhi,DEL,Madurai,IXM,2090.8,2026-09-22T01:00,2026-09-22T05:07,4.12,2026-09-21T21:00,1588,9.51,763,58.38,0.59193,6000,YES,SCHEDULED
AF0194,6E,IndiGo CarGo,Delhi,DEL,Madurai,IXM,2090.8,2026-09-23T07:00,2026-09-23T11:07,4.12,2026-09-23T03:00,6804,40.74,3159,85.66,0.61401,6000,NO,SCHEDULED
AF0195,QP,Akasa Freight,Madurai,IXM,Kolkata,CCU,1779.7,2026-09-21T10:00,2026-09-21T13:37,3.62,2026-09-21T06:00,4626,27.7,3474,72.2,0.59226,6000,NO,SCHEDULED
AF0196,BDQ,BlueDart Aviation,Madurai,IXM,Kolkata,CCU,1779.7,2026-09-18T12:00,2026-09-18T15:37,3.62,2026-09-18T08:00,1588,9.51,435,57.08,0.54173,6000,NO,SCHEDULED
AF0197,QP,Akasa Freight,Kolkata,CCU,Madurai,IXM,1779.7,2026-09-24T11:00,2026-09-24T14:37,3.62,2026-09-24T07:00,4626,27.7,3100,56.45,0.58012,6000,NO,SCHEDULED
AF0198,QP,Akasa Freight,Kolkata,CCU,Madurai,IXM,1779.7,2026-09-24T14:00,2026-09-24T17:37,3.62,2026-09-24T10:00,1588,9.51,727,78.25,0.5955,6000,NO,SCHEDULED
AF0199,AI,Air India Cargo,Visakhapatnam,VTZ,Ahmedabad,AMD,1257.9,2026-09-21T01:00,2026-09-21T03:46,2.78,2026-09-20T21:00,6804,40.74,1856,87.6,0.61546,6000,NO,SCHEDULED
AF0200,AI,Air India Cargo,Ahmedabad,AMD,Visakhapatnam,VTZ,1257.9,2026-09-22T01:00,2026-09-22T03:46,2.78,2026-09-21T21:00,4626,27.7,2482,93.35,0.63211,6000,YES,SCHEDULED
AF0201,BDQ,BlueDart Aviation,Ahmedabad,AMD,Visakhapatnam,VTZ,1257.9,2026-09-21T21:00,2026-09-21T23:46,2.78,2026-09-21T17:00,4626,27.7,1747,77.74,0.58879,6000,YES,SCHEDULED
AF0202,QP,Akasa Freight,Ahmedabad,AMD,Visakhapatnam,VTZ,1257.9,2026-09-21T10:00,2026-09-21T12:46,2.78,2026-09-21T06:00,1588,9.51,535,78.52,0.62855,6000,NO,SCHEDULED
AF0203,6E,IndiGo CarGo,Visakhapatnam,VTZ,Delhi,DEL,1374.6,2026-09-23T19:00,2026-09-23T21:58,2.97,2026-09-23T15:00,6804,40.74,2021,44.39,0.59265,6000,NO,SCHEDULED
AF0204,6E,IndiGo CarGo,Delhi,DEL,Visakhapatnam,VTZ,1374.6,2026-09-21T19:00,2026-09-21T21:58,2.97,2026-09-21T15:00,3175,19.01,2608,88.92,0.58205,6000,NO,SCHEDULED
AF0205,QP,Akasa Freight,Delhi,DEL,Visakhapatnam,VTZ,1374.6,2026-09-20T06:00,2026-09-20T08:58,2.97,2026-09-20T02:00,6804,40.74,2133,76.21,0.60369,6000,NO,SCHEDULED
AF0206,QP,Akasa Freight,Delhi,DEL,Visakhapatnam,VTZ,1374.6,2026-09-21T02:00,2026-09-21T04:58,2.97,2026-09-20T22:00,3175,19.01,1257,73.96,0.59161,6000,NO,SCHEDULED
AF0207,6E,IndiGo CarGo,Visakhapatnam,VTZ,Kolkata,CCU,763.8,2026-09-23T07:00,2026-09-23T08:58,1.98,2026-09-23T03:00,6804,40.74,3168,76.22,0.60977,6000,NO,SCHEDULED
AF0208,QP,Akasa Freight,Kolkata,CCU,Visakhapatnam,VTZ,763.8,2026-09-22T02:00,2026-09-22T03:58,1.98,2026-09-21T22:00,6804,40.74,5662,85.65,0.57823,6000,NO,SCHEDULED
AF0209,BDQ,BlueDart Aviation,Kolkata,CCU,Visakhapatnam,VTZ,763.8,2026-09-24T22:00,2026-09-24T23:58,1.98,2026-09-24T18:00,3175,19.01,945,70.59,0.57208,6000,NO,SCHEDULED
AF0210,AI,Air India Cargo,Visakhapatnam,VTZ,Mangaluru,IXE,1041.8,2026-09-18T14:00,2026-09-18T16:25,2.43,2026-09-18T10:00,4626,27.7,1925,48.9,0.6168,6000,NO,SCHEDULED
AF0211,BDQ,BlueDart Aviation,Mangaluru,IXE,Visakhapatnam,VTZ,1041.8,2026-09-19T08:00,2026-09-19T10:25,2.43,2026-09-19T04:00,1588,9.51,1153,57.03,0.55749,6000,NO,SCHEDULED
AF0212,BDQ,BlueDart Aviation,Visakhapatnam,VTZ,Tiruchirappalli,TRZ,907.9,2026-09-21T15:00,2026-09-21T17:12,2.21,2026-09-21T11:00,1588,9.51,432,95.47,0.59365,6000,YES,SCHEDULED
AF0213,6E,IndiGo CarGo,Visakhapatnam,VTZ,Tiruchirappalli,TRZ,907.9,2026-09-24T01:00,2026-09-24T03:12,2.21,2026-09-23T21:00,1588,9.51,1189,64.17,0.5822,6000,NO,SCHEDULED
AF0214,AI,Air India Cargo,Visakhapatnam,VTZ,Tiruchirappalli,TRZ,907.9,2026-09-20T17:00,2026-09-20T19:12,2.21,2026-09-20T13:00,6804,40.74,5100,73.94,0.58682,6000,NO,SCHEDULED
AF0215,BDQ,BlueDart Aviation,Tiruchirappalli,TRZ,Visakhapatnam,VTZ,907.9,2026-09-23T10:00,2026-09-23T12:12,2.21,2026-09-23T06:00,4626,27.7,2766,61.75,0.5754,6000,NO,SCHEDULED
AF0216,AI,Air India Cargo,Tiruchirappalli,TRZ,Visakhapatnam,VTZ,907.9,2026-09-23T19:00,2026-09-23T21:12,2.21,2026-09-23T15:00,3175,19.01,2658,70.73,0.58092,6000,YES,SCHEDULED
AF0217,BDQ,BlueDart Aviation,Tiruchirappalli,TRZ,Visakhapatnam,VTZ,907.9,2026-09-18T19:00,2026-09-18T21:12,2.21,2026-09-18T15:00,6804,40.74,4701,81.48,0.59106,6000,YES,SCHEDULED
AF0218,BDQ,BlueDart Aviation,Nagpur,NAG,Ahmedabad,AMD,703.1,2026-09-19T14:00,2026-09-19T15:53,1.88,2026-09-19T10:00,3175,19.01,1970,38.14,0.53942,6000,NO,SCHEDULED
AF0219,AI,Air India Cargo,Nagpur,NAG,Ahmedabad,AMD,703.1,2026-09-18T13:00,2026-09-18T14:53,1.88,2026-09-18T09:00,6804,40.74,4774,81.98,0.60548,6000,YES,SCHEDULED
AF0220,AI,Air India Cargo,Ahmedabad,AMD,Nagpur,NAG,703.1,2026-09-24T13:00,2026-09-24T14:53,1.88,2026-09-24T09:00,3175,19.01,2083,79.65,0.57326,6000,NO,SCHEDULED
AF0221,6E,IndiGo CarGo,Ahmedabad,AMD,Nagpur,NAG,703.1,2026-09-21T18:00,2026-09-21T19:53,1.88,2026-09-21T14:00,4626,27.7,1966,93.63,0.62633,6000,YES,SCHEDULED
AF0222,QP,Akasa Freight,Ahmedabad,AMD,Nagpur,NAG,703.1,2026-09-19T22:00,2026-09-19T23:53,1.88,2026-09-19T18:00,3175,19.01,2304,73.35,0.61805,6000,NO,SCHEDULED
AF0223,BDQ,BlueDart Aviation,Nagpur,NAG,Delhi,DEL,863.9,2026-09-23T12:00,2026-09-23T14:08,2.14,2026-09-23T08:00,4626,27.7,3686,44.36,0.6034,6000,NO,SCHEDULED
AF0224,BDQ,BlueDart Aviation,Nagpur,NAG,Delhi,DEL,863.9,2026-09-21T15:00,2026-09-21T17:08,2.14,2026-09-21T11:00,1588,9.51,550,86.58,0.63219,6000,NO,SCHEDULED
AF0225,BDQ,BlueDart Aviation,Nagpur,NAG,Delhi,DEL,863.9,2026-09-18T01:00,2026-09-18T03:08,2.14,2026-09-17T21:00,3175,19.01,1122,78.9,0.62411,6000,NO,SCHEDULED
AF0226,QP,Akasa Freight,Delhi,DEL,Nagpur,NAG,863.9,2026-09-23T04:00,2026-09-23T06:08,2.14,2026-09-23T00:00,1588,9.51,1286,69.56,0.60507,6000,NO,SCHEDULED
AF0227,AI,Air India Cargo,Delhi,DEL,Nagpur,NAG,863.9,2026-09-18T08:00,2026-09-18T10:08,2.14,2026-09-18T04:00,4626,27.7,2555,95.86,0.64444,6000,YES,SCHEDULED
AF0228,AI,Air India Cargo,Delhi,DEL,Nagpur,NAG,863.9,2026-09-21T20:00,2026-09-21T22:08,2.14,2026-09-21T16:00,4626,27.7,2159,68.12,0.6359,6000,YES,SCHEDULED
AF0229,BDQ,BlueDart Aviation,Nagpur,NAG,Kolkata,CCU,970.1,2026-09-21T12:00,2026-09-21T14:18,2.31,2026-09-21T08:00,6804,40.74,4370,67.83,0.63725,6000,NO,SCHEDULED
AF0230,6E,IndiGo CarGo,Nagpur,NAG,Kolkata,CCU,970.1,2026-09-24T20:00,2026-09-24T22:18,2.31,2026-09-24T16:00,1588,9.51,1370,85.11,0.6289,6000,NO,SCHEDULED
AF0231,BDQ,BlueDart Aviation,Kolkata,CCU,Nagpur,NAG,970.1,2026-09-19T07:00,2026-09-19T09:18,2.31,2026-09-19T03:00,1588,9.51,537,55.81,0.57392,6000,NO,SCHEDULED
AF0232,BDQ,BlueDart Aviation,Kolkata,CCU,Nagpur,NAG,970.1,2026-09-22T09:00,2026-09-22T11:18,2.31,2026-09-22T05:00,1588,9.51,653,81.23,0.63538,6000,YES,SCHEDULED
AF0233,QP,Akasa Freight,Nagpur,NAG,Mangaluru,IXE,1019.7,2026-09-23T14:00,2026-09-23T16:23,2.39,2026-09-23T10:00,3175,19.01,2238,91.08,0.56721,6000,NO,SCHEDULED
AF0234,6E,IndiGo CarGo,Nagpur,NAG,Mangaluru,IXE,1019.7,2026-09-21T17:00,2026-09-21T19:23,2.39,2026-09-21T13:00,6804,40.74,2955,84.63,0.57159,6000,YES,SCHEDULED
AF0235,AI,Air India Cargo,Nagpur,NAG,Mangaluru,IXE,1019.7,2026-09-18T06:00,2026-09-18T08:23,2.39,2026-09-18T02:00,1588,9.51,1395,88.43,0.59815,6000,YES,SCHEDULED
AF0236,AI,Air India Cargo,Mangaluru,IXE,Nagpur,NAG,1019.7,2026-09-22T07:00,2026-09-22T09:23,2.39,2026-09-22T03:00,3175,19.01,1796,50.76,0.5805,6000,NO,SCHEDULED
AF0237,QP,Akasa Freight,Nagpur,NAG,Tiruchirappalli,TRZ,1152.2,2026-09-19T06:00,2026-09-19T08:36,2.61,2026-09-19T02:00,1588,9.51,596,51.1,0.61369,6000,NO,SCHEDULED
AF0238,QP,Akasa Freight,Tiruchirappalli,TRZ,Nagpur,NAG,1152.2,2026-09-18T20:00,2026-09-18T22:36,2.61,2026-09-18T16:00,6804,40.74,4678,59.2,0.61269,6000,NO,SCHEDULED
AF0239,QP,Akasa Freight,Tiruchirappalli,TRZ,Nagpur,NAG,1152.2,2026-09-19T22:00,2026-09-20T00:36,2.61,2026-09-19T18:00,4626,27.7,1965,64.15,0.57799,6000,NO,SCHEDULED
AF0240,AI,Air India Cargo,Ahmedabad,AMD,Delhi,DEL,777.4,2026-09-21T18:00,2026-09-21T20:00,2.0,2026-09-21T14:00,6804,40.74,4583,75.28,0.58278,6000,NO,SCHEDULED
AF0241,BDQ,BlueDart Aviation,Ahmedabad,AMD,Delhi,DEL,777.4,2026-09-24T12:00,2026-09-24T14:00,2.0,2026-09-24T08:00,4626,27.7,2367,72.16,0.56738,6000,YES,SCHEDULED
AF0242,6E,IndiGo CarGo,Delhi,DEL,Ahmedabad,AMD,777.4,2026-09-19T18:00,2026-09-19T20:00,2.0,2026-09-19T14:00,4626,27.7,1962,39.75,0.61975,6000,NO,SCHEDULED
AF0243,AI,Air India Cargo,Ahmedabad,AMD,Kolkata,CCU,1618.9,2026-09-18T15:00,2026-09-18T18:21,3.36,2026-09-18T11:00,6804,40.74,3201,60.58,0.64505,6000,YES,SCHEDULED
AF0244,BDQ,BlueDart Aviation,Ahmedabad,AMD,Kolkata,CCU,1618.9,2026-09-20T21:00,2026-09-21T00:21,3.36,2026-09-20T17:00,1588,9.51,706,49.78,0.62424,6000,NO,SCHEDULED
AF0245,6E,IndiGo CarGo,Kolkata,CCU,Ahmedabad,AMD,1618.9,2026-09-24T10:00,2026-09-24T13:21,3.36,2026-09-24T06:00,4626,27.7,1323,50.34,0.61231,6000,YES,SCHEDULED
AF0246,BDQ,BlueDart Aviation,Kolkata,CCU,Ahmedabad,AMD,1618.9,2026-09-19T15:00,2026-09-19T18:21,3.36,2026-09-19T11:00,3175,19.01,1633,50.25,0.60437,6000,NO,SCHEDULED
AF0247,6E,IndiGo CarGo,Ahmedabad,AMD,Mangaluru,IXE,1149.6,2026-09-22T20:00,2026-09-22T22:36,2.6,2026-09-22T16:00,3175,19.01,2015,55.18,0.57841,6000,YES,SCHEDULED
AF0248,BDQ,BlueDart Aviation,Mangaluru,IXE,Ahmedabad,AMD,1149.6,2026-09-20T08:00,2026-09-20T10:36,2.6,2026-09-20T04:00,6804,40.74,2893,41.09,0.68191,6000,NO,SCHEDULED
AF0249,QP,Akasa Freight,Mangaluru,IXE,Ahmedabad,AMD,1149.6,2026-09-24T10:00,2026-09-24T12:36,2.6,2026-09-24T06:00,4626,27.7,1694,43.48,0.67936,6000,YES,SCHEDULED
AF0250,AI,Air India Cargo,Mangaluru,IXE,Ahmedabad,AMD,1149.6,2026-09-22T14:00,2026-09-22T16:36,2.6,2026-09-22T10:00,3175,19.01,871,72.82,0.64785,6000,NO,SCHEDULED
AF0251,6E,IndiGo CarGo,Ahmedabad,AMD,Tiruchirappalli,TRZ,1507.9,2026-09-23T22:00,2026-09-24T01:10,3.18,2026-09-23T18:00,3175,19.01,1392,40.75,0.58821,6000,NO,SCHEDULED
AF0252,QP,Akasa Freight,Ahmedabad,AMD,Tiruchirappalli,TRZ,1507.9,2026-09-24T02:00,2026-09-24T05:10,3.18,2026-09-23T22:00,1588,9.51,971,77.69,0.58126,6000,NO,SCHEDULED
AF0253,AI,Air India Cargo,Tiruchirappalli,TRZ,Ahmedabad,AMD,1507.9,2026-09-19T15:00,2026-09-19T18:10,3.18,2026-09-19T11:00,6804,40.74,4848,88.32,0.60008,6000,YES,SCHEDULED
AF0254,AI,Air India Cargo,Tiruchirappalli,TRZ,Ahmedabad,AMD,1507.9,2026-09-22T17:00,2026-09-22T20:10,3.18,2026-09-22T13:00,6804,40.74,5268,80.36,0.62428,6000,YES,SCHEDULED
AF0255,QP,Akasa Freight,Delhi,DEL,Kolkata,CCU,1317.8,2026-09-21T04:00,2026-09-21T06:52,2.88,2026-09-21T00:00,4626,27.7,2657,87.36,0.59412,6000,YES,SCHEDULED
AF0256,BDQ,BlueDart Aviation,Delhi,DEL,Kolkata,CCU,1317.8,2026-09-23T19:00,2026-09-23T21:52,2.88,2026-09-23T15:00,6804,40.74,2768,79.16,0.59929,6000,YES,SCHEDULED
AF0257,6E,IndiGo CarGo,Delhi,DEL,Kolkata,CCU,1317.8,2026-09-24T10:00,2026-09-24T12:52,2.88,2026-09-24T06:00,4626,27.7,2844,47.7,0.6446,6000,NO,SCHEDULED
AF0258,QP,Akasa Freight,Kolkata,CCU,Delhi,DEL,1317.8,2026-09-24T18:00,2026-09-24T20:52,2.88,2026-09-24T14:00,6804,40.74,2606,48.96,0.61256,6000,NO,SCHEDULED
AF0259,AI,Air India Cargo,Kolkata,CCU,Delhi,DEL,1317.8,2026-09-18T02:00,2026-09-18T04:52,2.88,2026-09-17T22:00,1588,9.51,647,88.83,0.61424,6000,NO,SCHEDULED
AF0260,BDQ,BlueDart Aviation,Delhi,DEL,Mangaluru,IXE,1771.1,2026-09-18T17:00,2026-09-18T20:36,3.61,2026-09-18T13:00,4626,27.7,2470,81.58,0.56977,6000,NO,SCHEDULED
AF0261,AI,Air India Cargo,Delhi,DEL,Mangaluru,IXE,1771.1,2026-09-19T07:00,2026-09-19T10:36,3.61,2026-09-19T03:00,3175,19.01,2649,47.57,0.54655,6000,NO,SCHEDULED
AF0262,AI,Air India Cargo,Delhi,DEL,Mangaluru,IXE,1771.1,2026-09-18T07:00,2026-09-18T10:36,3.61,2026-09-18T03:00,1588,9.51,455,83.82,0.6044,6000,NO,SCHEDULED
AF0263,QP,Akasa Freight,Mangaluru,IXE,Delhi,DEL,1771.1,2026-09-20T14:00,2026-09-20T17:36,3.61,2026-09-20T10:00,4626,27.7,3957,77.48,0.56658,6000,YES,SCHEDULED
AF0264,AI,Air India Cargo,Delhi,DEL,Tiruchirappalli,TRZ,1998.9,2026-09-21T11:00,2026-09-21T14:58,3.97,2026-09-21T07:00,4626,27.7,1384,81.97,0.54638,6000,NO,SCHEDULED
AF0265,AI,Air India Cargo,Delhi,DEL,Tiruchirappalli,TRZ,1998.9,2026-09-23T07:00,2026-09-23T10:58,3.97,2026-09-23T03:00,6804,40.74,2670,68.44,0.57087,6000,YES,SCHEDULED
AF0266,QP,Akasa Freight,Delhi,DEL,Tiruchirappalli,TRZ,1998.9,2026-09-18T21:00,2026-09-19T00:58,3.97,2026-09-18T17:00,3175,19.01,2190,50.85,0.61793,6000,NO,SCHEDULED
AF0267,6E,IndiGo CarGo,Tiruchirappalli,TRZ,Delhi,DEL,1998.9,2026-09-18T13:00,2026-09-18T16:58,3.97,2026-09-18T09:00,1588,9.51,1046,83.14,0.62245,6000,NO,SCHEDULED
AF0268,QP,Akasa Freight,Tiruchirappalli,TRZ,Delhi,DEL,1998.9,2026-09-18T01:00,2026-09-18T04:58,3.97,2026-09-17T21:00,3175,19.01,1418,48.34,0.61554,6000,NO,SCHEDULED
AF0269,6E,IndiGo CarGo,Tiruchirappalli,TRZ,Delhi,DEL,1998.9,2026-09-21T15:00,2026-09-21T18:58,3.97,2026-09-21T11:00,6804,40.74,5711,84.29,0.63006,6000,NO,SCHEDULED
AF0270,BDQ,BlueDart Aviation,Kolkata,CCU,Mangaluru,IXE,1786.8,2026-09-21T05:00,2026-09-21T08:37,3.63,2026-09-21T01:00,1588,9.51,828,60.64,0.60948,6000,NO,SCHEDULED
AF0271,6E,IndiGo CarGo,Kolkata,CCU,Mangaluru,IXE,1786.8,2026-09-22T18:00,2026-09-22T21:37,3.63,2026-09-22T14:00,6804,40.74,4995,74.41,0.58872,6000,NO,SCHEDULED
AF0272,QP,Akasa Freight,Mangaluru,IXE,Kolkata,CCU,1786.8,2026-09-20T12:00,2026-09-20T15:37,3.63,2026-09-20T08:00,3175,19.01,1449,92.27,0.55271,6000,NO,SCHEDULED
AF0273,AI,Air India Cargo,Mangaluru,IXE,Kolkata,CCU,1786.8,2026-09-20T14:00,2026-09-20T17:37,3.63,2026-09-20T10:00,6804,40.74,3716,54.84,0.58051,6000,NO,SCHEDULED
AF0274,BDQ,BlueDart Aviation,Kolkata,CCU,Tiruchirappalli,TRZ,1664.3,2026-09-18T17:00,2026-09-18T20:26,3.43,2026-09-18T13:00,6804,40.74,2913,77.59,0.59519,6000,NO,SCHEDULED
AF0275,6E,IndiGo CarGo,Kolkata,CCU,Tiruchirappalli,TRZ,1664.3,2026-09-22T01:00,2026-09-22T04:26,3.43,2026-09-21T21:00,6804,40.74,3880,80.47,0.61407,6000,NO,SCHEDULED
AF0276,AI,Air India Cargo,Tiruchirappalli,TRZ,Kolkata,CCU,1664.3,2026-09-21T10:00,2026-09-21T13:26,3.43,2026-09-21T06:00,4626,27.7,2225,60.68,0.63826,6000,NO,SCHEDULED
