Twin_Timestamp,Node_ID,Node_Type,Product_ID,Inventory_Level,Safety_Stock,Days_of_Cover,Inventory_Status,Supplier_Status,Shipment_Status,Current_Demand,Expected_Demand,Current_Lead_Time,Expected_Lead_Time,Route_Status,Disruption_Status
2026-08-30T06:00:00+05:30,F01,Factory,P008,280,28,15.56,MEDIUM,,,0,0.0,0,0,,NONE
2026-08-30T06:00:00+05:30,W01,Warehouse,P002,761,92,33.09,LOW,,,0,0.0,0,0,,NONE
2026-08-30T06:00:00+05:30,F01,Factory,P011,437,83,13.66,MEDIUM,,,0,0.0,0,0,,NONE
2026-08-30T06:00:00+05:30,F01,Factory,P010,119,27,1.86,CRITICAL,,,0,0.0,0,0,,NONE
2026-08-30T06:00:00+05:30,F01,Factory,P007,215,42,2.83,CRITICAL,,,0,0.0,0,0,,NONE
2026-08-30T06:00:00+05:30,W04,Warehouse,P003,768,125,7.25,HIGH,,,0,0.0,0,0,,NONE
2026-08-30T06:00:00+05:30,W04,Warehouse,P001,265,60,9.81,HIGH,,,0,0.0,0,0,,NONE
2026-08-30T06:00:00+05:30,W04,Warehouse,P002,637,75,16.33,MEDIUM,,,0,0.0,0,0,,NONE
2026-08-30T06:00:00+05:30,F01,Factory,P009,213,31,5.92,HIGH,,,0,0.0,0,0,,NONE
2026-08-30T06:00:00+05:30,W04,Warehouse,P004,545,82,77.86,LOW,,,0,0.0,0,0,,NONE
2026-08-30T06:00:00+05:30,W01,Warehouse,P008,351,48,18.47,MEDIUM,,,0,0.0,0,0,,NONE
2026-08-30T06:00:00+05:30,F01,Factory,P006,155,59,1.76,CRITICAL,,,0,0.0,0,0,,NONE
2026-08-30T06:00:00+05:30,F04,Factory,P014,487,67,81.17,LOW,,,0,0.0,0,0,,NONE
2026-08-30T06:00:00+05:30,W04,Warehouse,P014,142,31,14.2,MEDIUM,,,0,0.0,0,0,,NONE
2026-08-30T06:00:00+05:30,W05,Warehouse,P012,479,48,68.43,LOW,,,0,0.0,0,0,,NONE
2026-08-30T06:00:00+05:30,W04,Warehouse,P015,90,15,30.0,LOW,,,0,0.0,0,0,,NONE
2026-08-30T06:00:00+05:30,W05,Warehouse,P011,217,37,19.73,MEDIUM,,,0,0.0,0,0,,NONE
2026-08-30T06:00:00+05:30,W05,Warehouse,P010,463,78,11.29,HIGH,,,0,0.0,0,0,,NONE
2026-08-30T06:00:00+05:30,W05,Warehouse,P013,270,50,33.75,LOW,,,0,0.0,0,0,,NONE
2026-08-30T06:00:00+05:30,W05,Warehouse,P001,205,35,25.62,LOW,,,0,0.0,0,0,,NONE
2026-08-30T06:00:00+05:30,W05,Warehouse,P002,256,51,11.13,HIGH,,,0,0.0,0,0,,NONE
2026-08-30T06:00:00+05:30,W05,Warehouse,P008,339,83,3.77,CRITICAL,,,0,0.0,0,0,,NONE
2026-08-30T06:00:00+05:30,W05,Warehouse,P003,872,97,218.0,LOW,,,0,0.0,0,0,,NONE
2026-08-30T06:00:00+05:30,W05,Warehouse,P007,327,67,46.71,LOW,,,0,0.0,0,0,,NONE
2026-08-30T06:00:00+05:30,W05,Warehouse,P004,1115,169,19.22,MEDIUM,,,0,0.0,0,0,,NONE
2026-08-30T06:00:00+05:30,W05,Warehouse,P006,384,73,7.11,HIGH,,,0,0.0,0,0,,NONE
2026-08-30T06:00:00+05:30,W05,Warehouse,P009,416,135,1.7,CRITICAL,,,0,0.0,0,0,,NONE
2026-08-30T06:00:00+05:30,W04,Warehouse,P005,892,102,29.73,LOW,,,0,0.0,0,0,,NONE
2026-08-30T06:00:00+05:30,W04,Warehouse,P013,65,12,999.0,LOW,,,0,0.0,0,0,,NONE
2026-08-30T06:00:00+05:30,W04,Warehouse,P012,183,24,12.2,MEDIUM,,,0,0.0,0,0,,NONE
2026-08-30T06:00:00+05:30,W04,Warehouse,P006,316,56,24.31,MEDIUM,,,0,0.0,0,0,,NONE
2026-08-30T06:00:00+05:30,F01,Factory,P005,180,19,36.0,LOW,,,0,0.0,0,0,,NONE
2026-08-30T06:00:00+05:30,F04,Factory,P013,377,45,20.94,MEDIUM,,,0,0.0,0,0,,NONE
2026-08-30T06:00:00+05:30,W04,Warehouse,P007,616,95,34.22,LOW,,,0,0.0,0,0,,NONE
2026-08-30T06:00:00+05:30,F01,Factory,P004,166,20,41.5,LOW,,,0,0.0,0,0,,NONE
2026-08-30T06:00:00+05:30,W04,Warehouse,P008,365,66,18.25,MEDIUM,,,0,0.0,0,0,,NONE
2026-08-30T06:00:00+05:30,W05,Warehouse,P014,224,33,14.93,MEDIUM,,,0,0.0,0,0,,NONE
2026-08-30T06:00:00+05:30,F01,Factory,P003,178,28,12.71,MEDIUM,,,0,0.0,0,0,,NONE
2026-08-30T06:00:00+05:30,F01,Factory,P002,229,54,1.67,CRITICAL,,,0,0.0,0,0,,NONE
2026-08-30T06:00:00+05:30,W01,Warehouse,P001,864,154,6.08,HIGH,,,0,0.0,0,0,,NONE
2026-08-30T06:00:00+05:30,W04,Warehouse,P010,307,51,76.75,LOW,,,0,0.0,0,0,,NONE
2026-08-30T06:00:00+05:30,F01,Factory,P001,410,61,45.56,LOW,,,0,0.0,0,0,,NONE
2026-08-30T06:00:00+05:30,W04,Warehouse,P011,137,31,7.21,HIGH,,,0,0.0,0,0,,NONE
2026-08-30T06:00:00+05:30,W05,Warehouse,P015,309,40,38.62,LOW,,,0,0.0,0,0,,NONE
2026-08-30T06:00:00+05:30,W04,Warehouse,P009,279,48,39.86,LOW,,,0,0.0,0,0,,NONE
2026-08-30T06:00:00+05:30,F01,Factory,P012,378,69,34.36,LOW,,,0,0.0,0,0,,NONE
2026-08-30T06:00:00+05:30,F02,Factory,P006,84,27,28.0,LOW,,,0,0.0,0,0,,NONE
2026-08-30T06:00:00+05:30,F04,Factory,P012,439,95,12.19,MEDIUM,,,0,0.0,0,0,,NONE
2026-08-30T06:00:00+05:30,F04,Factory,P008,422,63,10.55,HIGH,,,0,0.0,0,0,,NONE
2026-08-30T06:00:00+05:30,W02,Warehouse,P003,751,117,26.82,LOW,,,0,0.0,0,0,,NONE
2026-08-30T06:00:00+05:30,F03,Factory,P010,207,28,29.57,LOW,,,0,0.0,0,0,,NONE
2026-08-30T06:00:00+05:30,W02,Warehouse,P004,1246,129,415.33,LOW,,,0,0.0,0,0,,NONE
2026-08-30T06:00:00+05:30,F03,Factory,P009,271,49,5.11,HIGH,,,0,0.0,0,0,,NONE
2026-08-30T06:00:00+05:30,W01,Warehouse,P006,322,41,35.78,LOW,,,0,0.0,0,0,,NONE
2026-08-30T06:00:00+05:30,W02,Warehouse,P005,397,53,8.82,HIGH,,,0,0.0,0,0,,NONE
2026-08-30T06:00:00+05:30,F03,Factory,P008,152,21,10.86,HIGH,,,0,0.0,0,0,,NONE
2026-08-30T06:00:00+05:30,F03,Factory,P011,204,27,51.0,LOW,,,0,0.0,0,0,,NONE
2026-08-30T06:00:00+05:30,W02,Warehouse,P006,874,154,11.21,HIGH,,,0,0.0,0,0,,NONE
2026-08-30T06:00:00+05:30,W02,Warehouse,P007,598,139,23.0,MEDIUM,,,0,0.0,0,0,,NONE
2026-08-30T06:00:00+05:30,F03,Factory,P006,46,13,2.56,CRITICAL,,,0,0.0,0,0,,NONE
2026-08-30T06:00:00+05:30,W02,Warehouse,P008,360,69,1.91,CRITICAL,,,0,0.0,0,0,,NONE
2026-08-30T06:00:00+05:30,F03,Factory,P005,67,15,999.0,LOW,,,0,0.0,0,0,,NONE
2026-08-30T06:00:00+05:30,W02,Warehouse,P009,288,83,11.08,HIGH,,,0,0.0,0,0,,NONE
2026-08-30T06:00:00+05:30,F03,Factory,P004,120,23,15.0,MEDIUM,,,0,0.0,0,0,,NONE
2026-08-30T06:00:00+05:30,F04,Factory,P009,152,30,2.92,CRITICAL,,,0,0.0,0,0,,NONE
2026-08-30T06:00:00+05:30,W02,Warehouse,P010,613,120,1.64,CRITICAL,,,0,0.0,0,0,,NONE
2026-08-30T06:00:00+05:30,F03,Factory,P007,130,17,999.0,LOW,,,0,0.0,0,0,,NONE
2026-08-30T06:00:00+05:30,F03,Factory,P003,271,42,12.9,MEDIUM,,,0,0.0,0,0,,NONE
2026-08-30T06:00:00+05:30,W02,Warehouse,P002,1708,172,9.54,HIGH,,,0,0.0,0,0,,NONE
2026-08-30T06:00:00+05:30,W02,Warehouse,P001,869,145,5.72,HIGH,,,0,0.0,0,0,,NONE
2026-08-30T06:00:00+05:30,F04,Factory,P006,261,53,9.32,HIGH,,,0,0.0,0,0,,NONE
2026-08-30T06:00:00+05:30,W01,Warehouse,P009,1348,173,269.6,LOW,,,0,0.0,0,0,,NONE
2026-08-30T06:00:00+05:30,F04,Factory,P005,304,64,13.22,MEDIUM,,,0,0.0,0,0,,NONE
2026-08-30T06:00:00+05:30,W01,Warehouse,P010,334,46,6.82,HIGH,,,0,0.0,0,0,,NONE
2026-08-30T06:00:00+05:30,F04,Factory,P004,135,23,33.75,LOW,,,0,0.0,0,0,,NONE
2026-08-30T06:00:00+05:30,W01,Warehouse,P011,274,36,2.98,CRITICAL,,,0,0.0,0,0,,NONE
2026-08-30T06:00:00+05:30,F04,Factory,P007,186,31,9.79,HIGH,,,0,0.0,0,0,,NONE
2026-08-30T06:00:00+05:30,F04,Factory,P003,196,39,32.67,LOW,,,0,0.0,0,0,,NONE
2026-08-30T06:00:00+05:30,F03,Factory,P012,93,23,10.33,HIGH,,,0,0.0,0,0,,NONE
2026-08-30T06:00:00+05:30,W01,Warehouse,P012,137,24,2.98,CRITICAL,,,0,0.0,0,0,,NONE
2026-08-30T06:00:00+05:30,W01,Warehouse,P013,93,16,6.2,HIGH,,,0,0.0,0,0,,NONE
2026-08-30T06:00:00+05:30,W01,Warehouse,P007,447,63,20.32,MEDIUM,,,0,0.0,0,0,,NONE
2026-08-30T06:00:00+05:30,F04,Factory,P001,84,16,21.0,MEDIUM,,,0,0.0,0,0,,NONE
2026-08-30T06:00:00+05:30,W01,Warehouse,P014,274,39,274.0,LOW,,,0,0.0,0,0,,NONE
2026-08-30T06:00:00+05:30,F03,Factory,P015,346,47,14.42,MEDIUM,,,0,0.0,0,0,,NONE
2026-08-30T06:00:00+05:30,W01,Warehouse,P015,479,51,239.5,LOW,,,0,0.0,0,0,,NONE
2026-08-30T06:00:00+05:30,F03,Factory,P014,603,86,2.56,CRITICAL,,,0,0.0,0,0,,NONE
2026-08-30T06:00:00+05:30,F03,Factory,P013,444,58,44.4,LOW,,,0,0.0,0,0,,NONE
2026-08-30T06:00:00+05:30,F04,Factory,P002,128,25,999.0,LOW,,,0,0.0,0,0,,NONE
2026-08-30T06:00:00+05:30,W02,Warehouse,P011,86,10,999.0,LOW,,,0,0.0,0,0,,NONE
2026-08-30T06:00:00+05:30,F03,Factory,P002,174,27,17.4,MEDIUM,,,0,0.0,0,0,,NONE
2026-08-30T06:00:00+05:30,W02,Warehouse,P012,226,44,8.69,HIGH,,,0,0.0,0,0,,NONE
2026-08-30T06:00:00+05:30,W03,Warehouse,P007,467,74,4.81,CRITICAL,,,0,0.0,0,0,,NONE
2026-08-30T06:00:00+05:30,F02,Factory,P005,160,34,4.57,CRITICAL,,,0,0.0,0,0,,NONE
2026-08-30T06:00:00+05:30,F04,Factory,P011,516,94,64.5,LOW,,,0,0.0,0,0,,NONE
2026-08-30T06:00:00+05:30,W03,Warehouse,P008,1187,132,62.47,LOW,,,0,0.0,0,0,,NONE
2026-08-30T06:00:00+05:30,F02,Factory,P004,266,42,3.5,CRITICAL,,,0,0.0,0,0,,NONE
2026-08-30T06:00:00+05:30,W03,Warehouse,P009,428,59,23.78,MEDIUM,,,0,0.0,0,0,,NONE
2026-08-30T06:00:00+05:30,F02,Factory,P003,301,40,60.2,LOW,,,0,0.0,0,0,,NONE
2026-08-30T06:00:00+05:30,W03,Warehouse,P010,351,52,8.36,HIGH,,,0,0.0,0,0,,NONE
2026-08-30T06:00:00+05:30,W03,Warehouse,P006,1014,141,19.5,MEDIUM,,,0,0.0,0,0,,NONE
2026-08-30T06:00:00+05:30,F02,Factory,P002,263,64,10.52,HIGH,,,0,0.0,0,0,,NONE
2026-08-30T06:00:00+05:30,W03,Warehouse,P011,327,43,3.72,CRITICAL,,,0,0.0,0,0,,NONE
2026-08-30T06:00:00+05:30,F02,Factory,P001,137,19,10.54,HIGH,,,0,0.0,0,0,,NONE
2026-08-30T06:00:00+05:30,W03,Warehouse,P012,251,44,19.31,MEDIUM,,,0,0.0,0,0,,NONE
2026-08-30T06:00:00+05:30,F01,Factory,P015,432,58,999.0,LOW,,,0,0.0,0,0,,NONE
2026-08-30T06:00:00+05:30,W03,Warehouse,P013,255,51,5.0,HIGH,,,0,0.0,0,0,,NONE
2026-08-30T06:00:00+05:30,F01,Factory,P014,351,45,18.47,MEDIUM,,,0,0.0,0,0,,NONE
2026-08-30T06:00:00+05:30,W03,Warehouse,P014,285,38,999.0,LOW,,,0,0.0,0,0,,NONE
2026-08-30T06:00:00+05:30,F01,Factory,P013,541,89,18.03,MEDIUM,,,0,0.0,0,0,,NONE
2026-08-30T06:00:00+05:30,W01,Warehouse,P003,307,45,27.91,LOW,,,0,0.0,0,0,,NONE
2026-08-30T06:00:00+05:30,F02,Factory,P007,463,63,14.94,MEDIUM,,,0,0.0,0,0,,NONE
2026-08-30T06:00:00+05:30,W03,Warehouse,P005,264,37,44.0,LOW,,,0,0.0,0,0,,NONE
2026-08-30T06:00:00+05:30,F02,Factory,P008,297,38,22.85,MEDIUM,,,0,0.0,0,0,,NONE
2026-08-30T06:00:00+05:30,W01,Warehouse,P005,527,66,4.66,CRITICAL,,,0,0.0,0,0,,NONE
2026-08-30T06:00:00+05:30,F03,Factory,P001,131,29,1.9,CRITICAL,,,0,0.0,0,0,,NONE
2026-08-30T06:00:00+05:30,W02,Warehouse,P013,162,21,10.12,HIGH,,,0,0.0,0,0,,NONE
2026-08-30T06:00:00+05:30,F02,Factory,P015,779,84,77.9,LOW,,,0,0.0,0,0,,NONE
2026-08-30T06:00:00+05:30,W02,Warehouse,P014,52,11,7.43,HIGH,,,0,0.0,0,0,,NONE
2026-08-30T06:00:00+05:30,F02,Factory,P014,160,29,40.0,LOW,,,0,0.0,0,0,,NONE
2026-08-30T06:00:00+05:30,W02,Warehouse,P015,215,23,107.5,LOW,,,0,0.0,0,0,,NONE
2026-08-30T06:00:00+05:30,F02,Factory,P013,217,28,10.33,HIGH,,,0,0.0,0,0,,NONE
2026-08-30T06:00:00+05:30,F02,Factory,P012,650,83,16.67,MEDIUM,,,0,0.0,0,0,,NONE
2026-08-30T06:00:00+05:30,W03,Warehouse,P001,996,152,16.06,MEDIUM,,,0,0.0,0,0,,NONE
2026-08-30T06:00:00+05:30,F04,Factory,P010,197,20,197.0,LOW,,,0,0.0,0,0,,NONE
2026-08-30T06:00:00+05:30,F02,Factory,P011,213,43,5.61,HIGH,,,0,0.0,0,0,,NONE
2026-08-30T06:00:00+05:30,W03,Warehouse,P002,461,72,2.62,CRITICAL,,,0,0.0,0,0,,NONE
2026-08-30T06:00:00+05:30,W05,Warehouse,P005,400,67,50.0,LOW,,,0,0.0,0,0,,NONE
2026-08-30T06:00:00+05:30,F02,Factory,P010,116,14,12.89,MEDIUM,,,0,0.0,0,0,,NONE
2026-08-30T06:00:00+05:30,W03,Warehouse,P003,801,110,13.35,MEDIUM,,,0,0.0,0,0,,NONE
2026-08-30T06:00:00+05:30,F02,Factory,P009,247,48,7.48,HIGH,,,0,0.0,0,0,,NONE
2026-08-30T06:00:00+05:30,W01,Warehouse,P004,230,33,230.0,LOW,,,0,0.0,0,0,,NONE
2026-08-30T06:00:00+05:30,W03,Warehouse,P004,578,148,57.8,LOW,,,0,0.0,0,0,,NONE
2026-08-30T06:00:00+05:30,W03,Warehouse,P015,222,29,74.0,LOW,,,0,0.0,0,0,,NONE
2026-08-30T06:00:00+05:30,F04,Factory,P015,170,35,14.17,MEDIUM,,,0,0.0,0,0,,NONE
2026-08-30T06:00:00+05:30,S001,Supplier,P007,0,0,0.0,,ONLINE,,0,0.0,2,2,,NONE
2026-08-30T06:00:00+05:30,S001,Supplier,P005,0,0,0.0,,ONLINE,,0,0.0,6,6,,NONE
2026-08-30T06:00:00+05:30,S001,Supplier,P006,0,0,0.0,,ONLINE,,0,0.0,5,5,,NONE
2026-08-30T06:00:00+05:30,S002,Supplier,P009,0,0,0.0,,ONLINE,,0,0.0,3,3,,NONE
2026-08-30T06:00:00+05:30,S002,Supplier,P010,0,0,0.0,,ONLINE,,0,0.0,8,8,,NONE
2026-08-30T06:00:00+05:30,S002,Supplier,P002,0,0,0.0,,ONLINE,,0,0.0,3,3,,NONE
2026-08-30T06:00:00+05:30,S002,Supplier,P008,0,0,0.0,,ONLINE,,0,0.0,6,5,,NONE
2026-08-30T06:00:00+05:30,S002,Supplier,P005,0,0,0.0,,ONLINE,,0,0.0,9,9,,NONE
2026-08-30T06:00:00+05:30,S002,Supplier,P007,0,0,0.0,,ONLINE,,0,0.0,4,3,,NONE
2026-08-30T06:00:00+05:30,S003,Supplier,P005,0,0,0.0,,ONLINE,,0,0.0,4,3,,NONE
2026-08-30T06:00:00+05:30,S003,Supplier,P008,0,0,0.0,,ONLINE,,0,0.0,8,7,,NONE
2026-08-30T06:00:00+05:30,S003,Supplier,P006,0,0,0.0,,ONLINE,,0,0.0,6,5,,NONE
2026-08-30T06:00:00+05:30,S003,Supplier,P003,0,0,0.0,,ONLINE,,0,0.0,3,2,,NONE
2026-08-30T06:00:00+05:30,S004,Supplier,P005,0,0,0.0,,ONLINE,,0,0.0,9,9,,NONE
2026-08-30T06:00:00+05:30,S004,Supplier,P009,0,0,0.0,,ONLINE,,0,0.0,7,6,,NONE
2026-08-30T06:00:00+05:30,S004,Supplier,P008,0,0,0.0,,ONLINE,,0,0.0,7,6,,NONE
2026-08-30T06:00:00+05:30,S005,Supplier,P003,0,0,0.0,,ONLINE,,0,0.0,4,4,,NONE
2026-08-30T06:00:00+05:30,S005,Supplier,P001,0,0,0.0,,ONLINE,,0,0.0,5,4,,NONE
2026-08-30T06:00:00+05:30,S005,Supplier,P002,0,0,0.0,,ONLINE,,0,0.0,5,4,,NONE
2026-08-30T06:00:00+05:30,S005,Supplier,P004,0,0,0.0,,ONLINE,,0,0.0,9,8,,NONE
2026-08-30T06:00:00+05:30,S005,Supplier,P007,0,0,0.0,,ONLINE,,0,0.0,3,2,,NONE
2026-08-30T06:00:00+05:30,S006,Supplier,P006,0,0,0.0,,ONLINE,,0,0.0,3,3,,NONE
2026-08-30T06:00:00+05:30,S006,Supplier,P003,0,0,0.0,,ONLINE,,0,0.0,3,2,,NONE
2026-08-30T06:00:00+05:30,S006,Supplier,P002,0,0,0.0,,ONLINE,,0,0.0,6,6,,NONE
2026-08-30T06:00:00+05:30,S007,Supplier,P006,0,0,0.0,,ONLINE,,0,0.0,10,9,,NONE
2026-08-30T06:00:00+05:30,S007,Supplier,P003,0,0,0.0,,ONLINE,,0,0.0,9,8,,NONE
2026-08-30T06:00:00+05:30,S007,Supplier,P009,0,0,0.0,,ONLINE,,0,0.0,3,2,,NONE
2026-08-30T06:00:00+05:30,S007,Supplier,P004,0,0,0.0,,ONLINE,,0,0.0,6,5,,NONE
2026-08-30T06:00:00+05:30,S007,Supplier,P008,0,0,0.0,,DEGRADED,,0,0.0,6,4,,ACTIVE
2026-08-30T06:00:00+05:30,S008,Supplier,P005,0,0,0.0,,ONLINE,,0,0.0,10,10,,NONE
2026-08-30T06:00:00+05:30,S008,Supplier,P001,0,0,0.0,,ONLINE,,0,0.0,5,4,,NONE
2026-08-30T06:00:00+05:30,S008,Supplier,P002,0,0,0.0,,ONLINE,,0,0.0,8,8,,NONE
2026-08-30T06:00:00+05:30,S009,Supplier,P009,0,0,0.0,,ONLINE,,0,0.0,7,7,,NONE
2026-08-30T06:00:00+05:30,S009,Supplier,P001,0,0,0.0,,DEGRADED,,0,0.0,12,10,,ACTIVE
2026-08-30T06:00:00+05:30,S009,Supplier,P010,0,0,0.0,,DEGRADED,,0,0.0,6,3,,ACTIVE
2026-08-30T06:00:00+05:30,S010,Supplier,P008,0,0,0.0,,ONLINE,,0,0.0,4,3,,NONE
2026-08-30T06:00:00+05:30,S010,Supplier,P005,0,0,0.0,,ONLINE,,0,0.0,8,7,,NONE
2026-08-30T06:00:00+05:30,S010,Supplier,P009,0,0,0.0,,ONLINE,,0,0.0,6,6,,NONE
2026-08-30T06:00:00+05:30,S010,Supplier,P007,0,0,0.0,,ONLINE,,0,0.0,10,10,,NONE
2026-08-30T06:00:00+05:30,S010,Supplier,P004,0,0,0.0,,ONLINE,,0,0.0,10,9,,NONE
2026-08-30T06:00:00+05:30,S010,Supplier,P002,0,0,0.0,,ONLINE,,0,0.0,5,4,,NONE
2026-08-30T06:00:00+05:30,S011,Supplier,P009,0,0,0.0,,ONLINE,,0,0.0,5,4,,NONE
2026-08-30T06:00:00+05:30,S011,Supplier,P002,0,0,0.0,,ONLINE,,0,0.0,2,2,,NONE
2026-08-30T06:00:00+05:30,S011,Supplier,P001,0,0,0.0,,ONLINE,,0,0.0,3,3,,NONE
2026-08-30T06:00:00+05:30,S011,Supplier,P010,0,0,0.0,,OFFLINE,,0,0.0,4,3,,ACTIVE
2026-08-30T06:00:00+05:30,S011,Supplier,P004,0,0,0.0,,ONLINE,,0,0.0,8,7,,NONE
2026-08-30T06:00:00+05:30,S011,Supplier,P003,0,0,0.0,,ONLINE,,0,0.0,9,9,,NONE
2026-08-30T06:00:00+05:30,S012,Supplier,P009,0,0,0.0,,ONLINE,,0,0.0,3,2,,NONE
2026-08-30T06:00:00+05:30,S012,Supplier,P010,0,0,0.0,,ONLINE,,0,0.0,9,9,,NONE
2026-08-30T06:00:00+05:30,S012,Supplier,P008,0,0,0.0,,ONLINE,,0,0.0,8,7,,NONE
2026-08-30T06:00:00+05:30,S012,Supplier,P002,0,0,0.0,,ONLINE,,0,0.0,9,9,,NONE
2026-08-30T06:00:00+05:30,S012,Supplier,P006,0,0,0.0,,ONLINE,,0,0.0,3,3,,NONE
2026-08-30T06:00:00+05:30,S012,Supplier,P007,0,0,0.0,,ONLINE,,0,0.0,5,5,,NONE
2026-08-30T06:00:00+05:30,S013,Supplier,P003,0,0,0.0,,ONLINE,,0,0.0,5,4,,NONE
2026-08-30T06:00:00+05:30,S013,Supplier,P008,0,0,0.0,,ONLINE,,0,0.0,7,6,,NONE
2026-08-30T06:00:00+05:30,S013,Supplier,P010,0,0,0.0,,ONLINE,,0,0.0,9,8,,NONE
2026-08-30T06:00:00+05:30,S014,Supplier,P005,0,0,0.0,,ONLINE,,0,0.0,9,9,,NONE
2026-08-30T06:00:00+05:30,S014,Supplier,P001,0,0,0.0,,ONLINE,,0,0.0,5,4,,NONE
2026-08-30T06:00:00+05:30,S014,Supplier,P010,0,0,0.0,,ONLINE,,0,0.0,8,7,,NONE
2026-08-30T06:00:00+05:30,S014,Supplier,P009,0,0,0.0,,DEGRADED,,0,0.0,11,9,,ACTIVE
2026-08-30T06:00:00+05:30,S014,Supplier,P006,0,0,0.0,,ONLINE,,0,0.0,4,3,,NONE
2026-08-30T06:00:00+05:30,S015,Supplier,P005,0,0,0.0,,ONLINE,,0,0.0,5,4,,NONE
2026-08-30T06:00:00+05:30,S015,Supplier,P004,0,0,0.0,,OFFLINE,,0,0.0,6,5,,ACTIVE
2026-08-30T06:00:00+05:30,S015,Supplier,P002,0,0,0.0,,ONLINE,,0,0.0,7,6,,NONE
2026-08-30T06:00:00+05:30,S015,Supplier,P006,0,0,0.0,,ONLINE,,0,0.0,4,3,,NONE
2026-08-30T06:00:00+05:30,S015,Supplier,P009,0,0,0.0,,DEGRADED,,0,0.0,11,8,,ACTIVE
2026-08-30T06:00:00+05:30,S015,Supplier,P008,0,0,0.0,,ONLINE,,0,0.0,6,6,,NONE
2026-08-30T06:00:00+05:30,R0001,Route,,0,0,0.0,,,,0,0.0,2,2,AVAILABLE,NONE
2026-08-30T06:00:00+05:30,R0002,Route,,0,0,0.0,,,,0,0.0,4,4,AVAILABLE,NONE
2026-08-30T06:00:00+05:30,R0003,Route,,0,0,0.0,,,,0,0.0,3,3,AVAILABLE,NONE
2026-08-30T06:00:00+05:30,R0004,Route,,0,0,0.0,,,,0,0.0,4,4,AVAILABLE,NONE
2026-08-30T06:00:00+05:30,R0005,Route,,0,0,0.0,,,,0,0.0,2,2,AVAILABLE,NONE
2026-08-30T06:00:00+05:30,R0006,Route,,0,0,0.0,,,,0,0.0,4,4,AVAILABLE,NONE
2026-08-30T06:00:00+05:30,R0007,Route,,0,0,0.0,,,,0,0.0,5,5,AVAILABLE,NONE
2026-08-30T06:00:00+05:30,R0008,Route,,0,0,0.0,,,,0,0.0,2,2,AVAILABLE,NONE
2026-08-30T06:00:00+05:30,R0009,Route,,0,0,0.0,,,,0,0.0,3,1,CONGESTED,ACTIVE
2026-08-30T06:00:00+05:30,R0010,Route,,0,0,0.0,,,,0,0.0,1,1,AVAILABLE,NONE
2026-08-30T06:00:00+05:30,R0011,Route,,0,0,0.0,,,,0,0.0,3,3,AVAILABLE,NONE
2026-08-30T06:00:00+05:30,R0012,Route,,0,0,0.0,,,,0,0.0,4,4,AVAILABLE,NONE
2026-08-30T06:00:00+05:30,R0013,Route,,0,0,0.0,,,,0,0.0,2,2,AVAILABLE,NONE
2026-08-30T06:00:00+05:30,R0014,Route,,0,0,0.0,,,,0,0.0,4,4,AVAILABLE,NONE
2026-08-30T06:00:00+05:30,R0015,Route,,0,0,0.0,,,,0,0.0,5,5,CONGESTED,ACTIVE
2026-08-30T06:00:00+05:30,R0016,Route,,0,0,0.0,,,,0,0.0,2,2,AVAILABLE,NONE
2026-08-30T06:00:00+05:30,R0017,Route,,0,0,0.0,,,,0,0.0,2,2,AVAILABLE,NONE
2026-08-30T06:00:00+05:30,R0018,Route,,0,0,0.0,,,,0,0.0,4,4,AVAILABLE,NONE
2026-08-30T06:00:00+05:30,R0019,Route,,0,0,0.0,,,,0,0.0,1,1,AVAILABLE,NONE
2026-08-30T06:00:00+05:30,R0020,Route,,0,0,0.0,,,,0,0.0,1,1,AVAILABLE,NONE
2026-08-30T06:00:00+05:30,R0021,Route,,0,0,0.0,,,,0,0.0,1,1,AVAILABLE,NONE
2026-08-30T06:00:00+05:30,R0022,Route,,0,0,0.0,,,,0,0.0,2,2,AVAILABLE,NONE
2026-08-30T06:00:00+05:30,R0023,Route,,0,0,0.0,,,,0,0.0,3,3,AVAILABLE,NONE
2026-08-30T06:00:00+05:30,R0024,Route,,0,0,0.0,,,,0,0.0,1,1,AVAILABLE,NONE
2026-08-30T06:00:00+05:30,R0025,Route,,0,0,0.0,,,,0,0.0,1,1,AVAILABLE,NONE
2026-08-30T06:00:00+05:30,R0026,Route,,0,0,0.0,,,,0,0.0,1,1,AVAILABLE,NONE
2026-08-30T06:00:00+05:30,R0027,Route,,0,0,0.0,,,,0,0.0,1,1,AVAILABLE,NONE
2026-08-30T06:00:00+05:30,R0028,Route,,0,0,0.0,,,,0,0.0,1,1,AVAILABLE,NONE
2026-08-30T06:00:00+05:30,R0029,Route,,0,0,0.0,,,,0,0.0,1,1,AVAILABLE,NONE
2026-08-30T06:00:00+05:30,R0030,Route,,0,0,0.0,,,,0,0.0,1,1,AVAILABLE,NONE
2026-08-30T06:00:00+05:30,R0031,Route,,0,0,0.0,,,,0,0.0,2,2,AVAILABLE,NONE
2026-08-30T06:00:00+05:30,R0032,Route,,0,0,0.0,,,,0,0.0,1,1,AVAILABLE,NONE
2026-08-30T06:00:00+05:30,R0033,Route,,0,0,0.0,,,,0,0.0,1,1,AVAILABLE,NONE
2026-08-30T06:00:00+05:30,R0034,Route,,0,0,0.0,,,,0,0.0,1,1,AVAILABLE,NONE
2026-08-30T06:00:00+05:30,R0035,Route,,0,0,0.0,,,,0,0.0,1,1,AVAILABLE,NONE
2026-08-30T06:00:00+05:30,R0036,Route,,0,0,0.0,,,,0,0.0,1,1,AVAILABLE,NONE
2026-08-30T06:00:00+05:30,R0037,Route,,0,0,0.0,,,,0,0.0,1,1,AVAILABLE,NONE
2026-08-30T06:00:00+05:30,R0038,Route,,0,0,0.0,,,,0,0.0,2,1,CLOSED,ACTIVE
2026-08-30T06:00:00+05:30,R0039,Route,,0,0,0.0,,,,0,0.0,1,1,AVAILABLE,NONE
2026-08-30T06:00:00+05:30,R0040,Route,,0,0,0.0,,,,0,0.0,1,1,AVAILABLE,NONE
2026-08-30T06:00:00+05:30,R0041,Route,,0,0,0.0,,,,0,0.0,1,1,AVAILABLE,NONE
2026-08-30T06:00:00+05:30,R0042,Route,,0,0,0.0,,,,0,0.0,1,1,AVAILABLE,NONE
2026-08-30T06:00:00+05:30,R0043,Route,,0,0,0.0,,,,0,0.0,1,1,AVAILABLE,NONE
2026-08-30T06:00:00+05:30,R0044,Route,,0,0,0.0,,,,0,0.0,1,1,AVAILABLE,NONE
2026-08-30T06:00:00+05:30,R0045,Route,,0,0,0.0,,,,0,0.0,1,1,AVAILABLE,NONE
2026-08-30T06:00:00+05:30,R0046,Route,,0,0,0.0,,,,0,0.0,2,2,AVAILABLE,NONE
2026-08-30T06:00:00+05:30,R0047,Route,,0,0,0.0,,,,0,0.0,3,3,AVAILABLE,NONE
2026-08-30T06:00:00+05:30,R0048,Route,,0,0,0.0,,,,0,0.0,1,1,AVAILABLE,NONE
2026-08-30T06:00:00+05:30,R0049,Route,,0,0,0.0,,,,0,0.0,1,1,AVAILABLE,NONE
2026-08-30T06:00:00+05:30,R0050,Route,,0,0,0.0,,,,0,0.0,4,4,AVAILABLE,NONE
2026-08-30T06:00:00+05:30,R0051,Route,,0,0,0.0,,,,0,0.0,5,5,AVAILABLE,NONE
2026-08-30T06:00:00+05:30,R0052,Route,,0,0,0.0,,,,0,0.0,2,2,AVAILABLE,NONE
2026-08-30T06:00:00+05:30,R0053,Route,,0,0,0.0,,,,0,0.0,6,6,AVAILABLE,NONE
2026-08-30T06:00:00+05:30,R0054,Route,,0,0,0.0,,,,0,0.0,6,6,AVAILABLE,NONE
2026-08-30T06:00:00+05:30,R0055,Route,,0,0,0.0,,,,0,0.0,2,2,AVAILABLE,NONE
2026-08-30T06:00:00+05:30,R0056,Route,,0,0,0.0,,,,0,0.0,2,2,AVAILABLE,NONE
2026-08-30T06:00:00+05:30,R0057,Route,,0,0,0.0,,,,0,0.0,3,3,AVAILABLE,NONE
2026-08-30T06:00:00+05:30,R0058,Route,,0,0,0.0,,,,0,0.0,1,1,AVAILABLE,NONE
2026-08-30T06:00:00+05:30,R0059,Route,,0,0,0.0,,,,0,0.0,2,2,AVAILABLE,NONE
2026-08-30T06:00:00+05:30,R0060,Route,,0,0,0.0,,,,0,0.0,1,1,AVAILABLE,NONE
2026-08-30T06:00:00+05:30,R0061,Route,,0,0,0.0,,,,0,0.0,2,2,AVAILABLE,NONE
2026-08-30T06:00:00+05:30,R0062,Route,,0,0,0.0,,,,0,0.0,3,3,AVAILABLE,NONE
2026-08-30T06:00:00+05:30,R0063,Route,,0,0,0.0,,,,0,0.0,3,3,AVAILABLE,NONE
2026-08-30T06:00:00+05:30,R0064,Route,,0,0,0.0,,,,0,0.0,4,4,AVAILABLE,NONE
2026-08-30T06:00:00+05:30,R0065,Route,,0,0,0.0,,,,0,0.0,2,2,AVAILABLE,NONE
2026-08-30T06:00:00+05:30,R0066,Route,,0,0,0.0,,,,0,0.0,3,3,AVAILABLE,NONE
2026-08-30T06:00:00+05:30,R0067,Route,,0,0,0.0,,,,0,0.0,4,4,AVAILABLE,NONE
2026-08-30T06:00:00+05:30,R0068,Route,,0,0,0.0,,,,0,0.0,2,2,AVAILABLE,NONE
2026-08-30T06:00:00+05:30,R0069,Route,,0,0,0.0,,,,0,0.0,1,1,AVAILABLE,NONE
2026-08-30T06:00:00+05:30,R0070,Route,,0,0,0.0,,,,0,0.0,2,2,AVAILABLE,NONE
2026-08-30T06:00:00+05:30,R0071,Route,,0,0,0.0,,,,0,0.0,3,3,AVAILABLE,NONE
2026-08-30T06:00:00+05:30,R0072,Route,,0,0,0.0,,,,0,0.0,1,1,AVAILABLE,NONE
2026-08-30T06:00:00+05:30,R0073,Route,,0,0,0.0,,,,0,0.0,1,1,AVAILABLE,NONE
2026-08-30T06:00:00+05:30,R0074,Route,,0,0,0.0,,,,0,0.0,2,2,AVAILABLE,NONE
2026-08-30T06:00:00+05:30,R0075,Route,,0,0,0.0,,,,0,0.0,3,3,AVAILABLE,NONE
2026-08-30T06:00:00+05:30,R0076,Route,,0,0,0.0,,,,0,0.0,1,1,AVAILABLE,NONE
2026-08-30T06:00:00+05:30,R0077,Route,,0,0,0.0,,,,0,0.0,1,1,AVAILABLE,NONE
2026-08-30T06:00:00+05:30,R0078,Route,,0,0,0.0,,,,0,0.0,2,2,AVAILABLE,NONE
2026-08-30T06:00:00+05:30,R0079,Route,,0,0,0.0,,,,0,0.0,3,3,AVAILABLE,NONE
2026-08-30T06:00:00+05:30,R0080,Route,,0,0,0.0,,,,0,0.0,2,2,AVAILABLE,NONE
2026-08-30T06:00:00+05:30,R0081,Route,,0,0,0.0,,,,0,0.0,3,3,AVAILABLE,NONE
2026-08-30T06:00:00+05:30,R0082,Route,,0,0,0.0,,,,0,0.0,6,6,AVAILABLE,NONE
2026-08-30T06:00:00+05:30,R0083,Route,,0,0,0.0,,,,0,0.0,7,6,CLOSED,ACTIVE
2026-08-30T06:00:00+05:30,R0084,Route,,0,0,0.0,,,,0,0.0,2,2,AVAILABLE,NONE
2026-08-30T06:00:00+05:30,R0085,Route,,0,0,0.0,,,,0,0.0,3,3,AVAILABLE,NONE
2026-08-30T06:00:00+05:30,R0086,Route,,0,0,0.0,,,,0,0.0,4,4,AVAILABLE,NONE
2026-08-30T06:00:00+05:30,R0087,Route,,0,0,0.0,,,,0,0.0,2,2,AVAILABLE,NONE
2026-08-30T06:00:00+05:30,R0088,Route,,0,0,0.0,,,,0,0.0,4,4,AVAILABLE,NONE
2026-08-30T06:00:00+05:30,R0089,Route,,0,0,0.0,,,,0,0.0,5,5,AVAILABLE,NONE
2026-08-30T06:00:00+05:30,R0090,Route,,0,0,0.0,,,,0,0.0,2,2,AVAILABLE,NONE
2026-08-30T06:00:00+05:30,R0091,Route,,0,0,0.0,,,,0,0.0,1,1,AVAILABLE,NONE
2026-08-30T06:00:00+05:30,R0092,Route,,0,0,0.0,,,,0,0.0,1,1,AVAILABLE,NONE
2026-08-30T06:00:00+05:30,R0093,Route,,0,0,0.0,,,,0,0.0,1,1,AVAILABLE,NONE
2026-08-30T06:00:00+05:30,R0094,Route,,0,0,0.0,,,,0,0.0,3,1,CONGESTED,ACTIVE
2026-08-30T06:00:00+05:30,R0095,Route,,0,0,0.0,,,,0,0.0,2,2,AVAILABLE,NONE
2026-08-30T06:00:00+05:30,R0096,Route,,0,0,0.0,,,,0,0.0,3,3,AVAILABLE,NONE
2026-08-30T06:00:00+05:30,R0097,Route,,0,0,0.0,,,,0,0.0,2,2,AVAILABLE,NONE
2026-08-30T06:00:00+05:30,R0098,Route,,0,0,0.0,,,,0,0.0,5,3,CONGESTED,ACTIVE
2026-08-30T06:00:00+05:30,R0099,Route,,0,0,0.0,,,,0,0.0,3,3,AVAILABLE,NONE
2026-08-30T06:00:00+05:30,R0100,Route,,0,0,0.0,,,,0,0.0,4,4,AVAILABLE,NONE
2026-08-30T06:00:00+05:30,R0101,Route,,0,0,0.0,,,,0,0.0,2,2,AVAILABLE,NONE
2026-08-30T06:00:00+05:30,R0102,Route,,0,0,0.0,,,,0,0.0,4,4,AVAILABLE,NONE
2026-08-30T06:00:00+05:30,R0103,Route,,0,0,0.0,,,,0,0.0,5,5,AVAILABLE,NONE
2026-08-30T06:00:00+05:30,R0104,Route,,0,0,0.0,,,,0,0.0,2,2,AVAILABLE,NONE
2026-08-30T06:00:00+05:30,R0105,Route,,0,0,0.0,,,,0,0.0,4,4,AVAILABLE,NONE
2026-08-30T06:00:00+05:30,R0106,Route,,0,0,0.0,,,,0,0.0,5,5,AVAILABLE,NONE
2026-08-30T06:00:00+05:30,R0107,Route,,0,0,0.0,,,,0,0.0,2,2,AVAILABLE,NONE
2026-08-30T06:00:00+05:30,R0108,Route,,0,0,0.0,,,,0,0.0,2,2,AVAILABLE,NONE
2026-08-30T06:00:00+05:30,R0109,Route,,0,0,0.0,,,,0,0.0,4,4,AVAILABLE,NONE
2026-08-30T06:00:00+05:30,R0110,Route,,0,0,0.0,,,,0,0.0,2,2,AVAILABLE,NONE
2026-08-30T06:00:00+05:30,R0111,Route,,0,0,0.0,,,,0,0.0,3,3,AVAILABLE,NONE
2026-08-30T06:00:00+05:30,R0112,Route,,0,0,0.0,,,,0,0.0,1,1,CONGESTED,ACTIVE
2026-08-30T06:00:00+05:30,R0113,Route,,0,0,0.0,,,,0,0.0,1,1,AVAILABLE,NONE
2026-08-30T06:00:00+05:30,R0114,Route,,0,0,0.0,,,,0,0.0,2,2,AVAILABLE,NONE
2026-08-30T06:00:00+05:30,R0115,Route,,0,0,0.0,,,,0,0.0,3,3,AVAILABLE,NONE
2026-08-30T06:00:00+05:30,R0116,Route,,0,0,0.0,,,,0,0.0,4,4,AVAILABLE,NONE
2026-08-30T06:00:00+05:30,R0117,Route,,0,0,0.0,,,,0,0.0,5,5,AVAILABLE,NONE
2026-08-30T06:00:00+05:30,R0118,Route,,0,0,0.0,,,,0,0.0,2,2,AVAILABLE,NONE
2026-08-30T06:00:00+05:30,R0119,Route,,0,0,0.0,,,,0,0.0,4,4,AVAILABLE,NONE
2026-08-30T06:00:00+05:30,R0120,Route,,0,0,0.0,,,,0,0.0,5,5,AVAILABLE,NONE
2026-08-30T06:00:00+05:30,R0121,Route,,0,0,0.0,,,,0,0.0,2,2,AVAILABLE,NONE
2026-08-30T06:00:00+05:30,R0122,Route,,0,0,0.0,,,,0,0.0,2,2,AVAILABLE,NONE
2026-08-30T06:00:00+05:30,R0123,Route,,0,0,0.0,,,,0,0.0,3,3,AVAILABLE,NONE
2026-08-30T06:00:00+05:30,R0124,Route,,0,0,0.0,,,,0,0.0,3,3,AVAILABLE,NONE
2026-08-30T06:00:00+05:30,R0125,Route,,0,0,0.0,,,,0,0.0,4,4,AVAILABLE,NONE
2026-08-30T06:00:00+05:30,R0126,Route,,0,0,0.0,,,,0,0.0,2,2,AVAILABLE,NONE
2026-08-30T06:00:00+05:30,R0127,Route,,0,0,0.0,,,,0,0.0,2,2,AVAILABLE,NONE
2026-08-30T06:00:00+05:30,R0128,Route,,0,0,0.0,,,,0,0.0,5,3,CONGESTED,ACTIVE
2026-08-30T06:00:00+05:30,R0129,Route,,0,0,0.0,,,,0,0.0,2,2,AVAILABLE,NONE
2026-08-30T06:00:00+05:30,R0130,Route,,0,0,0.0,,,,0,0.0,3,3,AVAILABLE,NONE
2026-08-30T06:00:00+05:30,R0131,Route,,0,0,0.0,,,,0,0.0,1,1,AVAILABLE,NONE
2026-08-30T06:00:00+05:30,R0132,Route,,0,0,0.0,,,,0,0.0,1,1,AVAILABLE,NONE
2026-08-30T06:00:00+05:30,R0133,Route,,0,0,0.0,,,,0,0.0,1,1,AVAILABLE,NONE
2026-08-30T06:00:00+05:30,R0134,Route,,0,0,0.0,,,,0,0.0,1,1,AVAILABLE,NONE
2026-08-30T06:00:00+05:30,R0135,Route,,0,0,0.0,,,,0,0.0,2,2,AVAILABLE,NONE
2026-08-30T06:00:00+05:30,R0136,Route,,0,0,0.0,,,,0,0.0,3,3,AVAILABLE,NONE
2026-08-30T06:00:00+05:30,R0137,Route,,0,0,0.0,,,,0,0.0,1,1,AVAILABLE,NONE
2026-08-30T06:00:00+05:30,R0138,Route,,0,0,0.0,,,,0,0.0,2,2,AVAILABLE,NONE
2026-08-30T06:00:00+05:30,R0139,Route,,0,0,0.0,,,,0,0.0,3,3,CLOSED,ACTIVE
2026-08-30T06:00:00+05:30,R0140,Route,,0,0,0.0,,,,0,0.0,2,2,AVAILABLE,NONE
2026-08-30T06:00:00+05:30,R0141,Route,,0,0,0.0,,,,0,0.0,3,3,AVAILABLE,NONE
2026-08-30T06:00:00+05:30,R0142,Route,,0,0,0.0,,,,0,0.0,1,1,AVAILABLE,NONE
2026-08-30T06:00:00+05:30,R0143,Route,,0,0,0.0,,,,0,0.0,1,1,AVAILABLE,NONE
2026-08-30T06:00:00+05:30,R0144,Route,,0,0,0.0,,,,0,0.0,1,1,CLOSED,ACTIVE
2026-08-30T06:00:00+05:30,R0145,Route,,0,0,0.0,,,,0,0.0,1,1,AVAILABLE,NONE
2026-08-30T06:00:00+05:30,R0146,Route,,0,0,0.0,,,,0,0.0,1,1,AVAILABLE,NONE
2026-08-30T06:00:00+05:30,R0147,Route,,0,0,0.0,,,,0,0.0,2,2,AVAILABLE,NONE
2026-08-30T06:00:00+05:30,R0148,Route,,0,0,0.0,,,,0,0.0,3,3,AVAILABLE,NONE
2026-08-30T06:00:00+05:30,R0149,Route,,0,0,0.0,,,,0,0.0,1,1,AVAILABLE,NONE
2026-08-30T06:00:00+05:30,R0150,Route,,0,0,0.0,,,,0,0.0,1,1,AVAILABLE,NONE
2026-08-30T06:00:00+05:30,R0151,Route,,0,0,0.0,,,,0,0.0,1,1,CLOSED,ACTIVE
2026-08-30T06:00:00+05:30,R0152,Route,,0,0,0.0,,,,0,0.0,1,1,AVAILABLE,NONE
2026-08-30T06:00:00+05:30,R0153,Route,,0,0,0.0,,,,0,0.0,3,2,CONGESTED,ACTIVE
2026-08-30T06:00:00+05:30,R0154,Route,,0,0,0.0,,,,0,0.0,3,3,AVAILABLE,NONE
2026-08-30T06:00:00+05:30,R0155,Route,,0,0,0.0,,,,0,0.0,1,1,AVAILABLE,NONE
2026-08-30T06:00:00+05:30,R0156,Route,,0,0,0.0,,,,0,0.0,1,1,AVAILABLE,NONE
2026-08-30T06:00:00+05:30,R0157,Route,,0,0,0.0,,,,0,0.0,2,2,AVAILABLE,NONE
2026-08-30T06:00:00+05:30,R0158,Route,,0,0,0.0,,,,0,0.0,3,3,AVAILABLE,NONE
2026-08-30T06:00:00+05:30,R0159,Route,,0,0,0.0,,,,0,0.0,4,3,CONGESTED,ACTIVE
2026-08-30T06:00:00+05:30,R0160,Route,,0,0,0.0,,,,0,0.0,4,4,AVAILABLE,NONE
2026-08-30T06:00:00+05:30,R0161,Route,,0,0,0.0,,,,0,0.0,2,2,AVAILABLE,NONE
2026-08-30T06:00:00+05:30,R0162,Route,,0,0,0.0,,,,0,0.0,2,2,AVAILABLE,NONE
2026-08-30T06:00:00+05:30,R0163,Route,,0,0,0.0,,,,0,0.0,3,3,AVAILABLE,NONE
2026-08-30T06:00:00+05:30,R0164,Route,,0,0,0.0,,,,0,0.0,1,1,AVAILABLE,NONE
2026-08-30T06:00:00+05:30,R0165,Route,,0,0,0.0,,,,0,0.0,1,1,AVAILABLE,NONE
2026-08-30T06:00:00+05:30,R0166,Route,,0,0,0.0,,,,0,0.0,3,3,AVAILABLE,NONE
2026-08-30T06:00:00+05:30,R0167,Route,,0,0,0.0,,,,0,0.0,4,4,AVAILABLE,NONE
2026-08-30T06:00:00+05:30,R0168,Route,,0,0,0.0,,,,0,0.0,2,2,AVAILABLE,NONE
2026-08-30T06:00:00+05:30,R0169,Route,,0,0,0.0,,,,0,0.0,2,2,AVAILABLE,NONE
2026-08-30T06:00:00+05:30,R0170,Route,,0,0,0.0,,,,0,0.0,4,4,AVAILABLE,NONE
2026-08-30T06:00:00+05:30,R0171,Route,,0,0,0.0,,,,0,0.0,1,1,AVAILABLE,NONE
2026-08-30T06:00:00+05:30,R0172,Route,,0,0,0.0,,,,0,0.0,1,1,AVAILABLE,NONE
2026-08-30T06:00:00+05:30,R0173,Route,,0,0,0.0,,,,0,0.0,2,2,AVAILABLE,NONE
2026-08-30T06:00:00+05:30,R0174,Route,,0,0,0.0,,,,0,0.0,4,4,AVAILABLE,NONE
2026-08-30T06:00:00+05:30,R0175,Route,,0,0,0.0,,,,0,0.0,1,1,AVAILABLE,NONE
2026-08-30T06:00:00+05:30,R0176,Route,,0,0,0.0,,,,0,0.0,1,1,AVAILABLE,NONE
2026-08-30T06:00:00+05:30,R0177,Route,,0,0,0.0,,,,0,0.0,2,2,AVAILABLE,NONE
2026-08-30T06:00:00+05:30,R0178,Route,,0,0,0.0,,,,0,0.0,3,3,AVAILABLE,NONE
2026-08-30T06:00:00+05:30,R0179,Route,,0,0,0.0,,,,0,0.0,2,2,AVAILABLE,NONE
2026-08-30T06:00:00+05:30,R0180,Route,,0,0,0.0,,,,0,0.0,3,3,AVAILABLE,NONE
2026-08-30T06:00:00+05:30,R0181,Route,,0,0,0.0,,,,0,0.0,1,1,AVAILABLE,NONE
2026-08-30T06:00:00+05:30,R0182,Route,,0,0,0.0,,,,0,0.0,1,1,AVAILABLE,NONE
2026-08-30T06:00:00+05:30,R0183,Route,,0,0,0.0,,,,0,0.0,2,2,AVAILABLE,NONE
2026-08-30T06:00:00+05:30,R0184,Route,,0,0,0.0,,,,0,0.0,3,3,AVAILABLE,NONE
2026-08-30T06:00:00+05:30,R0185,Route,,0,0,0.0,,,,0,0.0,2,2,AVAILABLE,NONE
2026-08-30T06:00:00+05:30,R0186,Route,,0,0,0.0,,,,0,0.0,1,1,AVAILABLE,NONE
2026-08-30T06:00:00+05:30,R0187,Route,,0,0,0.0,,,,0,0.0,1,1,AVAILABLE,NONE
2026-08-30T06:00:00+05:30,R0188,Route,,0,0,0.0,,,,0,0.0,1,1,AVAILABLE,NONE
2026-08-30T06:00:00+05:30,R0189,Route,,0,0,0.0,,,,0,0.0,1,1,AVAILABLE,NONE
2026-08-30T06:00:00+05:30,R0190,Route,,0,0,0.0,,,,0,0.0,2,2,AVAILABLE,NONE
2026-08-30T06:00:00+05:30,R0191,Route,,0,0,0.0,,,,0,0.0,4,4,AVAILABLE,NONE
2026-08-30T06:00:00+05:30,R0192,Route,,0,0,0.0,,,,0,0.0,3,3,AVAILABLE,NONE
2026-08-30T06:00:00+05:30,R0193,Route,,0,0,0.0,,,,0,0.0,6,4,CLOSED,ACTIVE
2026-08-30T06:00:00+05:30,R0194,Route,,0,0,0.0,,,,0,0.0,2,2,AVAILABLE,NONE
2026-08-30T06:00:00+05:30,R0195,Route,,0,0,0.0,,,,0,0.0,2,2,AVAILABLE,NONE
2026-08-30T06:00:00+05:30,R0196,Route,,0,0,0.0,,,,0,0.0,3,3,AVAILABLE,NONE
2026-08-30T06:00:00+05:30,R0197,Route,,0,0,0.0,,,,0,0.0,3,3,AVAILABLE,NONE
2026-08-30T06:00:00+05:30,R0198,Route,,0,0,0.0,,,,0,0.0,4,4,AVAILABLE,NONE
2026-08-30T06:00:00+05:30,R0199,Route,,0,0,0.0,,,,0,0.0,4,2,CLOSED,ACTIVE
2026-08-30T06:00:00+05:30,R0200,Route,,0,0,0.0,,,,0,0.0,2,2,AVAILABLE,NONE
2026-08-30T06:00:00+05:30,R0201,Route,,0,0,0.0,,,,0,0.0,3,3,AVAILABLE,NONE
2026-08-30T06:00:00+05:30,R0202,Route,,0,0,0.0,,,,0,0.0,3,2,CLOSED,ACTIVE
2026-08-30T06:00:00+05:30,R0203,Route,,0,0,0.0,,,,0,0.0,5,4,CLOSED,ACTIVE
2026-08-30T06:00:00+05:30,R0204,Route,,0,0,0.0,,,,0,0.0,4,4,AVAILABLE,NONE
2026-08-30T06:00:00+05:30,R0205,Route,,0,0,0.0,,,,0,0.0,5,5,AVAILABLE,NONE
2026-08-30T06:00:00+05:30,R0206,Route,,0,0,0.0,,,,0,0.0,2,2,AVAILABLE,NONE
2026-08-30T06:00:00+05:30,R0207,Route,,0,0,0.0,,,,0,0.0,3,3,AVAILABLE,NONE
2026-08-30T06:00:00+05:30,R0208,Route,,0,0,0.0,,,,0,0.0,4,4,AVAILABLE,NONE
2026-08-30T06:00:00+05:30,R0209,Route,,0,0,0.0,,,,0,0.0,2,2,AVAILABLE,NONE
2026-08-30T06:00:00+05:30,R0210,Route,,0,0,0.0,,,,0,0.0,2,2,AVAILABLE,NONE
2026-08-30T06:00:00+05:30,R0211,Route,,0,0,0.0,,,,0,0.0,3,3,AVAILABLE,NONE
2026-08-30T06:00:00+05:30,R0212,Route,,0,0,0.0,,,,0,0.0,6,6,AVAILABLE,NONE
2026-08-30T06:00:00+05:30,R0213,Route,,0,0,0.0,,,,0,0.0,6,6,AVAILABLE,NONE
2026-08-30T06:00:00+05:30,R0214,Route,,0,0,0.0,,,,0,0.0,2,2,AVAILABLE,NONE
2026-08-30T06:00:00+05:30,R0215,Route,,0,0,0.0,,,,0,0.0,4,4,AVAILABLE,NONE
2026-08-30T06:00:00+05:30,R0216,Route,,0,0,0.0,,,,0,0.0,5,5,AVAILABLE,NONE
2026-08-30T06:00:00+05:30,R0217,Route,,0,0,0.0,,,,0,0.0,2,2,AVAILABLE,NONE
2026-08-30T06:00:00+05:30,R0218,Route,,0,0,0.0,,,,0,0.0,4,4,AVAILABLE,NONE
2026-08-30T06:00:00+05:30,R0219,Route,,0,0,0.0,,,,0,0.0,5,5,AVAILABLE,NONE
2026-08-30T06:00:00+05:30,R0220,Route,,0,0,0.0,,,,0,0.0,2,2,AVAILABLE,NONE
2026-08-30T06:00:00+05:30,R0221,Route,,0,0,0.0,,,,0,0.0,4,4,AVAILABLE,NONE
2026-08-30T06:00:00+05:30,R0222,Route,,0,0,0.0,,,,0,0.0,5,5,AVAILABLE,NONE
2026-08-30T06:00:00+05:30,R0223,Route,,0,0,0.0,,,,0,0.0,2,2,AVAILABLE,NONE
2026-08-30T06:00:00+05:30,R0224,Route,,0,0,0.0,,,,0,0.0,5,5,AVAILABLE,NONE
2026-08-30T06:00:00+05:30,R0225,Route,,0,0,0.0,,,,0,0.0,5,5,AVAILABLE,NONE
2026-08-30T06:00:00+05:30,R0226,Route,,0,0,0.0,,,,0,0.0,2,2,CONGESTED,ACTIVE
2026-08-30T06:00:00+05:30,R0227,Route,,0,0,0.0,,,,0,0.0,4,4,AVAILABLE,NONE
2026-08-30T06:00:00+05:30,R0228,Route,,0,0,0.0,,,,0,0.0,7,5,CLOSED,ACTIVE
2026-08-30T06:00:00+05:30,R0229,Route,,0,0,0.0,,,,0,0.0,2,2,AVAILABLE,NONE
2026-08-30T06:00:00+05:30,R0230,Route,,0,0,0.0,,,,0,0.0,2,2,AVAILABLE,NONE
2026-08-30T06:00:00+05:30,R0231,Route,,0,0,0.0,,,,0,0.0,1,1,AVAILABLE,NONE
2026-08-30T06:00:00+05:30,R0232,Route,,0,0,0.0,,,,0,0.0,2,2,AVAILABLE,NONE
2026-08-30T06:00:00+05:30,R0233,Route,,0,0,0.0,,,,0,0.0,2,1,CONGESTED,ACTIVE
2026-08-30T06:00:00+05:30,R0234,Route,,0,0,0.0,,,,0,0.0,2,2,AVAILABLE,NONE
2026-08-30T06:00:00+05:30,R0235,Route,,0,0,0.0,,,,0,0.0,2,2,AVAILABLE,NONE
2026-08-30T06:00:00+05:30,R0236,Route,,0,0,0.0,,,,0,0.0,4,4,AVAILABLE,NONE
2026-08-30T06:00:00+05:30,R0237,Route,,0,0,0.0,,,,0,0.0,4,4,AVAILABLE,NONE
2026-08-30T06:00:00+05:30,R0238,Route,,0,0,0.0,,,,0,0.0,7,5,CONGESTED,ACTIVE
2026-08-30T06:00:00+05:30,R0239,Route,,0,0,0.0,,,,0,0.0,2,2,AVAILABLE,NONE
2026-08-30T06:00:00+05:30,R0240,Route,,0,0,0.0,,,,0,0.0,1,1,AVAILABLE,NONE
2026-08-30T06:00:00+05:30,R0241,Route,,0,0,0.0,,,,0,0.0,1,1,AVAILABLE,NONE
2026-08-30T06:00:00+05:30,R0242,Route,,0,0,0.0,,,,0,0.0,4,4,AVAILABLE,NONE
2026-08-30T06:00:00+05:30,R0243,Route,,0,0,0.0,,,,0,0.0,6,5,CONGESTED,ACTIVE
2026-08-30T06:00:00+05:30,R0244,Route,,0,0,0.0,,,,0,0.0,2,2,AVAILABLE,NONE
2026-08-30T06:00:00+05:30,R0245,Route,,0,0,0.0,,,,0,0.0,4,2,CLOSED,ACTIVE
2026-08-30T06:00:00+05:30,R0246,Route,,0,0,0.0,,,,0,0.0,4,4,AVAILABLE,NONE
2026-08-30T06:00:00+05:30,R0247,Route,,0,0,0.0,,,,0,0.0,1,1,AVAILABLE,NONE
2026-08-30T06:00:00+05:30,R0248,Route,,0,0,0.0,,,,0,0.0,1,1,AVAILABLE,NONE
2026-08-30T06:00:00+05:30,R0249,Route,,0,0,0.0,,,,0,0.0,2,2,AVAILABLE,NONE
2026-08-30T06:00:00+05:30,R0250,Route,,0,0,0.0,,,,0,0.0,3,3,AVAILABLE,NONE
2026-08-30T06:00:00+05:30,R0251,Route,,0,0,0.0,,,,0,0.0,3,1,CONGESTED,ACTIVE
2026-08-30T06:00:00+05:30,R0252,Route,,0,0,0.0,,,,0,0.0,2,2,AVAILABLE,NONE
2026-08-30T06:00:00+05:30,R0253,Route,,0,0,0.0,,,,0,0.0,5,3,CONGESTED,ACTIVE
2026-08-30T06:00:00+05:30,R0254,Route,,0,0,0.0,,,,0,0.0,2,2,AVAILABLE,NONE
2026-08-30T06:00:00+05:30,R0255,Route,,0,0,0.0,,,,0,0.0,3,3,AVAILABLE,NONE
2026-08-30T06:00:00+05:30,R0256,Route,,0,0,0.0,,,,0,0.0,1,1,AVAILABLE,NONE
2026-08-30T06:00:00+05:30,R0257,Route,,0,0,0.0,,,,0,0.0,1,1,AVAILABLE,NONE
2026-08-30T06:00:00+05:30,R0258,Route,,0,0,0.0,,,,0,0.0,1,1,AVAILABLE,NONE
2026-08-30T06:00:00+05:30,R0259,Route,,0,0,0.0,,,,0,0.0,1,1,AVAILABLE,NONE
2026-08-30T06:00:00+05:30,R0260,Route,,0,0,0.0,,,,0,0.0,1,1,AVAILABLE,NONE
2026-08-30T06:00:00+05:30,R0261,Route,,0,0,0.0,,,,0,0.0,1,1,AVAILABLE,NONE
2026-08-30T06:00:00+05:30,R0262,Route,,0,0,0.0,,,,0,0.0,2,1,CONGESTED,ACTIVE
2026-08-30T06:00:00+05:30,R0263,Route,,0,0,0.0,,,,0,0.0,2,2,CLOSED,ACTIVE
2026-08-30T06:00:00+05:30,R0264,Route,,0,0,0.0,,,,0,0.0,1,1,AVAILABLE,NONE
2026-08-30T06:00:00+05:30,R0265,Route,,0,0,0.0,,,,0,0.0,1,1,AVAILABLE,NONE
2026-08-30T06:00:00+05:30,R0266,Route,,0,0,0.0,,,,0,0.0,1,1,AVAILABLE,NONE
2026-08-30T06:00:00+05:30,R0267,Route,,0,0,0.0,,,,0,0.0,1,1,AVAILABLE,NONE
2026-08-30T06:00:00+05:30,R0268,Route,,0,0,0.0,,,,0,0.0,1,1,AVAILABLE,NONE
2026-08-30T06:00:00+05:30,R0269,Route,,0,0,0.0,,,,0,0.0,1,1,AVAILABLE,NONE
2026-08-30T06:00:00+05:30,R0270,Route,,0,0,0.0,,,,0,0.0,1,1,CONGESTED,ACTIVE
2026-08-30T06:00:00+05:30,R0271,Route,,0,0,0.0,,,,0,0.0,1,1,AVAILABLE,NONE
2026-08-30T06:00:00+05:30,R0272,Route,,0,0,0.0,,,,0,0.0,1,1,AVAILABLE,NONE
2026-08-30T06:00:00+05:30,R0273,Route,,0,0,0.0,,,,0,0.0,1,1,AVAILABLE,NONE
2026-08-30T06:00:00+05:30,R0274,Route,,0,0,0.0,,,,0,0.0,2,2,AVAILABLE,NONE
2026-08-30T06:00:00+05:30,R0275,Route,,0,0,0.0,,,,0,0.0,3,3,AVAILABLE,NONE
2026-08-30T06:00:00+05:30,R0276,Route,,0,0,0.0,,,,0,0.0,1,1,AVAILABLE,NONE
2026-08-30T06:00:00+05:30,R0277,Route,,0,0,0.0,,,,0,0.0,1,1,AVAILABLE,NONE
2026-08-30T06:00:00+05:30,R0278,Route,,0,0,0.0,,,,0,0.0,1,1,AVAILABLE,NONE
2026-08-30T06:00:00+05:30,R0279,Route,,0,0,0.0,,,,0,0.0,1,1,AVAILABLE,NONE
2026-08-30T06:00:00+05:30,R0280,Route,,0,0,0.0,,,,0,0.0,3,3,AVAILABLE,NONE
2026-08-30T06:00:00+05:30,R0281,Route,,0,0,0.0,,,,0,0.0,4,4,AVAILABLE,NONE
2026-08-30T06:00:00+05:30,R0282,Route,,0,0,0.0,,,,0,0.0,2,2,AVAILABLE,NONE
2026-08-30T06:00:00+05:30,R0283,Route,,0,0,0.0,,,,0,0.0,2,2,AVAILABLE,NONE
2026-08-30T06:00:00+05:30,R0284,Route,,0,0,0.0,,,,0,0.0,3,3,AVAILABLE,NONE
2026-08-30T06:00:00+05:30,R0285,Route,,0,0,0.0,,,,0,0.0,1,1,AVAILABLE,NONE
2026-08-30T06:00:00+05:30,R0286,Route,,0,0,0.0,,,,0,0.0,1,1,AVAILABLE,NONE
2026-08-30T06:00:00+05:30,R0287,Route,,0,0,0.0,,,,0,0.0,2,2,AVAILABLE,NONE
2026-08-30T06:00:00+05:30,R0288,Route,,0,0,0.0,,,,0,0.0,4,3,CLOSED,ACTIVE
2026-08-30T06:00:00+05:30,R0289,Route,,0,0,0.0,,,,0,0.0,1,1,AVAILABLE,NONE
2026-08-30T06:00:00+05:30,R0290,Route,,0,0,0.0,,,,0,0.0,2,2,AVAILABLE,NONE
2026-08-30T06:00:00+05:30,R0291,Route,,0,0,0.0,,,,0,0.0,1,1,AVAILABLE,NONE
2026-08-30T06:00:00+05:30,R0292,Route,,0,0,0.0,,,,0,0.0,2,2,AVAILABLE,NONE
2026-08-30T06:00:00+05:30,R0293,Route,,0,0,0.0,,,,0,0.0,5,3,CONGESTED,ACTIVE
2026-08-30T06:00:00+05:30,R0294,Route,,0,0,0.0,,,,0,0.0,1,1,AVAILABLE,NONE
2026-08-30T06:00:00+05:30,R0295,Route,,0,0,0.0,,,,0,0.0,2,2,AVAILABLE,NONE
2026-08-30T06:00:00+05:30,R0296,Route,,0,0,0.0,,,,0,0.0,5,3,CONGESTED,ACTIVE
2026-08-30T06:00:00+05:30,R0297,Route,,0,0,0.0,,,,0,0.0,1,1,AVAILABLE,NONE
2026-08-30T06:00:00+05:30,R0298,Route,,0,0,0.0,,,,0,0.0,1,1,AVAILABLE,NONE
2026-08-30T06:00:00+05:30,R0299,Route,,0,0,0.0,,,,0,0.0,2,2,AVAILABLE,NONE
2026-08-30T06:00:00+05:30,R0300,Route,,0,0,0.0,,,,0,0.0,3,3,AVAILABLE,NONE
2026-08-30T06:00:00+05:30,R0301,Route,,0,0,0.0,,,,0,0.0,1,1,AVAILABLE,NONE
2026-08-30T06:00:00+05:30,R0302,Route,,0,0,0.0,,,,0,0.0,1,1,AVAILABLE,NONE
2026-08-30T06:00:00+05:30,R0303,Route,,0,0,0.0,,,,0,0.0,2,2,AVAILABLE,NONE
2026-08-30T06:00:00+05:30,R0304,Route,,0,0,0.0,,,,0,0.0,3,3,AVAILABLE,NONE
2026-08-30T06:00:00+05:30,R0305,Route,,0,0,0.0,,,,0,0.0,2,2,AVAILABLE,NONE
2026-08-30T06:00:00+05:30,R0306,Route,,0,0,0.0,,,,0,0.0,3,3,AVAILABLE,NONE
2026-08-30T06:00:00+05:30,R0307,Route,,0,0,0.0,,,,0,0.0,1,1,AVAILABLE,NONE
2026-08-30T06:00:00+05:30,R0308,Route,,0,0,0.0,,,,0,0.0,2,2,AVAILABLE,NONE
2026-08-30T06:00:00+05:30,R0309,Route,,0,0,0.0,,,,0,0.0,3,3,AVAILABLE,NONE
2026-08-30T06:00:00+05:30,R0310,Route,,0,0,0.0,,,,0,0.0,1,1,AVAILABLE,NONE
2026-08-30T06:00:00+05:30,R0311,Route,,0,0,0.0,,,,0,0.0,1,1,CONGESTED,ACTIVE
2026-08-30T06:00:00+05:30,R0312,Route,,0,0,0.0,,,,0,0.0,1,1,AVAILABLE,NONE
2026-08-30T06:00:00+05:30,R0313,Route,,0,0,0.0,,,,0,0.0,1,1,AVAILABLE,NONE
2026-08-30T06:00:00+05:30,R0314,Route,,0,0,0.0,,,,0,0.0,3,2,CONGESTED,ACTIVE
2026-08-30T06:00:00+05:30,R0315,Route,,0,0,0.0,,,,0,0.0,3,3,AVAILABLE,NONE
2026-08-30T06:00:00+05:30,R0316,Route,,0,0,0.0,,,,0,0.0,4,2,CLOSED,ACTIVE
2026-08-30T06:00:00+05:30,R0317,Route,,0,0,0.0,,,,0,0.0,3,3,AVAILABLE,NONE
2026-08-30T06:00:00+05:30,R0318,Route,,0,0,0.0,,,,0,0.0,2,2,AVAILABLE,NONE
2026-08-30T06:00:00+05:30,R0319,Route,,0,0,0.0,,,,0,0.0,3,3,AVAILABLE,NONE
2026-08-30T06:00:00+05:30,R0320,Route,,0,0,0.0,,,,0,0.0,3,3,AVAILABLE,NONE
2026-08-30T06:00:00+05:30,R0321,Route,,0,0,0.0,,,,0,0.0,4,4,AVAILABLE,NONE
2026-08-30T06:00:00+05:30,R0322,Route,,0,0,0.0,,,,0,0.0,2,2,AVAILABLE,NONE
2026-08-30T06:00:00+05:30,R0323,Route,,0,0,0.0,,,,0,0.0,4,4,AVAILABLE,NONE
2026-08-30T06:00:00+05:30,R0324,Route,,0,0,0.0,,,,0,0.0,5,5,AVAILABLE,NONE
2026-08-30T06:00:00+05:30,R0325,Route,,0,0,0.0,,,,0,0.0,2,2,AVAILABLE,NONE
2026-08-30T06:00:00+05:30,R0326,Route,,0,0,0.0,,,,0,0.0,4,4,AVAILABLE,NONE
2026-08-30T06:00:00+05:30,R0327,Route,,0,0,0.0,,,,0,0.0,5,5,CONGESTED,ACTIVE
2026-08-30T06:00:00+05:30,R0328,Route,,0,0,0.0,,,,0,0.0,2,2,AVAILABLE,NONE
2026-08-30T06:00:00+05:30,R0329,Route,,0,0,0.0,,,,0,0.0,2,2,AVAILABLE,NONE
2026-08-30T06:00:00+05:30,R0330,Route,,0,0,0.0,,,,0,0.0,4,4,AVAILABLE,NONE
2026-08-30T06:00:00+05:30,R0331,Route,,0,0,0.0,,,,0,0.0,2,2,AVAILABLE,NONE
2026-08-30T06:00:00+05:30,R0332,Route,,0,0,0.0,,,,0,0.0,3,3,AVAILABLE,NONE
2026-08-30T06:00:00+05:30,R0333,Route,,0,0,0.0,,,,0,0.0,1,1,AVAILABLE,NONE
2026-08-30T06:00:00+05:30,R0334,Route,,0,0,0.0,,,,0,0.0,1,1,AVAILABLE,NONE
2026-08-30T06:00:00+05:30,R0335,Route,,0,0,0.0,,,,0,0.0,2,2,AVAILABLE,NONE
2026-08-30T06:00:00+05:30,R0336,Route,,0,0,0.0,,,,0,0.0,3,3,AVAILABLE,NONE
2026-08-30T06:00:00+05:30,R0337,Route,,0,0,0.0,,,,0,0.0,4,4,AVAILABLE,NONE
2026-08-30T06:00:00+05:30,R0338,Route,,0,0,0.0,,,,0,0.0,5,5,AVAILABLE,NONE
2026-08-30T06:00:00+05:30,R0339,Route,,0,0,0.0,,,,0,0.0,2,2,AVAILABLE,NONE
2026-08-30T06:00:00+05:30,R0340,Route,,0,0,0.0,,,,0,0.0,4,4,AVAILABLE,NONE
2026-08-30T06:00:00+05:30,R0341,Route,,0,0,0.0,,,,0,0.0,5,5,AVAILABLE,NONE
2026-08-30T06:00:00+05:30,R0342,Route,,0,0,0.0,,,,0,0.0,2,2,AVAILABLE,NONE
2026-08-30T06:00:00+05:30,R0343,Route,,0,0,0.0,,,,0,0.0,2,2,AVAILABLE,NONE
2026-08-30T06:00:00+05:30,R0344,Route,,0,0,0.0,,,,0,0.0,3,3,AVAILABLE,NONE
2026-08-30T06:00:00+05:30,R0345,Route,,0,0,0.0,,,,0,0.0,3,3,AVAILABLE,NONE
2026-08-30T06:00:00+05:30,R0346,Route,,0,0,0.0,,,,0,0.0,4,4,AVAILABLE,NONE
2026-08-30T06:00:00+05:30,R0347,Route,,0,0,0.0,,,,0,0.0,2,2,AVAILABLE,NONE
2026-08-30T06:00:00+05:30,R0348,Route,,0,0,0.0,,,,0,0.0,3,2,CLOSED,ACTIVE
2026-08-30T06:00:00+05:30,R0349,Route,,0,0,0.0,,,,0,0.0,3,3,AVAILABLE,NONE
2026-08-30T06:00:00+05:30,R0350,Route,,0,0,0.0,,,,0,0.0,4,2,CLOSED,ACTIVE
2026-08-30T06:00:00+05:30,R0351,Route,,0,0,0.0,,,,0,0.0,3,3,AVAILABLE,NONE
2026-08-30T06:00:00+05:30,R0352,Route,,0,0,0.0,,,,0,0.0,3,3,AVAILABLE,NONE
2026-08-30T06:00:00+05:30,R0353,Route,,0,0,0.0,,,,0,0.0,4,4,AVAILABLE,NONE
2026-08-30T06:00:00+05:30,R0354,Route,,0,0,0.0,,,,0,0.0,2,2,AVAILABLE,NONE
2026-08-30T06:00:00+05:30,R0355,Route,,0,0,0.0,,,,0,0.0,2,2,AVAILABLE,NONE
2026-08-30T06:00:00+05:30,R0356,Route,,0,0,0.0,,,,0,0.0,3,3,AVAILABLE,NONE
2026-08-30T06:00:00+05:30,R0357,Route,,0,0,0.0,,,,0,0.0,1,1,AVAILABLE,NONE
2026-08-30T06:00:00+05:30,R0358,Route,,0,0,0.0,,,,0,0.0,1,1,CONGESTED,ACTIVE
2026-08-30T06:00:00+05:30,R0359,Route,,0,0,0.0,,,,0,0.0,2,2,AVAILABLE,NONE
2026-08-30T06:00:00+05:30,R0360,Route,,0,0,0.0,,,,0,0.0,4,4,AVAILABLE,NONE
2026-08-30T06:00:00+05:30,R0361,Route,,0,0,0.0,,,,0,0.0,2,2,AVAILABLE,NONE
2026-08-30T06:00:00+05:30,R0362,Route,,0,0,0.0,,,,0,0.0,3,3,AVAILABLE,NONE
2026-08-30T06:00:00+05:30,R0363,Route,,0,0,0.0,,,,0,0.0,4,4,AVAILABLE,NONE
2026-08-30T06:00:00+05:30,R0364,Route,,0,0,0.0,,,,0,0.0,5,5,AVAILABLE,NONE
2026-08-30T06:00:00+05:30,R0365,Route,,0,0,0.0,,,,0,0.0,2,2,CONGESTED,ACTIVE
2026-08-30T06:00:00+05:30,R0366,Route,,0,0,0.0,,,,0,0.0,1,1,AVAILABLE,NONE
2026-08-30T06:00:00+05:30,R0367,Route,,0,0,0.0,,,,0,0.0,1,1,AVAILABLE,NONE
2026-08-30T06:00:00+05:30,R0368,Route,,0,0,0.0,,,,0,0.0,1,1,AVAILABLE,NONE
2026-08-30T06:00:00+05:30,R0369,Route,,0,0,0.0,,,,0,0.0,1,1,AVAILABLE,NONE
2026-08-30T06:00:00+05:30,R0370,Route,,0,0,0.0,,,,0,0.0,2,2,AVAILABLE,NONE
2026-08-30T06:00:00+05:30,R0371,Route,,0,0,0.0,,,,0,0.0,5,4,CONGESTED,ACTIVE
2026-08-30T06:00:00+05:30,R0372,Route,,0,0,0.0,,,,0,0.0,4,4,AVAILABLE,NONE
2026-08-30T06:00:00+05:30,R0373,Route,,0,0,0.0,,,,0,0.0,5,5,AVAILABLE,NONE
2026-08-30T06:00:00+05:30,R0374,Route,,0,0,0.0,,,,0,0.0,2,2,AVAILABLE,NONE
2026-08-30T06:00:00+05:30,R0375,Route,,0,0,0.0,,,,0,0.0,1,1,AVAILABLE,NONE
2026-08-30T06:00:00+05:30,R0376,Route,,0,0,0.0,,,,0,0.0,3,1,CONGESTED,ACTIVE
2026-08-30T06:00:00+05:30,R0377,Route,,0,0,0.0,,,,0,0.0,2,2,AVAILABLE,NONE
2026-08-30T06:00:00+05:30,R0378,Route,,0,0,0.0,,,,0,0.0,3,3,AVAILABLE,NONE
2026-08-30T06:00:00+05:30,R0379,Route,,0,0,0.0,,,,0,0.0,3,3,AVAILABLE,NONE
2026-08-30T06:00:00+05:30,R0380,Route,,0,0,0.0,,,,0,0.0,4,4,AVAILABLE,NONE
2026-08-30T06:00:00+05:30,R0381,Route,,0,0,0.0,,,,0,0.0,2,2,AVAILABLE,NONE
2026-08-30T06:00:00+05:30,R0382,Route,,0,0,0.0,,,,0,0.0,3,3,AVAILABLE,NONE
2026-08-30T06:00:00+05:30,R0383,Route,,0,0,0.0,,,,0,0.0,4,4,AVAILABLE,NONE
2026-08-30T06:00:00+05:30,R0384,Route,,0,0,0.0,,,,0,0.0,2,2,AVAILABLE,NONE
2026-08-30T06:00:00+05:30,R0385,Route,,0,0,0.0,,,,0,0.0,3,3,AVAILABLE,NONE
2026-08-30T06:00:00+05:30,R0386,Route,,0,0,0.0,,,,0,0.0,4,4,AVAILABLE,NONE
2026-08-30T06:00:00+05:30,R0387,Route,,0,0,0.0,,,,0,0.0,2,2,AVAILABLE,NONE
2026-08-30T06:00:00+05:30,R0388,Route,,0,0,0.0,,,,0,0.0,2,2,AVAILABLE,NONE
2026-08-30T06:00:00+05:30,R0389,Route,,0,0,0.0,,,,0,0.0,3,3,AVAILABLE,NONE
2026-08-30T06:00:00+05:30,SH0003,Shipment,P009,71,0,0.0,,,IN_TRANSIT,0,0.0,0,0,,NONE
2026-08-30T06:00:00+05:30,SH0012,Shipment,P009,41,0,0.0,,,IN_TRANSIT,0,0.0,0,0,,NONE
2026-08-30T06:00:00+05:30,SH0016,Shipment,P006,38,0,0.0,,,IN_TRANSIT,0,0.0,0,0,,NONE
2026-08-30T06:00:00+05:30,SH0046,Shipment,P011,31,0,0.0,,,IN_TRANSIT,0,0.0,0,0,,NONE
2026-08-30T06:00:00+05:30,SH0048,Shipment,P013,35,0,0.0,,,DELAYED,0,0.0,0,0,,ACTIVE
2026-08-30T06:00:00+05:30,SH0076,Shipment,P007,45,0,0.0,,,DELAYED,0,0.0,0,0,,ACTIVE
2026-08-30T06:00:00+05:30,SH0077,Shipment,P011,21,0,0.0,,,IN_TRANSIT,0,0.0,0,0,,NONE
2026-08-30T06:00:00+05:30,SH0101,Shipment,P009,39,0,0.0,,,IN_TRANSIT,0,0.0,0,0,,NONE
2026-08-30T06:00:00+05:30,SH0102,Shipment,P014,29,0,0.0,,,DELAYED,0,0.0,0,0,,ACTIVE
2026-08-30T06:00:00+05:30,SH0107,Shipment,P002,37,0,0.0,,,IN_TRANSIT,0,0.0,0,0,,NONE
2026-08-30T06:00:00+05:30,SH0132,Shipment,P013,49,0,0.0,,,IN_TRANSIT,0,0.0,0,0,,NONE
2026-08-30T06:00:00+05:30,SH0137,Shipment,P015,60,0,0.0,,,IN_TRANSIT,0,0.0,0,0,,NONE
2026-08-30T06:00:00+05:30,SH0151,Shipment,P005,140,0,0.0,,,IN_TRANSIT,0,0.0,0,0,,NONE
2026-08-30T06:00:00+05:30,SH0191,Shipment,P011,52,0,0.0,,,IN_TRANSIT,0,0.0,0,0,,NONE
2026-08-30T06:00:00+05:30,SH0205,Shipment,P005,44,0,0.0,,,IN_TRANSIT,0,0.0,0,0,,NONE
2026-08-30T06:00:00+05:30,SH0210,Shipment,P015,25,0,0.0,,,IN_TRANSIT,0,0.0,0,0,,NONE
2026-08-30T06:00:00+05:30,SH0237,Shipment,P002,129,0,0.0,,,DELAYED,0,0.0,0,0,,ACTIVE
2026-08-30T06:00:00+05:30,SH0240,Shipment,P008,26,0,0.0,,,IN_TRANSIT,0,0.0,0,0,,NONE
2026-08-30T06:00:00+05:30,SH0243,Shipment,P001,64,0,0.0,,,IN_TRANSIT,0,0.0,0,0,,NONE
2026-08-30T06:00:00+05:30,SH0261,Shipment,P013,129,0,0.0,,,DELAYED,0,0.0,0,0,,ACTIVE
2026-08-30T06:00:00+05:30,SH0285,Shipment,P002,73,0,0.0,,,IN_TRANSIT,0,0.0,0,0,,NONE
2026-08-30T06:00:00+05:30,SH0301,Shipment,P011,30,0,0.0,,,IN_TRANSIT,0,0.0,0,0,,NONE
2026-08-30T06:00:00+05:30,SH0313,Shipment,P003,92,0,0.0,,,DELAYED,0,0.0,0,0,,ACTIVE
2026-08-30T06:00:00+05:30,SH0316,Shipment,P014,53,0,0.0,,,DELAYED,0,0.0,0,0,,ACTIVE
2026-08-30T06:00:00+05:30,SH0331,Shipment,P011,31,0,0.0,,,IN_TRANSIT,0,0.0,0,0,,NONE
2026-08-30T06:00:00+05:30,SH0377,Shipment,P006,68,0,0.0,,,DELAYED,0,0.0,0,0,,ACTIVE
2026-08-30T06:00:00+05:30,SH0379,Shipment,P004,109,0,0.0,,,IN_TRANSIT,0,0.0,0,0,,NONE
2026-08-30T06:00:00+05:30,SH0382,Shipment,P001,167,0,0.0,,,IN_TRANSIT,0,0.0,0,0,,NONE
2026-08-30T06:00:00+05:30,SH0405,Shipment,P007,80,0,0.0,,,IN_TRANSIT,0,0.0,0,0,,NONE
2026-08-30T06:00:00+05:30,SH0434,Shipment,P008,143,0,0.0,,,DELAYED,0,0.0,0,0,,ACTIVE
2026-08-30T06:00:00+05:30,SH0443,Shipment,P015,17,0,0.0,,,IN_TRANSIT,0,0.0,0,0,,NONE
2026-08-30T06:00:00+05:30,SH0450,Shipment,P012,143,0,0.0,,,DELAYED,0,0.0,0,0,,ACTIVE
2026-08-30T06:00:00+05:30,SH0479,Shipment,P003,144,0,0.0,,,IN_TRANSIT,0,0.0,0,0,,NONE
2026-08-30T06:00:00+05:30,SH0494,Shipment,P015,36,0,0.0,,,IN_TRANSIT,0,0.0,0,0,,NONE
2026-08-30T06:00:00+05:30,SH0501,Shipment,P004,179,0,0.0,,,IN_TRANSIT,0,0.0,0,0,,NONE
2026-08-30T06:00:00+05:30,SH0502,Shipment,P005,164,0,0.0,,,IN_TRANSIT,0,0.0,0,0,,NONE
2026-08-30T06:00:00+05:30,SH0510,Shipment,P002,105,0,0.0,,,DELAYED,0,0.0,0,0,,ACTIVE
2026-08-30T06:00:00+05:30,SH0526,Shipment,P005,135,0,0.0,,,IN_TRANSIT,0,0.0,0,0,,NONE
2026-08-30T06:00:00+05:30,SH0527,Shipment,P015,17,0,0.0,,,IN_TRANSIT,0,0.0,0,0,,NONE
2026-08-30T06:00:00+05:30,SH0540,Shipment,P007,99,0,0.0,,,IN_TRANSIT,0,0.0,0,0,,NONE
2026-08-30T06:00:00+05:30,SH0542,Shipment,P006,125,0,0.0,,,IN_TRANSIT,0,0.0,0,0,,NONE
2026-08-30T06:00:00+05:30,SH0553,Shipment,P003,99,0,0.0,,,DELAYED,0,0.0,0,0,,ACTIVE
2026-08-30T06:00:00+05:30,SH0557,Shipment,P001,74,0,0.0,,,IN_TRANSIT,0,0.0,0,0,,NONE
2026-08-30T06:00:00+05:30,SH0559,Shipment,P008,38,0,0.0,,,IN_TRANSIT,0,0.0,0,0,,NONE
2026-08-30T06:00:00+05:30,SH0576,Shipment,P011,43,0,0.0,,,IN_TRANSIT,0,0.0,0,0,,NONE
2026-08-30T06:00:00+05:30,SH0592,Shipment,P004,143,0,0.0,,,DELAYED,0,0.0,0,0,,ACTIVE
2026-08-30T06:00:00+05:30,C001,Customer,P011,0,0,0.0,,,,6,8.0,0,0,,NONE
2026-08-30T06:00:00+05:30,C002,Customer,P012,0,0,0.0,,,,6,9.0,0,0,,NONE
2026-08-30T06:00:00+05:30,C003,Customer,P013,0,0,0.0,,,,28,27.0,0,0,,NONE
2026-08-30T06:00:00+05:30,C004,Customer,P014,0,0,0.0,,,,41,33.0,0,0,,NONE
2026-08-30T06:00:00+05:30,C005,Customer,P015,0,0,0.0,,,,15,15.0,0,0,,NONE
2026-08-30T06:00:00+05:30,C006,Customer,P011,0,0,0.0,,,,40,35.0,0,0,,NONE
2026-08-30T06:00:00+05:30,C007,Customer,P012,0,0,0.0,,,,10,9.0,0,0,,NONE
2026-08-30T06:00:00+05:30,C008,Customer,P013,0,0,0.0,,,,34,33.0,0,0,,NONE
2026-08-30T06:00:00+05:30,C009,Customer,P014,0,0,0.0,,,,31,37.0,0,0,,NONE
2026-08-30T06:00:00+05:30,C010,Customer,P015,0,0,0.0,,,,33,32.0,0,0,,NONE
2026-08-30T06:00:00+05:30,C011,Customer,P011,0,0,0.0,,,,36,30.0,0,0,,NONE
2026-08-30T06:00:00+05:30,C012,Customer,P012,0,0,0.0,,,,37,34.0,0,0,,NONE
2026-08-30T06:00:00+05:30,C013,Customer,P013,0,0,0.0,,,,10,9.0,0,0,,NONE
2026-08-30T06:00:00+05:30,C014,Customer,P014,0,0,0.0,,,,12,14.0,0,0,,NONE
2026-08-30T06:00:00+05:30,C015,Customer,P015,0,0,0.0,,,,10,11.0,0,0,,NONE
2026-08-30T06:00:00+05:30,C016,Customer,P011,0,0,0.0,,,,23,24.0,0,0,,NONE
2026-08-30T06:00:00+05:30,C017,Customer,P012,0,0,0.0,,,,30,31.0,0,0,,NONE
2026-08-30T06:00:00+05:30,C018,Customer,P013,0,0,0.0,,,,33,28.0,0,0,,NONE
2026-08-30T06:00:00+05:30,C019,Customer,P014,0,0,0.0,,,,20,35.0,0,0,,NONE
2026-08-30T06:00:00+05:30,C020,Customer,P015,0,0,0.0,,,,12,12.0,0,0,,NONE
2026-08-30T06:00:00+05:30,C021,Customer,P011,0,0,0.0,,,,30,31.0,0,0,,NONE
2026-08-30T06:00:00+05:30,C022,Customer,P012,0,0,0.0,,,,10,14.0,0,0,,NONE
2026-08-30T06:00:00+05:30,C023,Customer,P013,0,0,0.0,,,,17,16.0,0,0,,NONE
2026-08-30T06:00:00+05:30,C024,Customer,P014,0,0,0.0,,,,26,30.0,0,0,,NONE
