Parcel_ID,Origin_Node,Destination_Node,Product_ID,Quantity,Gross_Weight_kg,Volume_m3,Chargeable_Weight_Air_kg,Chargeable_Weight_Road_kg,Parcel_Type,Fragility,Hazmat_Class,Declared_Value_INR,Ready_At,Deadline_At,Service_Level,Status
PCL0001,S006,C003,P013,295,708.0,2.63228,708.0,877.43,Fragile,Fragile,NONE,245182.62,2026-09-29T08:00,2026-10-03T08:00,Economy,BOOKED
PCL0002,S011,C001,P008,90,7.2,0.03582,7.2,11.94,Fragile,Fragile,NONE,15693.89,2026-09-30T03:00,2026-10-07T03:00,Standard,BOOKED
PCL0003,S012,C016,P012,116,81.2,0.414,81.2,138.0,Fragile,Fragile,NONE,72847.93,2026-09-30T19:00,2026-10-05T19:00,Economy,BOOKED
PCL0004,S012,C003,P005,303,6.06,0.03394,6.06,11.31,Fragile,Fragile,NONE,163506.35,2026-10-01T22:00,2026-10-06T22:00,Economy,BOOKED
PCL0005,S013,C020,P005,236,4.72,0.02643,4.72,8.81,Fragile,Fragile,NONE,182112.42,2026-09-26T18:00,2026-10-03T18:00,Economy,BOOKED
PCL0006,S015,C001,P014,226,474.6,1.8975,474.6,632.5,Fragile,Fragile,NONE,167988.48,2026-09-24T22:00,2026-10-01T22:00,Standard,BOOKED
PCL0007,S011,C020,P005,203,4.06,0.02274,4.06,7.58,Fragile,Fragile,NONE,164257.35,2026-09-20T17:00,2026-09-26T17:00,Economy,BOOKED
PCL0008,S013,C006,P014,52,109.2,0.43659,109.2,145.53,Fragile,Fragile,NONE,17384.67,2026-10-02T09:00,2026-10-07T09:00,Economy,BOOKED
PCL0009,S001,C006,P004,99,17.82,0.09841,17.82,32.8,Fragile,Fragile,NONE,40904.44,2026-09-26T03:00,2026-10-02T03:00,Express,BOOKED
PCL0010,S013,C015,P010,99,6.93,0.03811,6.93,12.7,Fragile,Fragile,NONE,18129.49,2026-09-28T03:00,2026-10-02T03:00,Economy,BOOKED
PCL0011,S004,C002,P013,200,480.0,1.7846,480.0,594.87,Fragile,Fragile,NONE,133809.22,2026-09-22T01:00,2026-09-27T01:00,Standard,BOOKED
PCL0012,S005,C011,P006,381,11.43,0.07734,12.89,25.78,Fragile,Fragile,NONE,180286.74,2026-09-23T05:00,2026-09-30T05:00,Standard,BOOKED
PCL0013,W02,C014,P001,92,818.8,1.955,818.8,818.8,General,Standard,NONE,10615.91,2026-09-27T09:00,2026-10-01T09:00,Economy,BOOKED
PCL0014,S002,C004,P011,361,649.8,2.87753,649.8,959.18,Fragile,Fragile,NONE,184188.8,2026-09-18T12:00,2026-09-20T12:00,Standard,BOOKED
PCL0015,S002,C019,P005,97,1.94,0.01086,1.94,3.62,Fragile,Fragile,NONE,30347.05,2026-09-21T17:00,2026-09-24T17:00,Standard,BOOKED
PCL0016,S008,C002,P010,128,8.96,0.04928,8.96,16.43,Fragile,Fragile,NONE,69842.12,2026-09-23T19:00,2026-09-27T19:00,Express,BOOKED
PCL0017,S014,C019,P015,287,401.8,1.67665,401.8,558.88,Fragile,Fragile,NONE,105481.1,2026-09-21T11:00,2026-09-28T11:00,Standard,BOOKED
PCL0018,S003,C013,P003,381,457.2,0.81305,457.2,457.2,Hazmat,Standard,UN3082,311891.23,2026-09-25T10:00,2026-09-30T10:00,Standard,BOOKED
PCL0019,S012,C002,P006,286,8.58,0.05806,9.68,19.35,Fragile,Fragile,NONE,113955.02,2026-09-23T12:00,2026-09-28T12:00,Standard,BOOKED
PCL0020,S010,C017,P015,273,382.2,1.59487,382.2,531.62,Fragile,Fragile,NONE,258192.4,2026-09-19T20:00,2026-09-23T20:00,Standard,BOOKED
PCL0021,W01,C014,P014,42,88.2,0.35263,88.2,117.54,Fragile,Fragile,NONE,33931.61,2026-09-23T15:00,2026-09-24T15:00,Express,BOOKED
PCL0022,S002,C003,P013,215,516.0,1.91845,516.0,639.48,Fragile,Fragile,NONE,124093.09,2026-09-24T18:00,2026-09-29T18:00,Economy,BOOKED
PCL0023,S013,C016,P003,64,76.8,0.13658,76.8,76.8,Hazmat,Standard,UN3082,53992.17,2026-09-25T09:00,2026-09-29T09:00,Express,BOOKED
PCL0024,W05,C017,P012,165,115.5,0.58888,115.5,196.29,Fragile,Fragile,NONE,8988.97,2026-09-29T02:00,2026-10-01T02:00,Economy,BOOKED
PCL0025,W05,C004,P010,303,21.21,0.11665,21.21,38.88,Fragile,Fragile,NONE,246877.79,2026-09-19T03:00,2026-09-24T03:00,Express,BOOKED
PCL0026,S011,C022,P012,197,137.9,0.70309,137.9,234.36,Fragile,Fragile,NONE,33349.31,2026-10-02T04:00,2026-10-08T04:00,Express,BOOKED
PCL0027,W01,C004,P014,48,100.8,0.40301,100.8,134.34,Fragile,Fragile,NONE,7401.62,2026-09-30T16:00,2026-10-05T16:00,Economy,BOOKED
PCL0028,S001,C011,P014,180,378.0,1.51128,378.0,503.76,Fragile,Fragile,NONE,29043.68,2026-09-23T13:00,2026-09-26T13:00,Express,BOOKED
PCL0029,S010,C022,P001,157,1397.3,3.33625,1397.3,1397.3,General,Standard,NONE,48837.44,2026-09-30T18:00,2026-10-06T18:00,Standard,BOOKED
PCL0030,W01,C001,P004,172,30.96,0.17097,30.96,56.99,Fragile,Fragile,NONE,133059.49,2026-09-24T18:00,2026-10-01T18:00,Standard,BOOKED
PCL0031,W02,C010,P015,198,277.2,1.15672,277.2,385.57,Fragile,Fragile,NONE,26696.76,2026-09-23T20:00,2026-09-26T20:00,Standard,BOOKED
PCL0032,S004,C014,P004,302,54.36,0.30019,54.36,100.06,Fragile,Fragile,NONE,253340.67,2026-09-24T10:00,2026-10-01T10:00,Economy,BOOKED
PCL0033,W04,C004,P004,156,28.08,0.15506,28.08,51.69,Fragile,Fragile,NONE,90230.65,2026-09-18T20:00,2026-09-20T20:00,Express,BOOKED
PCL0034,W03,C010,P013,312,748.8,2.78398,748.8,927.99,Fragile,Fragile,NONE,59115.03,2026-09-27T07:00,2026-10-05T07:00,Economy,BOOKED
PCL0035,S007,C012,P007,401,20.05,0.11669,20.05,38.9,Fragile,Fragile,NONE,102853.76,2026-09-30T15:00,2026-10-01T15:00,Economy,BOOKED
PCL0036,S002,C002,P005,143,2.86,0.01602,2.86,5.34,Fragile,Fragile,NONE,8152.61,2026-10-01T08:00,2026-10-02T08:00,Express,BOOKED
PCL0037,S015,C016,P003,55,66.0,0.11737,66.0,66.0,Hazmat,Standard,UN3082,20871.35,2026-09-25T17:00,2026-10-03T17:00,Express,BOOKED
PCL0038,S004,C001,P002,33,89.1,0.17299,89.1,89.1,General,Standard,NONE,19155.79,2026-09-21T01:00,2026-09-27T01:00,Economy,BOOKED
PCL0039,S011,C012,P002,290,783.0,1.52018,783.0,783.0,General,Standard,NONE,78535.02,2026-09-29T16:00,2026-10-06T16:00,Standard,BOOKED
PCL0040,S002,C003,P006,288,8.64,0.05846,9.74,19.49,Fragile,Fragile,NONE,178907.04,2026-09-19T06:00,2026-09-21T06:00,Express,BOOKED
PCL0041,S009,C002,P010,306,21.42,0.11781,21.42,39.27,Fragile,Fragile,NONE,167564.84,2026-09-23T15:00,2026-09-24T15:00,Economy,BOOKED
PCL0042,S015,C005,P010,227,15.89,0.0874,15.89,29.13,Fragile,Fragile,NONE,189504.73,2026-09-26T03:00,2026-09-29T03:00,Standard,BOOKED
PCL0043,S005,C024,P013,371,890.4,3.31043,890.4,1103.48,Fragile,Fragile,NONE,61530.26,2026-10-02T00:00,2026-10-03T00:00,Standard,BOOKED
PCL0044,S011,C010,P006,260,7.8,0.05278,8.8,17.59,Fragile,Fragile,NONE,75190.93,2026-09-19T12:00,2026-09-21T12:00,Standard,BOOKED
PCL0045,S010,C010,P015,35,49.0,0.20447,49.0,68.16,Fragile,Fragile,NONE,5888.55,2026-09-29T03:00,2026-10-04T03:00,Economy,BOOKED
PCL0046,S011,C009,P013,100,240.0,0.8923,240.0,297.43,Fragile,Fragile,NONE,68724.99,2026-09-19T03:00,2026-09-21T03:00,Economy,BOOKED
PCL0047,S011,C006,P006,107,3.21,0.02172,3.62,7.24,Fragile,Fragile,NONE,5357.22,2026-09-22T20:00,2026-09-30T20:00,Economy,BOOKED
PCL0048,S007,C016,P009,47,5.64,0.0344,5.73,11.47,Fragile,Fragile,NONE,33980.21,2026-09-22T09:00,2026-09-25T09:00,Economy,BOOKED
PCL0049,S006,C023,P004,352,63.36,0.34989,63.36,116.63,Fragile,Fragile,NONE,78543.85,2026-09-21T19:00,2026-09-28T19:00,Standard,BOOKED
PCL0050,W01,C004,P003,291,349.2,0.62099,349.2,349.2,Hazmat,Standard,UN3082,39182.38,2026-09-21T00:00,2026-09-25T00:00,Standard,BOOKED
PCL0051,S008,C019,P010,290,20.3,0.11165,20.3,37.22,Fragile,Fragile,NONE,101541.98,2026-09-27T13:00,2026-10-03T13:00,Standard,BOOKED
PCL0052,S006,C018,P014,323,678.3,2.71191,678.3,903.97,Fragile,Fragile,NONE,122790.4,2026-09-29T17:00,2026-10-07T17:00,Standard,BOOKED
PCL0053,S011,C011,P005,92,1.84,0.0103,1.84,3.43,Fragile,Fragile,NONE,7850.99,2026-09-19T16:00,2026-09-22T16:00,Express,BOOKED
PCL0054,S001,C014,P001,68,605.2,1.445,605.2,605.2,General,Standard,NONE,24747.27,2026-09-28T02:00,2026-09-30T02:00,Express,BOOKED
PCL0055,S013,C015,P009,357,42.84,0.26132,43.55,87.11,Fragile,Fragile,NONE,169678.96,2026-09-27T13:00,2026-10-05T13:00,Standard,BOOKED
PCL0056,S008,C011,P006,279,8.37,0.05664,9.44,18.88,Fragile,Fragile,NONE,114867.61,2026-10-02T05:00,2026-10-09T05:00,Standard,BOOKED
PCL0057,S011,C017,P007,98,4.9,0.02852,4.9,9.51,Fragile,Fragile,NONE,37322.07,2026-10-02T08:00,2026-10-10T08:00,Standard,BOOKED
PCL0058,W05,C013,P006,14,0.42,0.00284,0.47,0.95,Fragile,Fragile,NONE,11250.98,2026-09-18T20:00,2026-09-23T20:00,Economy,BOOKED
PCL0059,S001,C018,P010,41,2.87,0.01579,2.87,5.26,Fragile,Fragile,NONE,11909.44,2026-09-28T15:00,2026-10-04T15:00,Standard,BOOKED
PCL0060,S005,C004,P010,24,1.68,0.00924,1.68,3.08,Fragile,Fragile,NONE,5452.18,2026-09-30T05:00,2026-10-05T05:00,Economy,BOOKED
PCL0061,S010,C019,P008,49,3.92,0.0195,3.92,6.5,Fragile,Fragile,NONE,9018.35,2026-09-24T05:00,2026-10-02T05:00,Express,BOOKED
PCL0062,S009,C012,P007,26,1.3,0.00757,1.3,2.52,Fragile,Fragile,NONE,14754.27,2026-09-25T12:00,2026-09-29T12:00,Economy,BOOKED
PCL0063,S008,C010,P003,355,426.0,0.75757,426.0,426.0,Hazmat,Standard,UN3082,112202.26,2026-09-27T22:00,2026-10-05T22:00,Express,BOOKED
PCL0064,S010,C018,P001,220,1958.0,4.675,1958.0,1958.0,General,Standard,NONE,88475.05,2026-09-18T18:00,2026-09-24T18:00,Economy,BOOKED
PCL0065,S014,C013,P009,119,14.28,0.08711,14.52,29.04,Fragile,Fragile,NONE,82752.9,2026-09-20T12:00,2026-09-24T12:00,Standard,BOOKED
PCL0066,W04,C006,P003,173,207.6,0.36918,207.6,207.6,Hazmat,Standard,UN3082,99184.57,2026-09-24T15:00,2026-09-25T15:00,Standard,BOOKED
PCL0067,W03,C012,P003,275,330.0,0.58685,330.0,330.0,Hazmat,Standard,UN3082,92494.91,2026-09-19T22:00,2026-09-21T22:00,Standard,BOOKED
PCL0068,W05,C012,P007,196,9.8,0.05704,9.8,19.01,Fragile,Fragile,NONE,158818.11,2026-10-01T04:00,2026-10-08T04:00,Standard,BOOKED
PCL0069,S013,C011,P004,45,8.1,0.04473,8.1,14.91,Fragile,Fragile,NONE,30160.55,2026-09-19T09:00,2026-09-20T09:00,Standard,BOOKED
PCL0070,S001,C005,P013,405,972.0,3.61382,972.0,1204.61,Fragile,Fragile,NONE,32314.0,2026-09-27T09:00,2026-09-29T09:00,Economy,BOOKED
PCL0071,S006,C023,P012,214,149.8,0.76377,149.8,254.59,Fragile,Fragile,NONE,202420.99,2026-09-19T14:00,2026-09-22T14:00,Standard,BOOKED
PCL0072,S004,C005,P010,77,5.39,0.02964,5.39,9.88,Fragile,Fragile,NONE,34379.1,2026-09-30T03:00,2026-10-03T03:00,Express,BOOKED
PCL0073,W05,C016,P006,245,7.35,0.04974,8.29,16.58,Fragile,Fragile,NONE,36392.8,2026-10-01T08:00,2026-10-09T08:00,Economy,BOOKED
PCL0074,S009,C004,P008,44,3.52,0.01751,3.52,5.84,Fragile,Fragile,NONE,4214.32,2026-09-30T20:00,2026-10-04T20:00,Standard,BOOKED
PCL0075,S004,C002,P011,158,284.4,1.25942,284.4,419.81,Fragile,Fragile,NONE,125452.98,2026-09-30T05:00,2026-10-04T05:00,Economy,BOOKED
PCL0076,S002,C006,P001,342,3043.8,7.2675,3043.8,3043.8,Heavy,Standard,NONE,205243.43,2026-09-24T20:00,2026-10-01T20:00,Economy,BOOKED
PCL0077,S014,C006,P001,168,1495.2,3.57,1495.2,1495.2,General,Standard,NONE,110670.0,2026-09-28T15:00,2026-09-30T15:00,Economy,BOOKED
PCL0078,S014,C007,P012,167,116.9,0.59602,116.9,198.67,Fragile,Fragile,NONE,68340.65,2026-09-29T05:00,2026-10-03T05:00,Express,BOOKED
PCL0079,W01,C013,P002,85,229.5,0.44557,229.5,229.5,General,Standard,NONE,80800.89,2026-09-26T06:00,2026-09-29T06:00,Express,BOOKED
PCL0080,W04,C023,P006,212,6.36,0.04304,7.17,14.35,Fragile,Fragile,NONE,189484.52,2026-09-28T12:00,2026-10-06T12:00,Economy,BOOKED
PCL0081,S007,C020,P015,52,72.8,0.30378,72.8,101.26,Fragile,Fragile,NONE,33669.44,2026-09-29T14:00,2026-10-06T14:00,Express,BOOKED
PCL0082,W04,C012,P005,343,6.86,0.03842,6.86,12.81,Fragile,Fragile,NONE,182678.52,2026-09-21T05:00,2026-09-26T05:00,Standard,BOOKED
PCL0083,S002,C017,P003,354,424.8,0.75544,424.8,424.8,Hazmat,Standard,UN3082,296813.24,2026-09-19T14:00,2026-09-20T14:00,Standard,BOOKED
PCL0084,S007,C021,P006,361,10.83,0.07328,12.21,24.43,Fragile,Fragile,NONE,337589.02,2026-09-20T13:00,2026-09-28T13:00,Standard,BOOKED
PCL0085,S002,C013,P003,9,10.8,0.01921,10.8,10.8,Hazmat,Standard,UN3082,6350.11,2026-09-25T11:00,2026-10-03T11:00,Standard,BOOKED
PCL0086,S005,C010,P008,413,33.04,0.16437,33.04,54.79,Fragile,Fragile,NONE,352701.89,2026-09-21T14:00,2026-09-24T14:00,Standard,BOOKED
PCL0087,W02,C021,P002,160,432.0,0.83872,432.0,432.0,General,Standard,NONE,93824.98,2026-09-20T22:00,2026-09-23T22:00,Economy,BOOKED
PCL0088,S002,C023,P007,191,9.55,0.05558,9.55,18.53,Fragile,Fragile,NONE,99532.14,2026-09-24T12:00,2026-09-28T12:00,Standard,BOOKED
PCL0089,S006,C011,P008,365,29.2,0.14527,29.2,48.42,Fragile,Fragile,NONE,131416.84,2026-09-23T16:00,2026-09-27T16:00,Standard,BOOKED
PCL0090,W05,C022,P003,223,267.6,0.47588,267.6,267.6,Hazmat,Standard,UN3082,193686.82,2026-09-30T16:00,2026-10-03T16:00,Economy,BOOKED
PCL0091,W05,C023,P007,369,18.45,0.10738,18.45,35.79,Fragile,Fragile,NONE,267448.38,2026-09-27T08:00,2026-10-02T08:00,Standard,BOOKED
PCL0092,S013,C023,P008,383,30.64,0.15243,30.64,50.81,Fragile,Fragile,NONE,290546.38,2026-09-29T06:00,2026-10-03T06:00,Economy,BOOKED
PCL0093,S007,C008,P007,371,18.55,0.10796,18.55,35.99,Fragile,Fragile,NONE,343725.9,2026-09-25T09:00,2026-09-26T09:00,Standard,BOOKED
PCL0094,S003,C016,P008,239,19.12,0.09512,19.12,31.71,Fragile,Fragile,NONE,126968.26,2026-09-23T06:00,2026-09-27T06:00,Express,BOOKED
PCL0095,S013,C011,P002,379,1023.3,1.98672,1023.3,1023.3,General,Standard,NONE,89936.21,2026-09-23T10:00,2026-09-27T10:00,Standard,BOOKED
PCL0096,S006,C002,P009,194,23.28,0.14201,23.67,47.34,Fragile,Fragile,NONE,185282.68,2026-09-30T19:00,2026-10-03T19:00,Economy,BOOKED
PCL0097,S008,C008,P011,271,487.8,2.16014,487.8,720.05,Fragile,Fragile,NONE,234090.77,2026-09-21T05:00,2026-09-24T05:00,Standard,BOOKED
PCL0098,S003,C021,P005,217,4.34,0.0243,4.34,8.1,Fragile,Fragile,NONE,143385.8,2026-09-28T07:00,2026-10-02T07:00,Economy,BOOKED
PCL0099,S011,C007,P012,82,57.4,0.29266,57.4,97.55,Fragile,Fragile,NONE,13532.75,2026-09-30T18:00,2026-10-08T18:00,Economy,BOOKED
PCL0100,S011,C016,P015,178,249.2,1.03988,249.2,346.63,Fragile,Fragile,NONE,61078.39,2026-09-20T06:00,2026-09-22T06:00,Standard,BOOKED
PCL0101,S010,C020,P003,32,38.4,0.06829,38.4,38.4,Hazmat,Standard,UN3082,6092.94,2026-09-29T02:00,2026-09-30T02:00,Express,BOOKED
PCL0102,S007,C005,P009,369,44.28,0.27011,45.02,90.04,Fragile,Fragile,NONE,17436.97,2026-09-20T14:00,2026-09-21T14:00,Economy,BOOKED
PCL0103,S013,C024,P008,53,4.24,0.02109,4.24,7.03,Fragile,Fragile,NONE,12729.88,2026-09-28T14:00,2026-10-02T14:00,Economy,BOOKED
PCL0104,S008,C019,P010,179,12.53,0.06891,12.53,22.97,Fragile,Fragile,NONE,80692.19,2026-09-18T14:00,2026-09-22T14:00,Standard,BOOKED
PCL0105,S002,C011,P015,391,547.4,2.28422,547.4,761.41,Fragile,Fragile,NONE,91769.2,2026-09-20T13:00,2026-09-21T13:00,Standard,BOOKED
PCL0106,S013,C013,P014,54,113.4,0.45338,113.4,151.13,Fragile,Fragile,NONE,36232.05,2026-09-23T04:00,2026-09-27T04:00,Economy,BOOKED
PCL0107,S006,C003,P012,384,268.8,1.3705,268.8,456.83,Fragile,Fragile,NONE,159099.48,2026-09-18T15:00,2026-09-20T15:00,Economy,BOOKED
PCL0108,S012,C011,P008,389,31.12,0.15482,31.12,51.61,Fragile,Fragile,NONE,57182.66,2026-09-24T03:00,2026-09-29T03:00,Standard,BOOKED
PCL0109,S003,C013,P014,272,571.2,2.28371,571.2,761.24,Fragile,Fragile,NONE,92146.7,2026-09-23T20:00,2026-09-30T20:00,Standard,BOOKED
PCL0110,S014,C022,P013,315,756.0,2.81075,756.0,936.92,Fragile,Fragile,NONE,260980.97,2026-09-25T08:00,2026-10-02T08:00,Economy,BOOKED
PCL0111,S005,C017,P013,12,28.8,0.10708,28.8,35.69,Fragile,Fragile,NONE,5798.17,2026-09-20T12:00,2026-09-21T12:00,Standard,BOOKED
PCL0112,S002,C007,P011,51,91.8,0.40652,91.8,135.51,Fragile,Fragile,NONE,25700.3,2026-09-22T12:00,2026-09-26T12:00,Standard,BOOKED
PCL0113,S015,C012,P005,413,8.26,0.04626,8.26,15.42,Fragile,Fragile,NONE,298083.9,2026-09-28T21:00,2026-10-05T21:00,Standard,BOOKED
PCL0114,S004,C018,P008,387,30.96,0.15403,30.96,51.34,Fragile,Fragile,NONE,276179.05,2026-09-21T12:00,2026-09-27T12:00,Standard,BOOKED
PCL0115,S008,C006,P004,174,31.32,0.17296,31.32,57.65,Fragile,Fragile,NONE,127566.55,2026-09-30T10:00,2026-10-05T10:00,Express,BOOKED
PCL0116,S002,C015,P015,336,470.4,1.96291,470.4,654.3,Fragile,Fragile,NONE,326694.51,2026-09-24T00:00,2026-09-30T00:00,Economy,BOOKED
PCL0117,W04,C019,P009,8,0.96,0.00586,0.98,1.95,Fragile,Fragile,NONE,3528.74,2026-09-18T23:00,2026-09-22T23:00,Economy,BOOKED
PCL0118,S002,C012,P004,293,52.74,0.29124,52.74,97.08,Fragile,Fragile,NONE,251114.78,2026-09-29T01:00,2026-10-06T01:00,Express,BOOKED
PCL0119,W04,C007,P012,310,217.0,1.10639,217.0,368.8,Fragile,Fragile,NONE,204978.32,2026-09-30T22:00,2026-10-04T22:00,Express,BOOKED
PCL0120,S014,C016,P001,155,1379.5,3.29375,1379.5,1379.5,General,Standard,NONE,130038.59,2026-09-22T00:00,2026-09-27T00:00,Express,BOOKED
PCL0121,S014,C011,P003,42,50.4,0.08963,50.4,50.4,Hazmat,Standard,UN3082,20426.92,2026-09-18T12:00,2026-09-20T12:00,Standard,BOOKED
PCL0122,S002,C008,P006,284,8.52,0.05765,9.61,19.22,Fragile,Fragile,NONE,166596.67,2026-10-01T07:00,2026-10-06T07:00,Standard,BOOKED
PCL0123,W03,C023,P014,87,182.7,0.73045,182.7,243.48,Fragile,Fragile,NONE,7709.49,2026-09-18T21:00,2026-09-24T21:00,Standard,BOOKED
PCL0124,S001,C004,P009,320,38.4,0.23424,39.04,78.08,Fragile,Fragile,NONE,68067.62,2026-09-29T11:00,2026-10-01T11:00,Economy,BOOKED
PCL0125,S013,C018,P012,10,7.0,0.03569,7.0,11.9,Fragile,Fragile,NONE,6539.11,2026-09-24T23:00,2026-10-01T23:00,Economy,BOOKED
PCL0126,S005,C011,P004,31,5.58,0.03081,5.58,10.27,Fragile,Fragile,NONE,2683.6,2026-10-02T01:00,2026-10-10T01:00,Economy,BOOKED
PCL0127,S004,C008,P004,64,11.52,0.06362,11.52,21.21,Fragile,Fragile,NONE,4459.53,2026-10-02T11:00,2026-10-03T11:00,Economy,BOOKED
PCL0128,S009,C024,P008,125,10.0,0.04975,10.0,16.58,Fragile,Fragile,NONE,87979.63,2026-09-22T05:00,2026-09-29T05:00,Standard,BOOKED
PCL0129,S010,C003,P001,215,1913.5,4.56875,1913.5,1913.5,General,Standard,NONE,127689.82,2026-09-20T18:00,2026-09-21T18:00,Standard,BOOKED
PCL0130,S004,C006,P008,118,9.44,0.04696,9.44,15.65,Fragile,Fragile,NONE,107143.71,2026-09-30T23:00,2026-10-06T23:00,Economy,BOOKED
PCL0131,W05,C001,P008,34,2.72,0.01353,2.72,4.51,Fragile,Fragile,NONE,19316.8,2026-09-30T07:00,2026-10-01T07:00,Economy,BOOKED
PCL0132,S008,C006,P011,127,228.6,1.01232,228.6,337.44,Fragile,Fragile,NONE,105445.87,2026-09-30T13:00,2026-10-08T13:00,Economy,BOOKED
PCL0133,S009,C021,P002,62,167.4,0.325,167.4,167.4,General,Standard,NONE,11171.61,2026-09-23T17:00,2026-09-28T17:00,Economy,BOOKED
PCL0134,S010,C009,P014,58,121.8,0.48697,121.8,162.32,Fragile,Fragile,NONE,9015.99,2026-09-24T17:00,2026-09-29T17:00,Standard,BOOKED
PCL0135,S015,C014,P015,391,547.4,2.28422,547.4,761.41,Fragile,Fragile,NONE,201014.81,2026-09-28T02:00,2026-10-03T02:00,Express,BOOKED
PCL0136,S001,C013,P010,127,8.89,0.04889,8.89,16.3,Fragile,Fragile,NONE,82327.61,2026-09-28T05:00,2026-10-01T05:00,Standard,BOOKED
PCL0137,S004,C011,P010,99,6.93,0.03811,6.93,12.7,Fragile,Fragile,NONE,74583.57,2026-09-27T04:00,2026-10-01T04:00,Express,BOOKED
PCL0138,W04,C015,P015,151,211.4,0.88214,211.4,294.05,Fragile,Fragile,NONE,112589.44,2026-09-29T23:00,2026-10-01T23:00,Standard,BOOKED
PCL0139,S012,C001,P003,313,375.6,0.66794,375.6,375.6,Hazmat,Standard,UN3082,297005.58,2026-09-21T23:00,2026-09-28T23:00,Standard,BOOKED
PCL0140,S015,C017,P013,285,684.0,2.54306,684.0,847.69,Fragile,Fragile,NONE,128688.62,2026-09-21T22:00,2026-09-24T22:00,Express,BOOKED
PCL0141,W01,C006,P013,325,780.0,2.89997,780.0,966.66,Fragile,Fragile,NONE,95875.85,2026-09-23T06:00,2026-09-27T06:00,Standard,BOOKED
PCL0142,W02,C003,P002,233,629.1,1.22139,629.1,629.1,General,Standard,NONE,69675.28,2026-09-18T13:00,2026-09-22T13:00,Standard,BOOKED
PCL0143,S013,C021,P003,37,44.4,0.07896,44.4,44.4,Hazmat,Standard,UN3082,9314.46,2026-09-19T19:00,2026-09-24T19:00,Economy,BOOKED
PCL0144,S009,C007,P002,212,572.4,1.1113,572.4,572.4,General,Standard,NONE,110532.81,2026-09-28T11:00,2026-09-30T11:00,Express,BOOKED
PCL0145,S007,C010,P002,305,823.5,1.59881,823.5,823.5,General,Standard,NONE,256594.15,2026-09-20T02:00,2026-09-28T02:00,Economy,BOOKED
PCL0146,S007,C007,P004,246,44.28,0.24452,44.28,81.51,Fragile,Fragile,NONE,11730.43,2026-09-29T18:00,2026-09-30T18:00,Economy,BOOKED
PCL0147,W05,C016,P007,88,4.4,0.02561,4.4,8.54,Fragile,Fragile,NONE,51930.41,2026-10-01T05:00,2026-10-04T05:00,Standard,BOOKED
PCL0148,S013,C002,P004,279,50.22,0.27733,50.22,92.44,Fragile,Fragile,NONE,242337.03,2026-09-27T22:00,2026-10-03T22:00,Standard,BOOKED
PCL0149,S010,C003,P009,192,23.04,0.14054,23.42,46.85,Fragile,Fragile,NONE,134743.75,2026-09-22T01:00,2026-09-25T01:00,Standard,BOOKED
PCL0150,S015,C020,P012,275,192.5,0.98147,192.5,327.16,Fragile,Fragile,NONE,65366.9,2026-09-18T16:00,2026-09-24T16:00,Standard,BOOKED
PCL0151,S001,C002,P006,43,1.29,0.00873,1.46,2.91,Fragile,Fragile,NONE,2968.42,2026-09-19T17:00,2026-09-27T17:00,Economy,BOOKED
PCL0152,S012,C024,P014,313,657.3,2.62795,657.3,875.98,Fragile,Fragile,NONE,210003.12,2026-09-27T16:00,2026-10-02T16:00,Standard,BOOKED
PCL0153,S003,C015,P008,386,30.88,0.15363,30.88,51.21,Fragile,Fragile,NONE,363407.4,2026-09-23T16:00,2026-09-28T16:00,Standard,BOOKED
PCL0154,S015,C022,P012,178,124.6,0.63528,124.6,211.76,Fragile,Fragile,NONE,30608.83,2026-09-23T01:00,2026-09-30T01:00,Economy,BOOKED
PCL0155,W01,C020,P013,303,727.2,2.70367,727.2,901.22,Fragile,Fragile,NONE,148770.5,2026-09-28T11:00,2026-09-29T11:00,Express,BOOKED
PCL0156,S005,C008,P003,9,10.8,0.01921,10.8,10.8,Hazmat,Standard,UN3082,4696.79,2026-09-23T12:00,2026-09-27T12:00,Standard,BOOKED
PCL0157,S007,C011,P007,23,1.15,0.00669,1.15,2.23,Fragile,Fragile,NONE,20211.05,2026-09-20T06:00,2026-09-26T06:00,Standard,BOOKED
PCL0158,S003,C022,P001,248,2207.2,5.27,2207.2,2207.2,Heavy,Standard,NONE,148847.15,2026-09-27T16:00,2026-09-28T16:00,Economy,BOOKED
PCL0159,S001,C023,P013,137,328.8,1.22245,328.8,407.48,Fragile,Fragile,NONE,119653.98,2026-09-23T07:00,2026-09-26T07:00,Standard,BOOKED
PCL0160,W01,C002,P009,249,29.88,0.18227,30.38,60.76,Fragile,Fragile,NONE,218963.78,2026-09-24T17:00,2026-10-02T17:00,Standard,BOOKED
PCL0161,S015,C009,P013,15,36.0,0.13384,36.0,44.61,Fragile,Fragile,NONE,2402.33,2026-09-22T07:00,2026-09-26T07:00,Standard,BOOKED
PCL0162,S006,C015,P011,384,691.2,3.06086,691.2,1020.29,Fragile,Fragile,NONE,368862.82,2026-09-21T15:00,2026-09-22T15:00,Standard,BOOKED
PCL0163,S009,C005,P002,374,1009.8,1.96051,1009.8,1009.8,General,Standard,NONE,202718.28,2026-09-25T08:00,2026-09-30T08:00,Economy,BOOKED
PCL0164,S013,C021,P010,68,4.76,0.02618,4.76,8.73,Fragile,Fragile,NONE,22858.01,2026-09-20T12:00,2026-09-21T12:00,Standard,BOOKED
PCL0165,S013,C018,P010,163,11.41,0.06275,11.41,20.92,Fragile,Fragile,NONE,135443.05,2026-09-30T05:00,2026-10-05T05:00,Standard,BOOKED
PCL0166,S001,C010,P010,353,24.71,0.1359,24.71,45.3,Fragile,Fragile,NONE,153977.73,2026-09-23T21:00,2026-09-24T21:00,Standard,BOOKED
PCL0167,S007,C001,P002,17,45.9,0.08911,45.9,45.9,General,Standard,NONE,5138.2,2026-09-23T20:00,2026-09-25T20:00,Standard,BOOKED
PCL0168,S011,C014,P012,281,196.7,1.00289,196.7,334.3,Fragile,Fragile,NONE,237042.7,2026-09-29T18:00,2026-10-01T18:00,Economy,BOOKED
PCL0169,S003,C001,P012,259,181.3,0.92437,181.3,308.12,Fragile,Fragile,NONE,156188.28,2026-10-02T04:00,2026-10-04T04:00,Economy,BOOKED
PCL0170,S003,C009,P012,125,87.5,0.44612,87.5,148.71,Fragile,Fragile,NONE,12709.38,2026-09-26T19:00,2026-10-03T19:00,Economy,BOOKED
PCL0171,S008,C015,P001,153,1361.7,3.25125,1361.7,1361.7,General,Standard,NONE,82112.65,2026-09-19T17:00,2026-09-26T17:00,Standard,BOOKED
PCL0172,S009,C007,P007,82,4.1,0.02386,4.1,7.95,Fragile,Fragile,NONE,63292.7,2026-09-18T13:00,2026-09-23T13:00,Standard,BOOKED
PCL0173,S008,C020,P014,354,743.4,2.97218,743.4,990.73,Fragile,Fragile,NONE,308912.56,2026-09-19T11:00,2026-09-22T11:00,Economy,BOOKED
PCL0174,S006,C015,P007,406,20.3,0.11815,20.3,39.38,Fragile,Fragile,NONE,363665.56,2026-09-18T22:00,2026-09-26T22:00,Economy,BOOKED
PCL0175,S001,C020,P011,339,610.2,2.70217,610.2,900.72,Fragile,Fragile,NONE,166076.47,2026-09-27T10:00,2026-10-01T10:00,Standard,BOOKED
PCL0176,S002,C014,P013,21,50.4,0.18738,50.4,62.46,Fragile,Fragile,NONE,10069.12,2026-09-23T06:00,2026-10-01T06:00,Standard,BOOKED
PCL0177,W02,C010,P015,224,313.6,1.30861,313.6,436.2,Fragile,Fragile,NONE,124840.54,2026-09-23T18:00,2026-09-25T18:00,Standard,BOOKED
PCL0178,S002,C010,P006,120,3.6,0.02436,4.06,8.12,Fragile,Fragile,NONE,74624.4,2026-09-23T17:00,2026-09-26T17:00,Standard,BOOKED
PCL0179,S002,C011,P001,40,356.0,0.85,356.0,356.0,General,Standard,NONE,28700.06,2026-09-25T11:00,2026-10-01T11:00,Express,BOOKED
PCL0180,W01,C008,P012,150,105.0,0.53535,105.0,178.45,Fragile,Fragile,NONE,106936.48,2026-09-23T15:00,2026-09-29T15:00,Standard,BOOKED
PCL0181,S011,C019,P009,87,10.44,0.06368,10.61,21.23,Fragile,Fragile,NONE,19373.88,2026-09-26T04:00,2026-09-27T04:00,Economy,BOOKED
PCL0182,S007,C016,P009,207,24.84,0.15152,25.25,50.51,Fragile,Fragile,NONE,104746.54,2026-09-24T02:00,2026-10-01T02:00,Express,BOOKED
PCL0183,W01,C013,P006,118,3.54,0.02395,3.99,7.98,Fragile,Fragile,NONE,110129.36,2026-09-29T06:00,2026-10-05T06:00,Standard,BOOKED
PCL0184,S013,C007,P007,320,16.0,0.09312,16.0,31.04,Fragile,Fragile,NONE,115555.21,2026-09-20T17:00,2026-09-21T17:00,Standard,BOOKED
PCL0185,W01,C016,P002,170,459.0,0.89114,459.0,459.0,General,Standard,NONE,37865.18,2026-09-21T01:00,2026-09-22T01:00,Express,BOOKED
PCL0186,W05,C023,P002,157,423.9,0.82299,423.9,423.9,General,Standard,NONE,78978.08,2026-09-27T15:00,2026-10-01T15:00,Standard,BOOKED
PCL0187,S015,C001,P001,159,1415.1,3.37875,1415.1,1415.1,General,Standard,NONE,135191.55,2026-09-26T05:00,2026-10-02T05:00,Standard,BOOKED
PCL0188,S012,C015,P010,316,22.12,0.12166,22.12,40.55,Fragile,Fragile,NONE,90292.05,2026-09-25T07:00,2026-10-02T07:00,Standard,BOOKED
PCL0189,S006,C002,P015,384,537.6,2.24333,537.6,747.78,Fragile,Fragile,NONE,245691.17,2026-09-20T15:00,2026-09-23T15:00,Express,BOOKED
PCL0190,S011,C024,P015,306,428.4,1.78765,428.4,595.88,Fragile,Fragile,NONE,220578.39,2026-09-28T06:00,2026-09-30T06:00,Standard,BOOKED
PCL0191,S013,C006,P006,331,9.93,0.06719,11.2,22.4,Fragile,Fragile,NONE,144117.44,2026-09-19T11:00,2026-09-24T11:00,Express,BOOKED
PCL0192,W02,C009,P004,148,26.64,0.14711,26.64,49.04,Fragile,Fragile,NONE,104803.11,2026-10-02T10:00,2026-10-06T10:00,Economy,BOOKED
PCL0193,W01,C006,P007,15,0.75,0.00437,0.75,1.46,Fragile,Fragile,NONE,5276.3,2026-09-23T02:00,2026-09-28T02:00,Economy,BOOKED
PCL0194,W02,C022,P004,142,25.56,0.14115,25.56,47.05,Fragile,Fragile,NONE,17704.88,2026-09-21T09:00,2026-09-22T09:00,Standard,BOOKED
PCL0195,S006,C013,P005,131,2.62,0.01467,2.62,4.89,Fragile,Fragile,NONE,11213.31,2026-09-23T08:00,2026-09-27T08:00,Standard,BOOKED
PCL0196,S008,C014,P010,222,15.54,0.08547,15.54,28.49,Fragile,Fragile,NONE,100885.65,2026-09-27T23:00,2026-09-28T23:00,Economy,BOOKED
PCL0197,W04,C001,P006,179,5.37,0.03634,6.06,12.11,Fragile,Fragile,NONE,62991.03,2026-09-25T10:00,2026-10-01T10:00,Economy,BOOKED
PCL0198,W03,C016,P011,406,730.8,3.23623,730.8,1078.74,Fragile,Fragile,NONE,169269.26,2026-09-19T05:00,2026-09-20T05:00,Express,BOOKED
PCL0199,W03,C011,P013,308,739.2,2.74828,739.2,916.09,Fragile,Fragile,NONE,89980.95,2026-10-01T21:00,2026-10-08T21:00,Standard,BOOKED
PCL0200,S010,C008,P010,120,8.4,0.0462,8.4,15.4,Fragile,Fragile,NONE,12552.94,2026-09-27T03:00,2026-10-04T03:00,Economy,BOOKED
PCL0201,W02,C023,P004,47,8.46,0.04672,8.46,15.57,Fragile,Fragile,NONE,2723.53,2026-09-20T02:00,2026-09-27T02:00,Express,BOOKED
PCL0202,W01,C013,P010,175,12.25,0.06737,12.25,22.46,Fragile,Fragile,NONE,121722.6,2026-09-23T10:00,2026-09-30T10:00,Standard,BOOKED
PCL0203,S006,C018,P005,273,5.46,0.03058,5.46,10.19,Fragile,Fragile,NONE,218645.75,2026-09-29T21:00,2026-10-06T21:00,Standard,BOOKED
PCL0204,S005,C015,P015,186,260.4,1.08661,260.4,362.2,Fragile,Fragile,NONE,124299.24,2026-09-28T22:00,2026-10-02T22:00,Standard,BOOKED
PCL0205,W04,C009,P012,341,238.7,1.21703,238.7,405.68,Fragile,Fragile,NONE,223697.73,2026-09-30T21:00,2026-10-01T21:00,Standard,BOOKED
PCL0206,S004,C019,P005,256,5.12,0.02867,5.12,9.56,Fragile,Fragile,NONE,112081.0,2026-09-28T23:00,2026-10-02T23:00,Economy,BOOKED
PCL0207,S007,C007,P008,97,7.76,0.03861,7.76,12.87,Fragile,Fragile,NONE,87091.27,2026-09-20T17:00,2026-09-21T17:00,Express,BOOKED
PCL0208,S009,C018,P005,295,5.9,0.03304,5.9,11.01,Fragile,Fragile,NONE,171571.88,2026-09-21T18:00,2026-09-24T18:00,Standard,BOOKED
PCL0209,S001,C022,P011,24,43.2,0.1913,43.2,63.77,Fragile,Fragile,NONE,13724.26,2026-09-28T08:00,2026-10-04T08:00,Economy,BOOKED
PCL0210,W04,C012,P002,113,305.1,0.59235,305.1,305.1,General,Standard,NONE,63042.26,2026-09-28T08:00,2026-10-01T08:00,Standard,BOOKED
PCL0211,W03,C018,P009,325,39.0,0.2379,39.65,79.3,Fragile,Fragile,NONE,231682.73,2026-09-29T07:00,2026-10-07T07:00,Express,BOOKED
PCL0212,S015,C024,P011,413,743.4,3.29202,743.4,1097.34,Fragile,Fragile,NONE,64611.85,2026-09-26T18:00,2026-10-04T18:00,Standard,BOOKED
PCL0213,S006,C007,P010,18,1.26,0.00693,1.26,2.31,Fragile,Fragile,NONE,10067.13,2026-09-25T02:00,2026-09-27T02:00,Express,BOOKED
PCL0214,S007,C005,P006,125,3.75,0.02538,4.23,8.46,Fragile,Fragile,NONE,72990.48,2026-09-23T09:00,2026-09-27T09:00,Economy,BOOKED
PCL0215,S005,C013,P006,391,11.73,0.07937,13.23,26.46,Fragile,Fragile,NONE,80913.26,2026-09-26T08:00,2026-10-01T08:00,Standard,BOOKED
PCL0216,W03,C009,P009,310,37.2,0.22692,37.82,75.64,Fragile,Fragile,NONE,86052.95,2026-09-29T07:00,2026-10-06T07:00,Standard,BOOKED
PCL0217,S015,C020,P015,346,484.4,2.02133,484.4,673.78,Fragile,Fragile,NONE,79223.2,2026-09-18T17:00,2026-09-25T17:00,Standard,BOOKED
PCL0218,S001,C024,P012,264,184.8,0.94222,184.8,314.07,Fragile,Fragile,NONE,79615.52,2026-10-02T01:00,2026-10-06T01:00,Economy,BOOKED
PCL0219,S004,C015,P012,413,289.1,1.474,289.1,491.33,Fragile,Fragile,NONE,39647.25,2026-09-27T05:00,2026-09-28T05:00,Economy,BOOKED
PCL0220,S002,C007,P001,391,3479.9,8.30875,3479.9,3479.9,Heavy,Standard,NONE,349164.23,2026-09-20T03:00,2026-09-23T03:00,Standard,BOOKED
PCL0221,W03,C018,P008,68,5.44,0.02706,5.44,9.02,Fragile,Fragile,NONE,27944.27,2026-09-30T05:00,2026-10-08T05:00,Standard,BOOKED
PCL0222,S002,C022,P013,170,408.0,1.51691,408.0,505.64,Fragile,Fragile,NONE,102807.56,2026-09-28T20:00,2026-09-30T20:00,Express,BOOKED
PCL0223,W02,C020,P008,315,25.2,0.12537,25.2,41.79,Fragile,Fragile,NONE,30034.1,2026-09-24T18:00,2026-09-27T18:00,Standard,BOOKED
PCL0224,W04,C024,P001,228,2029.2,4.845,2029.2,2029.2,Heavy,Standard,NONE,11432.74,2026-09-19T09:00,2026-09-23T09:00,Economy,BOOKED
PCL0225,S011,C010,P011,346,622.8,2.75797,622.8,919.32,Fragile,Fragile,NONE,24396.46,2026-10-02T00:00,2026-10-07T00:00,Standard,BOOKED
PCL0226,S011,C024,P001,216,1922.4,4.59,1922.4,1922.4,General,Standard,NONE,77835.65,2026-10-02T07:00,2026-10-10T07:00,Economy,BOOKED
PCL0227,S006,C015,P008,93,7.44,0.03701,7.44,12.34,Fragile,Fragile,NONE,26016.07,2026-09-25T17:00,2026-10-01T17:00,Express,BOOKED
PCL0228,S013,C006,P010,341,23.87,0.13128,23.87,43.76,Fragile,Fragile,NONE,82274.7,2026-09-18T08:00,2026-09-22T08:00,Economy,BOOKED
PCL0229,S004,C003,P002,212,572.4,1.1113,572.4,572.4,General,Standard,NONE,155931.74,2026-09-27T04:00,2026-09-30T04:00,Express,BOOKED
PCL0230,S001,C005,P014,52,109.2,0.43659,109.2,145.53,Fragile,Fragile,NONE,6487.12,2026-09-27T16:00,2026-10-01T16:00,Express,BOOKED
PCL0231,S004,C010,P004,412,74.16,0.40953,74.16,136.51,Fragile,Fragile,NONE,144041.42,2026-10-01T23:00,2026-10-05T23:00,Economy,BOOKED
PCL0232,S007,C006,P008,411,32.88,0.16358,32.88,54.53,Fragile,Fragile,NONE,160351.0,2026-10-02T05:00,2026-10-10T05:00,Economy,BOOKED
PCL0233,S007,C021,P007,35,1.75,0.01019,1.75,3.4,Fragile,Fragile,NONE,6168.31,2026-09-23T18:00,2026-10-01T18:00,Standard,BOOKED
PCL0234,W03,C001,P009,188,22.56,0.13762,22.94,45.87,Fragile,Fragile,NONE,56508.29,2026-09-20T17:00,2026-09-22T17:00,Standard,BOOKED
PCL0235,W03,C018,P001,57,507.3,1.21125,507.3,507.3,General,Standard,NONE,53055.81,2026-09-29T19:00,2026-10-02T19:00,Standard,BOOKED
PCL0236,W01,C006,P007,43,2.15,0.01251,2.15,4.17,Fragile,Fragile,NONE,14140.53,2026-09-27T18:00,2026-10-01T18:00,Standard,BOOKED
PCL0237,W02,C006,P008,168,13.44,0.06686,13.44,22.29,Fragile,Fragile,NONE,163613.59,2026-09-24T21:00,2026-09-28T21:00,Express,BOOKED
PCL0238,S006,C021,P002,320,864.0,1.67744,864.0,864.0,General,Standard,NONE,252239.34,2026-09-29T19:00,2026-10-07T19:00,Standard,BOOKED
PCL0239,S004,C018,P004,308,55.44,0.30615,55.44,102.05,Fragile,Fragile,NONE,92065.4,2026-09-29T01:00,2026-09-30T01:00,Economy,BOOKED
PCL0240,S015,C014,P003,165,198.0,0.35211,198.0,198.0,Hazmat,Standard,UN3082,136545.52,2026-09-25T03:00,2026-09-29T03:00,Standard,BOOKED
PCL0241,S013,C012,P012,19,13.3,0.06781,13.3,22.6,Fragile,Fragile,NONE,6814.02,2026-09-22T01:00,2026-09-23T01:00,Economy,BOOKED
PCL0242,W02,C007,P004,352,63.36,0.34989,63.36,116.63,Fragile,Fragile,NONE,204064.49,2026-09-23T03:00,2026-09-30T03:00,Economy,BOOKED
PCL0243,W05,C016,P001,153,1361.7,3.25125,1361.7,1361.7,General,Standard,NONE,88167.36,2026-09-18T23:00,2026-09-20T23:00,Economy,BOOKED
PCL0244,S012,C015,P006,391,11.73,0.07937,13.23,26.46,Fragile,Fragile,NONE,265868.66,2026-10-01T21:00,2026-10-02T21:00,Express,BOOKED
PCL0245,S012,C010,P008,252,20.16,0.1003,20.16,33.43,Fragile,Fragile,NONE,173923.76,2026-10-01T00:00,2026-10-09T00:00,Standard,BOOKED
PCL0246,S013,C001,P004,321,57.78,0.31907,57.78,106.36,Fragile,Fragile,NONE,301232.36,2026-09-23T23:00,2026-09-28T23:00,Economy,BOOKED
PCL0247,W03,C008,P014,409,858.9,3.43396,858.9,1144.65,Fragile,Fragile,NONE,193873.9,2026-10-02T11:00,2026-10-09T11:00,Economy,BOOKED
PCL0248,S009,C016,P013,409,981.6,3.64951,981.6,1216.5,Fragile,Fragile,NONE,68297.75,2026-09-24T17:00,2026-10-02T17:00,Economy,BOOKED
PCL0249,S012,C004,P007,196,9.8,0.05704,9.8,19.01,Fragile,Fragile,NONE,51470.37,2026-09-27T22:00,2026-09-30T22:00,Economy,BOOKED
PCL0250,S007,C018,P011,254,457.2,2.02463,457.2,674.88,Fragile,Fragile,NONE,193221.09,2026-09-24T07:00,2026-09-28T07:00,Express,BOOKED
PCL0251,S003,C009,P002,238,642.6,1.2476,642.6,642.6,General,Standard,NONE,180679.05,2026-09-28T14:00,2026-10-01T14:00,Standard,BOOKED
PCL0252,S002,C018,P011,92,165.6,0.73333,165.6,244.44,Fragile,Fragile,NONE,90096.34,2026-09-26T05:00,2026-10-03T05:00,Express,BOOKED
PCL0253,S008,C021,P009,64,7.68,0.04685,7.81,15.62,Fragile,Fragile,NONE,59998.77,2026-09-28T21:00,2026-10-02T21:00,Economy,BOOKED
PCL0254,S008,C011,P003,416,499.2,0.88774,499.2,499.2,Hazmat,Standard,UN3082,240708.3,2026-09-26T15:00,2026-09-30T15:00,Express,BOOKED
PCL0255,S007,C018,P012,30,21.0,0.10707,21.0,35.69,Fragile,Fragile,NONE,6870.22,2026-09-24T05:00,2026-09-28T05:00,Economy,BOOKED
PCL0256,S006,C014,P009,78,9.36,0.0571,9.52,19.03,Fragile,Fragile,NONE,57146.03,2026-09-25T11:00,2026-09-27T11:00,Standard,BOOKED
PCL0257,S008,C003,P010,62,4.34,0.02387,4.34,7.96,Fragile,Fragile,NONE,59198.33,2026-09-18T09:00,2026-09-26T09:00,Economy,BOOKED
PCL0258,W02,C011,P014,190,399.0,1.59524,399.0,531.75,Fragile,Fragile,NONE,131117.85,2026-09-22T00:00,2026-09-25T00:00,Economy,BOOKED
PCL0259,W05,C007,P006,20,0.6,0.00406,0.68,1.35,Fragile,Fragile,NONE,6976.19,2026-09-24T00:00,2026-09-27T00:00,Standard,BOOKED
PCL0260,S010,C007,P003,150,180.0,0.3201,180.0,180.0,Hazmat,Standard,UN3082,84429.21,2026-09-25T19:00,2026-09-26T19:00,Standard,BOOKED
PCL0261,S013,C004,P008,132,10.56,0.05254,10.56,17.51,Fragile,Fragile,NONE,115032.6,2026-10-01T21:00,2026-10-04T21:00,Standard,BOOKED
PCL0262,S007,C009,P011,42,75.6,0.33478,75.6,111.59,Fragile,Fragile,NONE,2111.46,2026-09-23T15:00,2026-09-28T15:00,Standard,BOOKED
PCL0263,S013,C014,P015,419,586.6,2.4478,586.6,815.93,Fragile,Fragile,NONE,34732.07,2026-09-24T00:00,2026-10-02T00:00,Standard,BOOKED
PCL0264,W05,C019,P003,243,291.6,0.51856,291.6,291.6,Hazmat,Standard,UN3082,160604.63,2026-09-25T14:00,2026-10-03T14:00,Express,BOOKED
PCL0265,W04,C017,P010,365,25.55,0.14052,25.55,46.84,Fragile,Fragile,NONE,260638.22,2026-09-19T07:00,2026-09-27T07:00,Economy,BOOKED
PCL0266,S009,C005,P005,109,2.18,0.01221,2.18,4.07,Fragile,Fragile,NONE,58286.26,2026-09-21T08:00,2026-09-28T08:00,Standard,BOOKED
PCL0267,S015,C001,P003,297,356.4,0.6338,356.4,356.4,Hazmat,Standard,UN3082,102030.3,2026-09-19T19:00,2026-09-26T19:00,Express,BOOKED
PCL0268,S002,C006,P003,403,483.6,0.86,483.6,483.6,Hazmat,Standard,UN3082,92278.85,2026-09-22T15:00,2026-09-28T15:00,Standard,BOOKED
PCL0269,W05,C009,P006,247,7.41,0.05014,8.36,16.71,Fragile,Fragile,NONE,155679.87,2026-09-29T09:00,2026-10-06T09:00,Express,BOOKED
PCL0270,S003,C007,P008,400,32.0,0.1592,32.0,53.07,Fragile,Fragile,NONE,281141.63,2026-09-26T09:00,2026-10-02T09:00,Standard,BOOKED
PCL0271,S003,C022,P013,295,708.0,2.63228,708.0,877.43,Fragile,Fragile,NONE,67600.02,2026-10-02T07:00,2026-10-09T07:00,Standard,BOOKED
PCL0272,S011,C013,P012,260,182.0,0.92794,182.0,309.31,Fragile,Fragile,NONE,219164.25,2026-09-25T21:00,2026-09-28T21:00,Standard,BOOKED
PCL0273,S007,C011,P010,258,18.06,0.09933,18.06,33.11,Fragile,Fragile,NONE,230656.87,2026-09-19T00:00,2026-09-27T00:00,Economy,BOOKED
PCL0274,S010,C020,P011,318,572.4,2.53478,572.4,844.93,Fragile,Fragile,NONE,176855.62,2026-09-30T20:00,2026-10-02T20:00,Standard,BOOKED
PCL0275,W05,C008,P001,68,605.2,1.445,605.2,605.2,General,Standard,NONE,43046.07,2026-09-19T02:00,2026-09-22T02:00,Standard,BOOKED
PCL0276,S012,C023,P014,115,241.5,0.96554,241.5,321.85,Fragile,Fragile,NONE,7437.74,2026-09-30T12:00,2026-10-08T12:00,Standard,BOOKED
PCL0277,S002,C010,P004,101,18.18,0.10039,18.18,33.46,Fragile,Fragile,NONE,66565.62,2026-09-29T01:00,2026-10-04T01:00,Standard,BOOKED
PCL0278,S002,C003,P010,71,4.97,0.02733,4.97,9.11,Fragile,Fragile,NONE,13700.44,2026-09-28T12:00,2026-10-05T12:00,Express,BOOKED
PCL0279,S007,C020,P002,78,210.6,0.40888,210.6,210.6,General,Standard,NONE,12022.28,2026-10-01T06:00,2026-10-04T06:00,Economy,BOOKED
PCL0280,S005,C007,P009,82,9.84,0.06002,10.0,20.01,Fragile,Fragile,NONE,67244.14,2026-09-23T13:00,2026-09-30T13:00,Standard,BOOKED
PCL0281,S013,C017,P003,265,318.0,0.56551,318.0,318.0,Hazmat,Standard,UN3082,31557.08,2026-10-02T06:00,2026-10-07T06:00,Standard,BOOKED
PCL0282,W01,C016,P014,92,193.2,0.77243,193.2,257.48,Fragile,Fragile,NONE,79755.39,2026-09-24T19:00,2026-10-02T19:00,Standard,BOOKED
PCL0283,S001,C002,P008,337,26.96,0.13413,26.96,44.71,Fragile,Fragile,NONE,263166.86,2026-09-24T17:00,2026-10-01T17:00,Standard,BOOKED
PCL0284,S012,C007,P002,100,270.0,0.5242,270.0,270.0,General,Standard,NONE,42134.42,2026-09-23T19:00,2026-09-29T19:00,Economy,BOOKED
PCL0285,W02,C021,P010,247,17.29,0.09509,17.29,31.7,Fragile,Fragile,NONE,235323.95,2026-09-20T18:00,2026-09-21T18:00,Economy,BOOKED
PCL0286,S015,C001,P007,89,4.45,0.0259,4.45,8.63,Fragile,Fragile,NONE,36698.68,2026-09-19T00:00,2026-09-27T00:00,Standard,BOOKED
PCL0287,S004,C024,P014,230,483.0,1.93108,483.0,643.69,Fragile,Fragile,NONE,102554.39,2026-09-23T06:00,2026-09-25T06:00,Standard,BOOKED
PCL0288,S002,C022,P005,248,4.96,0.02778,4.96,9.26,Fragile,Fragile,NONE,94908.87,2026-09-21T07:00,2026-09-24T07:00,Standard,BOOKED
PCL0289,S004,C016,P010,391,27.37,0.15054,27.37,50.18,Fragile,Fragile,NONE,196092.57,2026-10-01T02:00,2026-10-02T02:00,Express,BOOKED
PCL0290,S010,C007,P002,58,156.6,0.30404,156.6,156.6,General,Standard,NONE,50219.98,2026-09-26T01:00,2026-09-28T01:00,Economy,BOOKED
PCL0291,S001,C009,P001,306,2723.4,6.5025,2723.4,2723.4,Heavy,Standard,NONE,150168.44,2026-09-25T22:00,2026-09-30T22:00,Economy,BOOKED
PCL0292,S013,C004,P004,38,6.84,0.03777,6.84,12.59,Fragile,Fragile,NONE,35568.19,2026-09-18T20:00,2026-09-24T20:00,Standard,BOOKED
PCL0293,W02,C018,P009,374,44.88,0.27377,45.63,91.26,Fragile,Fragile,NONE,66227.03,2026-09-23T18:00,2026-09-24T18:00,Standard,BOOKED
PCL0294,S015,C019,P005,242,4.84,0.0271,4.84,9.03,Fragile,Fragile,NONE,213879.04,2026-09-25T02:00,2026-09-28T02:00,Economy,BOOKED
PCL0295,W05,C005,P013,65,156.0,0.58,156.0,193.33,Fragile,Fragile,NONE,50544.08,2026-09-19T15:00,2026-09-23T15:00,Express,BOOKED
PCL0296,S001,C021,P014,211,443.1,1.77156,443.1,590.52,Fragile,Fragile,NONE,115286.23,2026-09-22T13:00,2026-09-23T13:00,Standard,BOOKED
PCL0297,S002,C002,P013,278,667.2,2.48059,667.2,826.86,Fragile,Fragile,NONE,261319.97,2026-09-20T09:00,2026-09-24T09:00,Standard,BOOKED
PCL0298,S013,C010,P007,230,11.5,0.06693,11.5,22.31,Fragile,Fragile,NONE,213571.57,2026-09-23T09:00,2026-09-25T09:00,Economy,BOOKED
PCL0299,S009,C014,P001,101,898.9,2.14625,898.9,898.9,General,Standard,NONE,16683.37,2026-09-29T12:00,2026-10-03T12:00,Economy,BOOKED
PCL0300,S005,C001,P001,383,3408.7,8.13875,3408.7,3408.7,Heavy,Standard,NONE,94618.1,2026-09-22T00:00,2026-09-24T00:00,Express,BOOKED
PCL0301,S010,C010,P012,401,280.7,1.43117,280.7,477.06,Fragile,Fragile,NONE,137804.39,2026-10-01T01:00,2026-10-06T01:00,Standard,BOOKED
PCL0302,S008,C007,P015,393,550.2,2.29591,550.2,765.3,Fragile,Fragile,NONE,135750.3,2026-09-25T22:00,2026-10-01T22:00,Standard,BOOKED
PCL0303,S001,C024,P008,340,27.2,0.13532,27.2,45.11,Fragile,Fragile,NONE,198285.23,2026-09-18T12:00,2026-09-26T12:00,Economy,BOOKED
PCL0304,S006,C018,P009,341,40.92,0.24961,41.6,83.2,Fragile,Fragile,NONE,45684.69,2026-09-29T04:00,2026-10-01T04:00,Standard,BOOKED
PCL0305,S009,C005,P009,159,19.08,0.11639,19.4,38.8,Fragile,Fragile,NONE,137628.58,2026-09-30T04:00,2026-10-06T04:00,Economy,BOOKED
PCL0306,S011,C005,P007,68,3.4,0.01979,3.4,6.6,Fragile,Fragile,NONE,21037.29,2026-09-19T19:00,2026-09-25T19:00,Standard,BOOKED
PCL0307,S014,C024,P008,208,16.64,0.08278,16.64,27.59,Fragile,Fragile,NONE,40772.79,2026-09-20T23:00,2026-09-23T23:00,Express,BOOKED
PCL0308,S012,C016,P009,392,47.04,0.28694,47.82,95.65,Fragile,Fragile,NONE,279882.49,2026-09-30T03:00,2026-10-06T03:00,Economy,BOOKED
PCL0309,W05,C003,P003,181,217.2,0.38625,217.2,217.2,Hazmat,Standard,UN3082,68689.25,2026-09-24T11:00,2026-09-25T11:00,Express,BOOKED
PCL0310,S015,C020,P004,166,29.88,0.165,29.88,55.0,Fragile,Fragile,NONE,118281.29,2026-09-30T19:00,2026-10-06T19:00,Economy,BOOKED
PCL0311,W01,C016,P003,311,373.2,0.66367,373.2,373.2,Hazmat,Standard,UN3082,121418.04,2026-09-27T14:00,2026-10-02T14:00,Standard,BOOKED
PCL0312,S013,C008,P008,227,18.16,0.09035,18.16,30.12,Fragile,Fragile,NONE,99016.09,2026-09-21T17:00,2026-09-22T17:00,Express,BOOKED
PCL0313,S011,C018,P010,122,8.54,0.04697,8.54,15.66,Fragile,Fragile,NONE,97544.62,2026-09-25T23:00,2026-10-02T23:00,Standard,BOOKED
PCL0314,S004,C014,P002,230,621.0,1.20566,621.0,621.0,General,Standard,NONE,18611.56,2026-09-25T03:00,2026-09-30T03:00,Express,BOOKED
PCL0315,S014,C006,P014,151,317.1,1.2678,317.1,422.6,Fragile,Fragile,NONE,32235.71,2026-09-18T09:00,2026-09-26T09:00,Standard,BOOKED
PCL0316,W05,C020,P012,145,101.5,0.5175,101.5,172.5,Fragile,Fragile,NONE,54447.36,2026-09-20T20:00,2026-09-27T20:00,Standard,BOOKED
PCL0317,S001,C012,P007,190,9.5,0.05529,9.5,18.43,Fragile,Fragile,NONE,57329.85,2026-09-25T17:00,2026-09-28T17:00,Express,BOOKED
PCL0318,S006,C022,P007,224,11.2,0.06518,11.2,21.73,Fragile,Fragile,NONE,125298.61,2026-09-25T10:00,2026-09-27T10:00,Economy,BOOKED
PCL0319,S008,C007,P012,29,20.3,0.1035,20.3,34.5,Fragile,Fragile,NONE,1835.1,2026-09-29T12:00,2026-10-03T12:00,Economy,BOOKED
PCL0320,S009,C024,P003,82,98.4,0.17499,98.4,98.4,Hazmat,Standard,UN3082,62130.19,2026-10-01T18:00,2026-10-02T18:00,Express,BOOKED
PCL0321,W04,C008,P002,283,764.1,1.48349,764.1,764.1,General,Standard,NONE,145640.25,2026-09-28T20:00,2026-10-03T20:00,Economy,BOOKED
PCL0322,S012,C018,P010,36,2.52,0.01386,2.52,4.62,Fragile,Fragile,NONE,7955.67,2026-09-25T10:00,2026-09-28T10:00,Standard,BOOKED
PCL0323,S008,C024,P007,268,13.4,0.07799,13.4,26.0,Fragile,Fragile,NONE,224620.89,2026-09-28T18:00,2026-10-04T18:00,Standard,BOOKED
PCL0324,S015,C014,P010,58,4.06,0.02233,4.06,7.44,Fragile,Fragile,NONE,5829.25,2026-09-26T21:00,2026-10-02T21:00,Standard,BOOKED
PCL0325,S001,C021,P011,328,590.4,2.61449,590.4,871.5,Fragile,Fragile,NONE,220982.92,2026-09-25T14:00,2026-10-03T14:00,Economy,BOOKED
PCL0326,S011,C009,P006,372,11.16,0.07552,12.59,25.17,Fragile,Fragile,NONE,177469.47,2026-09-19T04:00,2026-09-27T04:00,Economy,BOOKED
PCL0327,S012,C019,P003,56,67.2,0.1195,67.2,67.2,Hazmat,Standard,UN3082,42904.63,2026-09-21T14:00,2026-09-27T14:00,Economy,BOOKED
PCL0328,W01,C003,P006,295,8.85,0.05989,9.98,19.96,Fragile,Fragile,NONE,121199.6,2026-09-19T21:00,2026-09-25T21:00,Economy,BOOKED
PCL0329,S013,C013,P001,308,2741.2,6.545,2741.2,2741.2,Heavy,Standard,NONE,250765.21,2026-10-01T22:00,2026-10-02T22:00,Economy,BOOKED
PCL0330,S014,C010,P002,196,529.2,1.02743,529.2,529.2,General,Standard,NONE,127646.91,2026-10-01T17:00,2026-10-04T17:00,Standard,BOOKED
PCL0331,S010,C013,P015,379,530.6,2.21412,530.6,738.04,Fragile,Fragile,NONE,36416.51,2026-09-22T15:00,2026-09-25T15:00,Economy,BOOKED
PCL0332,S012,C017,P002,136,367.2,0.71291,367.2,367.2,General,Standard,NONE,44055.61,2026-09-30T20:00,2026-10-06T20:00,Standard,BOOKED
PCL0333,S001,C008,P004,368,66.24,0.36579,66.24,121.93,Fragile,Fragile,NONE,127202.06,2026-10-01T08:00,2026-10-06T08:00,Express,BOOKED
PCL0334,S002,C008,P013,371,890.4,3.31043,890.4,1103.48,Fragile,Fragile,NONE,58429.63,2026-10-01T06:00,2026-10-02T06:00,Economy,BOOKED
PCL0335,W04,C001,P007,412,20.6,0.11989,20.6,39.96,Fragile,Fragile,NONE,262723.43,2026-09-30T20:00,2026-10-02T20:00,Express,BOOKED
PCL0336,S003,C023,P014,52,109.2,0.43659,109.2,145.53,Fragile,Fragile,NONE,6018.56,2026-09-27T13:00,2026-09-29T13:00,Economy,BOOKED
PCL0337,S011,C022,P006,389,11.67,0.07897,13.16,26.32,Fragile,Fragile,NONE,27708.14,2026-10-02T05:00,2026-10-08T05:00,Standard,BOOKED
PCL0338,S014,C021,P001,63,560.7,1.33875,560.7,560.7,General,Standard,NONE,12288.33,2026-09-21T23:00,2026-09-29T23:00,Standard,BOOKED
PCL0339,S001,C004,P012,405,283.5,1.44545,283.5,481.82,Fragile,Fragile,NONE,396025.76,2026-09-23T16:00,2026-09-29T16:00,Standard,BOOKED
PCL0340,S013,C022,P010,20,1.4,0.0077,1.4,2.57,Fragile,Fragile,NONE,16256.29,2026-09-23T14:00,2026-09-24T14:00,Standard,BOOKED
PCL0341,S014,C008,P013,397,952.8,3.54243,952.8,1180.81,Fragile,Fragile,NONE,279077.2,2026-09-30T21:00,2026-10-05T21:00,Standard,BOOKED
PCL0342,S003,C024,P007,19,0.95,0.00553,0.95,1.84,Fragile,Fragile,NONE,9961.68,2026-10-02T11:00,2026-10-06T11:00,Express,BOOKED
PCL0343,S014,C019,P009,11,1.32,0.00805,1.34,2.68,Fragile,Fragile,NONE,1165.42,2026-10-02T07:00,2026-10-06T07:00,Express,BOOKED
PCL0344,S002,C018,P005,182,3.64,0.02038,3.64,6.79,Fragile,Fragile,NONE,121850.5,2026-09-29T05:00,2026-10-03T05:00,Standard,BOOKED
PCL0345,S007,C008,P007,367,18.35,0.1068,18.35,35.6,Fragile,Fragile,NONE,251511.63,2026-09-29T19:00,2026-10-01T19:00,Express,BOOKED
PCL0346,S007,C018,P011,232,417.6,1.84927,417.6,616.42,Fragile,Fragile,NONE,33539.79,2026-09-22T20:00,2026-09-28T20:00,Standard,BOOKED
PCL0347,S004,C023,P003,146,175.2,0.31156,175.2,175.2,Hazmat,Standard,UN3082,129687.8,2026-09-19T02:00,2026-09-27T02:00,Express,BOOKED
PCL0348,S012,C017,P001,210,1869.0,4.4625,1869.0,1869.0,General,Standard,NONE,183598.94,2026-09-25T13:00,2026-10-01T13:00,Economy,BOOKED
PCL0349,S014,C012,P009,299,35.88,0.21887,36.48,72.96,Fragile,Fragile,NONE,278827.08,2026-09-18T08:00,2026-09-23T08:00,Standard,BOOKED
PCL0350,S015,C022,P009,41,4.92,0.03001,5.0,10.0,Fragile,Fragile,NONE,14386.55,2026-09-18T18:00,2026-09-23T18:00,Standard,BOOKED
PCL0351,S010,C002,P011,39,70.2,0.31087,70.2,103.62,Fragile,Fragile,NONE,15794.04,2026-09-21T22:00,2026-09-29T22:00,Standard,BOOKED
PCL0352,W02,C006,P005,292,5.84,0.0327,5.84,10.9,Fragile,Fragile,NONE,157357.65,2026-09-29T22:00,2026-10-07T22:00,Economy,BOOKED
PCL0353,S005,C020,P001,90,801.0,1.9125,801.0,801.0,General,Standard,NONE,69384.44,2026-09-29T02:00,2026-10-01T02:00,Standard,BOOKED
PCL0354,S004,C024,P003,328,393.6,0.69995,393.6,393.6,Hazmat,Standard,UN3082,215350.15,2026-09-24T07:00,2026-09-30T07:00,Economy,BOOKED
PCL0355,W01,C019,P015,256,358.4,1.49555,358.4,498.52,Fragile,Fragile,NONE,99570.43,2026-09-24T17:00,2026-09-28T17:00,Standard,BOOKED
PCL0356,S006,C005,P010,225,15.75,0.08662,15.75,28.87,Fragile,Fragile,NONE,206898.98,2026-10-02T09:00,2026-10-07T09:00,Standard,BOOKED
PCL0357,S006,C007,P007,26,1.3,0.00757,1.3,2.52,Fragile,Fragile,NONE,24596.51,2026-09-25T19:00,2026-09-27T19:00,Express,BOOKED
PCL0358,S014,C017,P014,163,342.3,1.36855,342.3,456.18,Fragile,Fragile,NONE,76174.13,2026-10-02T10:00,2026-10-07T10:00,Economy,BOOKED
PCL0359,S015,C012,P013,293,703.2,2.61444,703.2,871.48,Fragile,Fragile,NONE,197616.99,2026-09-30T03:00,2026-10-06T03:00,Standard,BOOKED
PCL0360,S002,C011,P006,23,0.69,0.00467,0.78,1.56,Fragile,Fragile,NONE,9816.66,2026-09-18T18:00,2026-09-26T18:00,Economy,BOOKED
PCL0361,S007,C008,P004,129,23.22,0.12823,23.22,42.74,Fragile,Fragile,NONE,105945.83,2026-09-26T14:00,2026-09-28T14:00,Standard,BOOKED
PCL0362,S001,C013,P002,403,1088.1,2.11253,1088.1,1088.1,General,Standard,NONE,226337.05,2026-09-20T14:00,2026-09-28T14:00,Standard,BOOKED
PCL0363,S004,C005,P010,324,22.68,0.12474,22.68,41.58,Fragile,Fragile,NONE,154845.87,2026-09-25T13:00,2026-09-30T13:00,Standard,BOOKED
PCL0364,S008,C019,P006,8,0.24,0.00162,0.27,0.54,Fragile,Fragile,NONE,3546.42,2026-09-24T11:00,2026-09-27T11:00,Economy,BOOKED
PCL0365,S001,C013,P004,320,57.6,0.31808,57.6,106.03,Fragile,Fragile,NONE,262999.56,2026-09-18T23:00,2026-09-25T23:00,Standard,BOOKED
PCL0366,S012,C021,P012,181,126.7,0.64599,126.7,215.33,Fragile,Fragile,NONE,17754.34,2026-09-21T02:00,2026-09-26T02:00,Express,BOOKED
PCL0367,W04,C003,P006,399,11.97,0.081,13.5,27.0,Fragile,Fragile,NONE,117171.45,2026-09-23T21:00,2026-10-01T21:00,Economy,BOOKED
PCL0368,W03,C011,P010,329,23.03,0.12666,23.03,42.22,Fragile,Fragile,NONE,117668.23,2026-09-27T14:00,2026-10-02T14:00,Express,BOOKED
PCL0369,S012,C018,P004,225,40.5,0.22365,40.5,74.55,Fragile,Fragile,NONE,102764.72,2026-09-23T22:00,2026-09-26T22:00,Standard,BOOKED
PCL0370,W01,C011,P002,230,621.0,1.20566,621.0,621.0,General,Standard,NONE,185882.78,2026-09-25T12:00,2026-10-01T12:00,Standard,BOOKED
PCL0371,S001,C013,P014,294,617.4,2.46842,617.4,822.81,Fragile,Fragile,NONE,190428.5,2026-09-26T14:00,2026-09-27T14:00,Express,BOOKED
PCL0372,W01,C007,P005,189,3.78,0.02117,3.78,7.06,Fragile,Fragile,NONE,168046.52,2026-09-30T11:00,2026-10-05T11:00,Standard,BOOKED
PCL0373,S012,C003,P013,23,55.2,0.20523,55.2,68.41,Fragile,Fragile,NONE,1636.85,2026-10-01T05:00,2026-10-04T05:00,Standard,BOOKED
PCL0374,S015,C023,P006,353,10.59,0.07166,11.94,23.89,Fragile,Fragile,NONE,99953.38,2026-09-23T07:00,2026-09-29T07:00,Standard,BOOKED
PCL0375,W02,C018,P005,126,2.52,0.01411,2.52,4.7,Fragile,Fragile,NONE,50139.68,2026-09-18T09:00,2026-09-21T09:00,Standard,BOOKED
PCL0376,S005,C003,P015,187,261.8,1.09245,261.8,364.15,Fragile,Fragile,NONE,23830.75,2026-09-19T01:00,2026-09-25T01:00,Standard,BOOKED
PCL0377,S009,C005,P015,369,516.6,2.1557,516.6,718.57,Fragile,Fragile,NONE,318023.82,2026-09-24T09:00,2026-09-30T09:00,Standard,BOOKED
PCL0378,S005,C008,P004,37,6.66,0.03678,6.66,12.26,Fragile,Fragile,NONE,19132.53,2026-09-29T03:00,2026-10-07T03:00,Standard,BOOKED
PCL0379,S010,C017,P004,360,64.8,0.35784,64.8,119.28,Fragile,Fragile,NONE,301170.34,2026-10-02T00:00,2026-10-08T00:00,Economy,BOOKED
PCL0380,S001,C013,P009,155,18.6,0.11346,18.91,37.82,Fragile,Fragile,NONE,32604.82,2026-09-28T10:00,2026-10-05T10:00,Standard,BOOKED
PCL0381,S002,C006,P007,70,3.5,0.02037,3.5,6.79,Fragile,Fragile,NONE,60484.03,2026-09-28T18:00,2026-09-29T18:00,Economy,BOOKED
PCL0382,S013,C020,P006,406,12.18,0.08242,13.74,27.47,Fragile,Fragile,NONE,152714.41,2026-09-21T02:00,2026-09-27T02:00,Economy,BOOKED
PCL0383,S011,C019,P008,315,25.2,0.12537,25.2,41.79,Fragile,Fragile,NONE,114144.22,2026-09-28T01:00,2026-10-01T01:00,Economy,BOOKED
PCL0384,W03,C015,P015,333,466.2,1.94539,466.2,648.46,Fragile,Fragile,NONE,233371.53,2026-09-20T05:00,2026-09-25T05:00,Standard,BOOKED
PCL0385,S001,C014,P004,231,41.58,0.22961,41.58,76.54,Fragile,Fragile,NONE,152799.89,2026-09-22T20:00,2026-09-25T20:00,Standard,BOOKED
PCL0386,S013,C014,P015,298,417.2,1.74092,417.2,580.31,Fragile,Fragile,NONE,101890.32,2026-09-27T12:00,2026-10-01T12:00,Express,BOOKED
PCL0387,W04,C019,P004,257,46.26,0.25546,46.26,85.15,Fragile,Fragile,NONE,46789.22,2026-09-21T06:00,2026-09-25T06:00,Economy,BOOKED
PCL0388,S009,C017,P013,70,168.0,0.62461,168.0,208.2,Fragile,Fragile,NONE,9048.24,2026-10-02T00:00,2026-10-06T00:00,Standard,BOOKED
PCL0389,S006,C007,P011,186,334.8,1.48261,334.8,494.2,Fragile,Fragile,NONE,133369.69,2026-09-23T02:00,2026-09-26T02:00,Economy,BOOKED
PCL0390,S009,C007,P012,388,271.6,1.38477,271.6,461.59,Fragile,Fragile,NONE,42805.42,2026-09-30T17:00,2026-10-04T17:00,Economy,BOOKED
PCL0391,S003,C013,P009,6,0.72,0.00439,0.73,1.46,Fragile,Fragile,NONE,1876.48,2026-09-22T06:00,2026-09-26T06:00,Standard,BOOKED
PCL0392,S014,C021,P004,111,19.98,0.11033,19.98,36.78,Fragile,Fragile,NONE,65318.95,2026-09-26T01:00,2026-10-04T01:00,Economy,BOOKED
PCL0393,S007,C005,P008,334,26.72,0.13293,26.72,44.31,Fragile,Fragile,NONE,90675.51,2026-09-29T13:00,2026-10-05T13:00,Standard,BOOKED
PCL0394,W03,C001,P013,317,760.8,2.82859,760.8,942.86,Fragile,Fragile,NONE,51983.52,2026-09-27T00:00,2026-10-05T00:00,Standard,BOOKED
PCL0395,S007,C001,P008,315,25.2,0.12537,25.2,41.79,Fragile,Fragile,NONE,68447.12,2026-09-24T21:00,2026-10-01T21:00,Standard,BOOKED
PCL0396,W05,C002,P009,361,43.32,0.26425,44.04,88.08,Fragile,Fragile,NONE,104446.31,2026-09-18T19:00,2026-09-25T19:00,Standard,BOOKED
PCL0397,S001,C016,P002,401,1082.7,2.10204,1082.7,1082.7,General,Standard,NONE,309453.98,2026-09-20T02:00,2026-09-21T02:00,Express,BOOKED
PCL0398,S010,C001,P015,57,79.8,0.33299,79.8,111.0,Fragile,Fragile,NONE,20121.02,2026-09-22T04:00,2026-09-28T04:00,Economy,BOOKED
PCL0399,W01,C008,P011,277,498.6,2.20797,498.6,735.99,Fragile,Fragile,NONE,69274.42,2026-09-23T10:00,2026-09-26T10:00,Standard,BOOKED
PCL0400,S010,C022,P011,37,66.6,0.29493,66.6,98.31,Fragile,Fragile,NONE,5233.09,2026-09-25T22:00,2026-10-01T22:00,Standard,BOOKED
