Route_ID,Origin,Destination,Origin_Type,Destination_Type,Distance_km,Transport_Mode,Transit_Time_days,Cost_per_km_per_ton,CO2_per_ton_km,Route_Reliability,Route_Status,Avg_Speed_kmph,Terminal_Dwell_days,Fleet_Tier
R0001,F01,C003,Factory,Customer,769.4,Truck_Diesel,2,0.05896,0.13551,0.93,AVAILABLE,55,0,Legacy
R0002,F01,C003,Factory,Customer,703.8,Rail,4,0.04106,0.02329,0.929,AVAILABLE,32,2,Modern
R0003,F01,C004,Factory,Customer,1164.9,Truck_Diesel,3,0.06256,0.13914,0.907,AVAILABLE,55,0,Legacy
R0004,F01,C004,Factory,Customer,1065.5,Rail,4,0.03385,0.0253,0.957,AVAILABLE,32,2,Standard
R0005,F01,C004,Factory,Customer,903.0,Air,2,0.89253,0.6522,0.965,AVAILABLE,620,1,Standard
R0006,F01,C007,Factory,Customer,1745.4,Truck_Diesel,4,0.0765,0.11392,0.978,AVAILABLE,55,0,Standard
R0007,F01,C007,Factory,Customer,1596.6,Rail,5,0.02776,0.03373,0.929,AVAILABLE,32,2,Legacy
R0008,F01,C007,Factory,Customer,1353.0,Air,2,0.96661,0.59535,0.931,AVAILABLE,620,1,Standard
R0009,F01,C013,Factory,Customer,4.8,Truck_Diesel,1,0.09624,0.09351,0.999,CONGESTED,55,0,Modern
R0010,F01,C013,Factory,Customer,4.8,Truck_Electric,1,0.07791,0.03478,0.932,AVAILABLE,48,0,Standard
R0011,F01,C019,Factory,Customer,1162.4,Truck_Diesel,3,0.07406,0.11194,0.959,AVAILABLE,55,0,Standard
R0012,F01,C019,Factory,Customer,1063.3,Rail,4,0.03105,0.02706,0.953,AVAILABLE,32,2,Standard
R0013,F01,C019,Factory,Customer,901.1,Air,2,1.20343,0.46385,0.939,AVAILABLE,620,1,Modern
R0014,F01,C021,Factory,Customer,1751.5,Truck_Diesel,4,0.09084,0.09995,0.978,AVAILABLE,55,0,Standard
R0015,F01,C021,Factory,Customer,1602.1,Rail,5,0.04357,0.02188,0.954,CONGESTED,32,2,Modern
R0016,F01,C021,Factory,Customer,1357.7,Air,2,0.72144,0.71343,0.936,AVAILABLE,620,1,Legacy
R0017,F01,C024,Factory,Customer,767.2,Truck_Diesel,2,0.09054,0.08236,0.963,AVAILABLE,55,0,Modern
R0018,F01,C024,Factory,Customer,701.8,Rail,4,0.04088,0.0239,0.967,AVAILABLE,32,2,Modern
R0019,F01,W01,Factory,Warehouse,4.8,Truck_Diesel,1,0.05777,0.12187,0.999,AVAILABLE,55,0,Legacy
R0020,F01,W01,Factory,Warehouse,4.8,Truck_Electric,1,0.08121,0.05179,0.924,AVAILABLE,48,0,Legacy
R0021,F01,W03,Factory,Warehouse,372.7,Truck_Diesel,1,0.08614,0.08292,0.95,AVAILABLE,55,0,Modern
R0022,F01,W03,Factory,Warehouse,372.7,Truck_Electric,2,0.08556,0.04619,0.898,AVAILABLE,48,0,Legacy
R0023,F01,W03,Factory,Warehouse,340.9,Rail,3,0.0322,0.02633,0.946,AVAILABLE,32,2,Standard
R0024,F02,C001,Factory,Customer,223.9,Truck_Diesel,1,0.0895,0.08057,0.946,AVAILABLE,55,0,Modern
R0025,F02,C001,Factory,Customer,223.9,Truck_Electric,1,0.11411,0.03278,0.936,AVAILABLE,48,0,Standard
R0026,F02,C002,Factory,Customer,191.2,Truck_Diesel,1,0.0762,0.09839,0.958,AVAILABLE,55,0,Standard
R0027,F02,C002,Factory,Customer,191.2,Truck_Electric,1,0.14409,0.02349,0.947,AVAILABLE,48,0,Modern
R0028,F02,C008,Factory,Customer,181.0,Truck_Diesel,1,0.09182,0.08917,0.935,AVAILABLE,55,0,Modern
R0029,F02,C008,Factory,Customer,181.0,Truck_Electric,1,0.08321,0.03638,0.94,AVAILABLE,48,0,Legacy
R0030,F02,C009,Factory,Customer,402.6,Truck_Diesel,1,0.07437,0.09449,0.914,AVAILABLE,55,0,Standard
R0031,F02,C009,Factory,Customer,402.6,Truck_Electric,2,0.07508,0.05459,0.999,AVAILABLE,48,0,Legacy
R0032,F02,C010,Factory,Customer,246.4,Truck_Diesel,1,0.07734,0.11648,0.927,AVAILABLE,55,0,Standard
R0033,F02,C010,Factory,Customer,246.4,Truck_Electric,1,0.12296,0.02511,0.951,AVAILABLE,48,0,Modern
R0034,F02,C014,Factory,Customer,2.7,Truck_Diesel,1,0.06297,0.13416,0.939,AVAILABLE,55,0,Legacy
R0035,F02,C014,Factory,Customer,2.7,Truck_Electric,1,0.1002,0.03519,0.956,AVAILABLE,48,0,Standard
R0036,F02,C016,Factory,Customer,297.5,Truck_Diesel,1,0.09183,0.08247,0.999,AVAILABLE,55,0,Modern
R0037,F02,C016,Factory,Customer,297.5,Truck_Electric,1,0.09057,0.02867,0.988,AVAILABLE,48,0,Standard
R0038,F02,C017,Factory,Customer,182.2,Truck_Diesel,1,0.07628,0.0877,0.968,CLOSED,55,0,Modern
R0039,F02,C017,Factory,Customer,182.2,Truck_Electric,1,0.12067,0.02666,0.947,AVAILABLE,48,0,Modern
R0040,F02,C018,Factory,Customer,225.0,Truck_Diesel,1,0.07604,0.11469,0.883,AVAILABLE,55,0,Standard
R0041,F02,C018,Factory,Customer,225.0,Truck_Electric,1,0.10176,0.0318,0.906,AVAILABLE,48,0,Standard
R0042,F02,W02,Factory,Warehouse,3.0,Truck_Diesel,1,0.05618,0.13934,0.946,AVAILABLE,55,0,Legacy
R0043,F02,W02,Factory,Warehouse,3.0,Truck_Electric,1,0.09494,0.04019,0.971,AVAILABLE,48,0,Standard
R0044,F02,W03,Factory,Warehouse,298.6,Truck_Diesel,1,0.07802,0.11658,0.967,AVAILABLE,55,0,Standard
R0045,F02,W03,Factory,Warehouse,298.6,Truck_Electric,1,0.09922,0.03038,0.983,AVAILABLE,48,0,Standard
R0046,F03,C001,Factory,Customer,441.5,Truck_Diesel,2,0.07372,0.11264,0.976,AVAILABLE,55,0,Standard
R0047,F03,C001,Factory,Customer,403.9,Rail,3,0.02692,0.03512,0.922,AVAILABLE,32,2,Legacy
R0048,F03,C002,Factory,Customer,163.9,Truck_Diesel,1,0.07943,0.10069,0.927,AVAILABLE,55,0,Standard
R0049,F03,C002,Factory,Customer,163.9,Truck_Electric,1,0.09149,0.035,0.987,AVAILABLE,48,0,Standard
R0050,F03,C005,Factory,Customer,1593.3,Truck_Diesel,4,0.07708,0.10545,0.967,AVAILABLE,55,0,Standard
R0051,F03,C005,Factory,Customer,1457.4,Rail,5,0.03386,0.02918,0.911,AVAILABLE,32,2,Standard
R0052,F03,C005,Factory,Customer,1235.1,Air,2,0.99354,0.58506,0.995,AVAILABLE,620,1,Standard
R0053,F03,C006,Factory,Customer,2254.8,Truck_Diesel,6,0.09115,0.08431,0.931,AVAILABLE,55,0,Modern
R0054,F03,C006,Factory,Customer,2062.5,Rail,6,0.03148,0.03784,0.925,AVAILABLE,32,2,Legacy
R0055,F03,C006,Factory,Customer,1747.9,Air,2,0.96151,0.45642,0.978,AVAILABLE,620,1,Modern
R0056,F03,C008,Factory,Customer,473.8,Truck_Diesel,2,0.08453,0.11054,0.979,AVAILABLE,55,0,Standard
R0057,F03,C008,Factory,Customer,433.4,Rail,3,0.04156,0.01923,0.999,AVAILABLE,32,2,Modern
R0058,F03,C009,Factory,Customer,381.3,Truck_Diesel,1,0.07257,0.12017,0.92,AVAILABLE,55,0,Legacy
R0059,F03,C009,Factory,Customer,381.3,Truck_Electric,2,0.10338,0.03605,0.963,AVAILABLE,48,0,Standard
R0060,F03,C010,Factory,Customer,349.9,Truck_Diesel,1,0.08969,0.08063,0.968,AVAILABLE,55,0,Modern
R0061,F03,C010,Factory,Customer,349.9,Truck_Electric,2,0.10898,0.02698,0.976,AVAILABLE,48,0,Modern
R0062,F03,C010,Factory,Customer,320.0,Rail,3,0.02886,0.03484,0.961,AVAILABLE,32,2,Legacy
R0063,F03,C011,Factory,Customer,1092.8,Truck_Diesel,3,0.09354,0.08164,0.952,AVAILABLE,55,0,Modern
R0064,F03,C011,Factory,Customer,999.6,Rail,4,0.032,0.02524,0.89,AVAILABLE,32,2,Standard
R0065,F03,C011,Factory,Customer,847.2,Air,2,1.02059,0.48031,0.999,AVAILABLE,620,1,Modern
R0066,F03,C012,Factory,Customer,947.2,Truck_Diesel,3,0.06018,0.14349,0.958,AVAILABLE,55,0,Legacy
R0067,F03,C012,Factory,Customer,866.4,Rail,4,0.02712,0.03315,0.945,AVAILABLE,32,2,Legacy
R0068,F03,C012,Factory,Customer,734.2,Air,2,0.88491,0.48501,0.943,AVAILABLE,620,1,Modern
R0069,F03,C013,Factory,Customer,375.0,Truck_Diesel,1,0.07569,0.0877,0.938,AVAILABLE,55,0,Modern
R0070,F03,C013,Factory,Customer,375.0,Truck_Electric,2,0.10908,0.0281,0.95,AVAILABLE,48,0,Modern
R0071,F03,C013,Factory,Customer,343.0,Rail,3,0.03393,0.03444,0.914,AVAILABLE,32,2,Legacy
R0072,F03,C014,Factory,Customer,293.9,Truck_Diesel,1,0.08291,0.10744,0.951,AVAILABLE,55,0,Standard
R0073,F03,C014,Factory,Customer,293.9,Truck_Electric,1,0.12378,0.03383,0.959,AVAILABLE,48,0,Standard
R0074,F03,C015,Factory,Customer,643.4,Truck_Diesel,2,0.07728,0.10484,0.964,AVAILABLE,55,0,Standard
R0075,F03,C015,Factory,Customer,588.6,Rail,3,0.02586,0.03263,0.942,AVAILABLE,32,2,Legacy
R0076,F03,C016,Factory,Customer,2.1,Truck_Diesel,1,0.08285,0.09911,0.965,AVAILABLE,55,0,Standard
R0077,F03,C016,Factory,Customer,2.1,Truck_Electric,1,0.10053,0.03653,0.946,AVAILABLE,48,0,Standard
R0078,F03,C017,Factory,Customer,474.4,Truck_Diesel,2,0.07504,0.12271,0.961,AVAILABLE,55,0,Standard
R0079,F03,C017,Factory,Customer,434.0,Rail,3,0.04425,0.02203,0.95,AVAILABLE,32,2,Modern
R0080,F03,C018,Factory,Customer,444.3,Truck_Diesel,2,0.06947,0.10928,0.985,AVAILABLE,55,0,Standard
R0081,F03,C018,Factory,Customer,406.4,Rail,3,0.03166,0.03453,0.981,AVAILABLE,32,2,Legacy
R0082,F03,C020,Factory,Customer,2256.0,Truck_Diesel,6,0.05392,0.12095,0.993,AVAILABLE,55,0,Legacy
R0083,F03,C020,Factory,Customer,2063.6,Rail,6,0.03148,0.02275,0.94,CLOSED,32,2,Standard
R0084,F03,C020,Factory,Customer,1748.8,Air,2,0.98479,0.48677,0.928,AVAILABLE,620,1,Modern
R0085,F03,C022,Factory,Customer,950.2,Truck_Diesel,3,0.07442,0.1101,0.965,AVAILABLE,55,0,Standard
R0086,F03,C022,Factory,Customer,869.2,Rail,4,0.0328,0.03954,0.928,AVAILABLE,32,2,Legacy
R0087,F03,C022,Factory,Customer,736.6,Air,2,1.03308,0.51016,0.96,AVAILABLE,620,1,Modern
R0088,F03,C023,Factory,Customer,1594.7,Truck_Diesel,4,0.09135,0.09111,0.945,AVAILABLE,55,0,Modern
R0089,F03,C023,Factory,Customer,1458.8,Rail,5,0.0438,0.01982,0.973,AVAILABLE,32,2,Modern
R0090,F03,C023,Factory,Customer,1236.2,Air,2,0.65195,0.57878,0.925,AVAILABLE,620,1,Standard
R0091,F03,W02,Factory,Warehouse,297.0,Truck_Diesel,1,0.0738,0.10342,0.951,AVAILABLE,55,0,Standard
R0092,F03,W02,Factory,Warehouse,297.0,Truck_Electric,1,0.10646,0.03676,0.966,AVAILABLE,48,0,Standard
R0093,F03,W03,Factory,Warehouse,2.9,Truck_Diesel,1,0.10719,0.08252,0.946,AVAILABLE,55,0,Modern
R0094,F03,W03,Factory,Warehouse,2.9,Truck_Electric,1,0.10222,0.02337,0.953,CONGESTED,48,0,Modern
R0095,F04,C003,Factory,Customer,646.8,Truck_Diesel,2,0.07001,0.11083,0.976,AVAILABLE,55,0,Standard
R0096,F04,C003,Factory,Customer,591.6,Rail,3,0.04414,0.02241,0.914,AVAILABLE,32,2,Modern
R0097,F04,C004,Factory,Customer,541.4,Truck_Diesel,2,0.05948,0.13382,0.914,AVAILABLE,55,0,Legacy
R0098,F04,C004,Factory,Customer,495.2,Rail,3,0.03479,0.02872,0.888,CONGESTED,32,2,Standard
R0099,F04,C005,Factory,Customer,1129.8,Truck_Diesel,3,0.08104,0.08658,0.999,AVAILABLE,55,0,Modern
R0100,F04,C005,Factory,Customer,1033.5,Rail,4,0.03618,0.03134,0.921,AVAILABLE,32,2,Standard
R0101,F04,C005,Factory,Customer,875.8,Air,2,0.85444,0.44607,0.96,AVAILABLE,620,1,Modern
R0102,F04,C006,Factory,Customer,1628.7,Truck_Diesel,4,0.09121,0.07457,0.969,AVAILABLE,55,0,Modern
R0103,F04,C006,Factory,Customer,1489.8,Rail,5,0.02904,0.03374,0.97,AVAILABLE,32,2,Legacy
R0104,F04,C006,Factory,Customer,1262.5,Air,2,0.61478,0.7792,0.943,AVAILABLE,620,1,Legacy
R0105,F04,C007,Factory,Customer,1519.8,Truck_Diesel,4,0.07807,0.10004,0.919,AVAILABLE,55,0,Standard
R0106,F04,C007,Factory,Customer,1390.2,Rail,5,0.02907,0.03905,0.943,AVAILABLE,32,2,Legacy
R0107,F04,C007,Factory,Customer,1178.2,Air,2,0.82112,0.61635,0.957,AVAILABLE,620,1,Standard
R0108,F04,C011,Factory,Customer,802.7,Truck_Diesel,2,0.06829,0.09085,0.999,AVAILABLE,55,0,Standard
R0109,F04,C011,Factory,Customer,734.2,Rail,4,0.02615,0.03452,0.947,AVAILABLE,32,2,Legacy
R0110,F04,C012,Factory,Customer,654.5,Truck_Diesel,2,0.06795,0.13653,0.913,AVAILABLE,55,0,Legacy
R0111,F04,C012,Factory,Customer,598.7,Rail,3,0.04283,0.0216,0.951,AVAILABLE,32,2,Modern
R0112,F04,C015,Factory,Customer,3.7,Truck_Diesel,1,0.0796,0.07477,0.96,CONGESTED,55,0,Modern
R0113,F04,C015,Factory,Customer,3.7,Truck_Electric,1,0.09663,0.04231,0.924,AVAILABLE,48,0,Standard
R0114,F04,C019,Factory,Customer,539.8,Truck_Diesel,2,0.05965,0.13372,0.989,AVAILABLE,55,0,Legacy
R0115,F04,C019,Factory,Customer,493.8,Rail,3,0.04219,0.02077,0.945,AVAILABLE,32,2,Modern
R0116,F04,C020,Factory,Customer,1630.1,Truck_Diesel,4,0.05577,0.13618,0.94,AVAILABLE,55,0,Legacy
R0117,F04,C020,Factory,Customer,1491.1,Rail,5,0.03628,0.02664,0.918,AVAILABLE,32,2,Standard
R0118,F04,C020,Factory,Customer,1263.6,Air,2,1.04329,0.77462,0.983,AVAILABLE,620,1,Legacy
R0119,F04,C021,Factory,Customer,1524.5,Truck_Diesel,4,0.07934,0.11319,0.94,AVAILABLE,55,0,Standard
R0120,F04,C021,Factory,Customer,1394.5,Rail,5,0.0408,0.02139,0.977,AVAILABLE,32,2,Modern
R0121,F04,C021,Factory,Customer,1181.8,Air,2,0.84219,0.61153,0.965,AVAILABLE,620,1,Standard
R0122,F04,C022,Factory,Customer,653.1,Truck_Diesel,2,0.08285,0.07915,0.89,AVAILABLE,55,0,Modern
R0123,F04,C022,Factory,Customer,597.4,Rail,3,0.03493,0.03027,0.948,AVAILABLE,32,2,Standard
R0124,F04,C023,Factory,Customer,1132.5,Truck_Diesel,3,0.08243,0.09903,0.93,AVAILABLE,55,0,Standard
R0125,F04,C023,Factory,Customer,1035.9,Rail,4,0.03739,0.02797,0.975,AVAILABLE,32,2,Standard
R0126,F04,C023,Factory,Customer,877.9,Air,2,0.74472,0.71378,0.928,AVAILABLE,620,1,Legacy
R0127,F04,C024,Factory,Customer,643.6,Truck_Diesel,2,0.0814,0.08247,0.987,AVAILABLE,55,0,Modern
R0128,F04,C024,Factory,Customer,588.8,Rail,3,0.03297,0.03102,0.963,CONGESTED,32,2,Standard
R0129,F04,W03,Factory,Warehouse,645.2,Truck_Diesel,2,0.05832,0.1359,0.957,AVAILABLE,55,0,Legacy
R0130,F04,W03,Factory,Warehouse,590.2,Rail,3,0.03122,0.03567,0.977,AVAILABLE,32,2,Legacy
R0131,F04,W04,Factory,Warehouse,4.1,Truck_Diesel,1,0.05269,0.1405,0.988,AVAILABLE,55,0,Legacy
R0132,F04,W04,Factory,Warehouse,4.1,Truck_Electric,1,0.1185,0.03015,0.999,AVAILABLE,48,0,Modern
R0133,S001,W01,Supplier,Warehouse,5.6,Truck_Diesel,1,0.08236,0.08301,0.947,AVAILABLE,55,0,Modern
R0134,S001,W01,Supplier,Warehouse,5.6,Truck_Electric,1,0.11987,0.03928,0.929,AVAILABLE,48,0,Standard
R0135,S001,W02,Supplier,Warehouse,552.1,Truck_Diesel,2,0.09288,0.08941,0.973,AVAILABLE,55,0,Modern
R0136,S001,W02,Supplier,Warehouse,505.0,Rail,3,0.03137,0.03114,0.957,AVAILABLE,32,2,Legacy
R0137,S001,W03,Supplier,Warehouse,368.2,Truck_Diesel,1,0.10384,0.09202,0.993,AVAILABLE,55,0,Modern
R0138,S001,W03,Supplier,Warehouse,368.2,Truck_Electric,2,0.09863,0.03446,0.924,AVAILABLE,48,0,Standard
R0139,S001,W03,Supplier,Warehouse,336.8,Rail,3,0.03199,0.0279,0.953,CLOSED,32,2,Standard
R0140,S002,W01,Supplier,Warehouse,550.3,Truck_Diesel,2,0.07508,0.10658,0.956,AVAILABLE,55,0,Standard
R0141,S002,W01,Supplier,Warehouse,503.4,Rail,3,0.03507,0.02658,0.92,AVAILABLE,32,2,Standard
R0142,S002,W02,Supplier,Warehouse,6.1,Truck_Diesel,1,0.06386,0.10423,0.983,AVAILABLE,55,0,Standard
R0143,S002,W02,Supplier,Warehouse,6.1,Truck_Electric,1,0.11772,0.02351,0.925,AVAILABLE,48,0,Modern
R0144,S002,W03,Supplier,Warehouse,294.2,Truck_Diesel,1,0.08421,0.11216,0.951,CLOSED,55,0,Standard
R0145,S002,W03,Supplier,Warehouse,294.2,Truck_Electric,1,0.10088,0.03257,0.939,AVAILABLE,48,0,Standard
R0146,S003,W01,Supplier,Warehouse,377.5,Truck_Diesel,1,0.07088,0.10698,0.944,AVAILABLE,55,0,Standard
R0147,S003,W01,Supplier,Warehouse,377.5,Truck_Electric,2,0.07473,0.03946,0.995,AVAILABLE,48,0,Legacy
R0148,S003,W01,Supplier,Warehouse,345.3,Rail,3,0.03849,0.01907,0.903,AVAILABLE,32,2,Modern
R0149,S003,W02,Supplier,Warehouse,290.0,Truck_Diesel,1,0.07421,0.11293,0.88,AVAILABLE,55,0,Standard
R0150,S003,W02,Supplier,Warehouse,290.0,Truck_Electric,1,0.08701,0.03177,0.934,AVAILABLE,48,0,Standard
R0151,S003,W03,Supplier,Warehouse,10.0,Truck_Diesel,1,0.07334,0.14772,0.946,CLOSED,55,0,Legacy
R0152,S003,W03,Supplier,Warehouse,10.0,Truck_Electric,1,0.11946,0.03307,0.959,AVAILABLE,48,0,Standard
R0153,S004,W03,Supplier,Warehouse,642.9,Truck_Diesel,2,0.08097,0.10064,0.982,CONGESTED,55,0,Standard
R0154,S004,W03,Supplier,Warehouse,588.0,Rail,3,0.03818,0.02806,0.963,AVAILABLE,32,2,Standard
R0155,S004,W04,Supplier,Warehouse,1.6,Truck_Diesel,1,0.06701,0.11778,0.974,AVAILABLE,55,0,Legacy
R0156,S004,W04,Supplier,Warehouse,1.6,Truck_Electric,1,0.08417,0.04271,0.936,AVAILABLE,48,0,Legacy
R0157,S004,W05,Supplier,Warehouse,649.2,Truck_Diesel,2,0.06218,0.12774,0.954,AVAILABLE,55,0,Legacy
R0158,S004,W05,Supplier,Warehouse,593.9,Rail,3,0.03762,0.02812,0.902,AVAILABLE,32,2,Standard
R0159,S005,W03,Supplier,Warehouse,949.9,Truck_Diesel,3,0.06323,0.13148,0.954,CONGESTED,55,0,Legacy
R0160,S005,W03,Supplier,Warehouse,868.9,Rail,4,0.03865,0.02038,0.924,AVAILABLE,32,2,Modern
R0161,S005,W03,Supplier,Warehouse,736.4,Air,2,0.84147,0.53122,0.924,AVAILABLE,620,1,Standard
R0162,S005,W04,Supplier,Warehouse,652.5,Truck_Diesel,2,0.07229,0.10524,0.946,AVAILABLE,55,0,Standard
R0163,S005,W04,Supplier,Warehouse,596.9,Rail,3,0.03313,0.02895,0.912,AVAILABLE,32,2,Standard
R0164,S005,W05,Supplier,Warehouse,4.7,Truck_Diesel,1,0.08807,0.09124,0.938,AVAILABLE,55,0,Modern
R0165,S005,W05,Supplier,Warehouse,4.7,Truck_Electric,1,0.10185,0.02673,0.925,AVAILABLE,48,0,Modern
R0166,S006,W03,Supplier,Warehouse,1091.6,Truck_Diesel,3,0.07885,0.10115,0.983,AVAILABLE,55,0,Standard
R0167,S006,W03,Supplier,Warehouse,998.5,Rail,4,0.03911,0.02296,0.993,AVAILABLE,32,2,Modern
R0168,S006,W03,Supplier,Warehouse,846.2,Air,2,0.68382,0.76306,0.956,AVAILABLE,620,1,Legacy
R0169,S006,W04,Supplier,Warehouse,798.3,Truck_Diesel,2,0.07386,0.10764,0.948,AVAILABLE,55,0,Standard
R0170,S006,W04,Supplier,Warehouse,730.3,Rail,4,0.03164,0.03828,0.999,AVAILABLE,32,2,Legacy
R0171,S006,W05,Supplier,Warehouse,157.3,Truck_Diesel,1,0.06762,0.10445,0.981,AVAILABLE,55,0,Standard
R0172,S006,W05,Supplier,Warehouse,157.3,Truck_Electric,1,0.12922,0.02835,0.989,AVAILABLE,48,0,Modern
R0173,S007,W01,Supplier,Warehouse,722.1,Truck_Diesel,2,0.0773,0.08807,0.966,AVAILABLE,55,0,Standard
R0174,S007,W01,Supplier,Warehouse,660.5,Rail,4,0.03681,0.02895,0.922,AVAILABLE,32,2,Standard
R0175,S007,W02,Supplier,Warehouse,179.3,Truck_Diesel,1,0.0718,0.12013,0.955,AVAILABLE,55,0,Standard
R0176,S007,W02,Supplier,Warehouse,179.3,Truck_Electric,1,0.08594,0.03668,0.952,AVAILABLE,48,0,Legacy
R0177,S007,W03,Supplier,Warehouse,475.8,Truck_Diesel,2,0.08722,0.07934,0.981,AVAILABLE,55,0,Modern
R0178,S007,W03,Supplier,Warehouse,435.2,Rail,3,0.03027,0.03584,0.972,AVAILABLE,32,2,Legacy
R0179,S008,W01,Supplier,Warehouse,549.2,Truck_Diesel,2,0.09858,0.08092,0.915,AVAILABLE,55,0,Modern
R0180,S008,W01,Supplier,Warehouse,502.4,Rail,3,0.03738,0.02248,0.976,AVAILABLE,32,2,Modern
R0181,S008,W02,Supplier,Warehouse,224.9,Truck_Diesel,1,0.05684,0.13495,0.947,AVAILABLE,55,0,Legacy
R0182,S008,W02,Supplier,Warehouse,224.9,Truck_Electric,1,0.11591,0.04307,0.992,AVAILABLE,48,0,Standard
R0183,S008,W03,Supplier,Warehouse,442.7,Truck_Diesel,2,0.08036,0.10577,0.959,AVAILABLE,55,0,Standard
R0184,S008,W03,Supplier,Warehouse,404.9,Rail,3,0.03349,0.0272,0.973,AVAILABLE,32,2,Standard
R0185,S009,W01,Supplier,Warehouse,523.1,Truck_Diesel,2,0.06851,0.12936,0.976,AVAILABLE,55,0,Legacy
R0186,S009,W02,Supplier,Warehouse,191.3,Truck_Diesel,1,0.0854,0.10189,0.909,AVAILABLE,55,0,Standard
R0187,S009,W02,Supplier,Warehouse,191.3,Truck_Electric,1,0.09907,0.03224,0.946,AVAILABLE,48,0,Standard
R0188,S009,W03,Supplier,Warehouse,170.3,Truck_Diesel,1,0.07716,0.10761,0.972,AVAILABLE,55,0,Standard
R0189,S009,W03,Supplier,Warehouse,170.3,Truck_Electric,1,0.09222,0.0266,0.955,AVAILABLE,48,0,Modern
R0190,S010,W01,Supplier,Warehouse,773.5,Truck_Diesel,2,0.09089,0.0805,0.969,AVAILABLE,55,0,Modern
R0191,S010,W01,Supplier,Warehouse,707.5,Rail,4,0.04571,0.02127,0.978,AVAILABLE,32,2,Modern
R0192,S010,W03,Supplier,Warehouse,1028.7,Truck_Diesel,3,0.08187,0.10949,0.958,AVAILABLE,55,0,Standard
R0193,S010,W03,Supplier,Warehouse,941.0,Rail,4,0.02924,0.03665,0.928,CLOSED,32,2,Legacy
R0194,S010,W03,Supplier,Warehouse,797.4,Air,2,1.03137,0.47819,0.999,AVAILABLE,620,1,Modern
R0195,S010,W04,Supplier,Warehouse,650.9,Truck_Diesel,2,0.06538,0.1356,0.958,AVAILABLE,55,0,Legacy
R0196,S010,W04,Supplier,Warehouse,595.4,Rail,3,0.03988,0.02712,0.987,AVAILABLE,32,2,Standard
R0197,S011,W01,Supplier,Warehouse,1161.4,Truck_Diesel,3,0.05857,0.13596,0.995,AVAILABLE,55,0,Legacy
R0198,S011,W01,Supplier,Warehouse,1062.3,Rail,4,0.03864,0.02177,0.91,AVAILABLE,32,2,Modern
R0199,S011,W01,Supplier,Warehouse,900.3,Air,2,0.90857,0.87291,0.956,CLOSED,620,1,Legacy
R0200,S011,W04,Supplier,Warehouse,545.4,Truck_Diesel,2,0.06363,0.13578,0.957,AVAILABLE,55,0,Legacy
R0201,S011,W04,Supplier,Warehouse,498.9,Rail,3,0.03174,0.02513,0.973,AVAILABLE,32,2,Standard
R0202,S011,W05,Supplier,Warehouse,797.7,Truck_Diesel,2,0.07506,0.11013,0.96,CLOSED,55,0,Standard
R0203,S011,W05,Supplier,Warehouse,729.7,Rail,4,0.04202,0.02471,0.969,CLOSED,32,2,Modern
R0204,S012,W03,Supplier,Warehouse,1598.8,Truck_Diesel,4,0.08303,0.10894,0.972,AVAILABLE,55,0,Standard
R0205,S012,W03,Supplier,Warehouse,1462.5,Rail,5,0.03755,0.02546,0.933,AVAILABLE,32,2,Standard
R0206,S012,W03,Supplier,Warehouse,1239.4,Air,2,1.07986,0.59388,0.94,AVAILABLE,620,1,Standard
R0207,S012,W04,Supplier,Warehouse,1136.0,Truck_Diesel,3,0.06496,0.14161,0.945,AVAILABLE,55,0,Legacy
R0208,S012,W04,Supplier,Warehouse,1039.1,Rail,4,0.03165,0.03529,0.934,AVAILABLE,32,2,Legacy
R0209,S012,W04,Supplier,Warehouse,880.6,Air,2,0.73899,0.82876,0.969,AVAILABLE,620,1,Legacy
R0210,S012,W05,Supplier,Warehouse,674.6,Truck_Diesel,2,0.08235,0.08165,0.936,AVAILABLE,55,0,Modern
R0211,S012,W05,Supplier,Warehouse,617.1,Rail,3,0.03935,0.02812,0.956,AVAILABLE,32,2,Standard
R0212,S013,W03,Supplier,Warehouse,2254.8,Truck_Diesel,6,0.10418,0.07217,0.899,AVAILABLE,55,0,Modern
R0213,S013,W03,Supplier,Warehouse,2062.5,Rail,6,0.04464,0.02286,0.944,AVAILABLE,32,2,Modern
R0214,S013,W03,Supplier,Warehouse,1747.9,Air,2,1.08475,0.49903,0.98,AVAILABLE,620,1,Modern
R0215,S013,W04,Supplier,Warehouse,1632.8,Truck_Diesel,4,0.07575,0.10501,0.996,AVAILABLE,55,0,Standard
R0216,S013,W04,Supplier,Warehouse,1493.6,Rail,5,0.02776,0.03439,0.948,AVAILABLE,32,2,Legacy
R0217,S013,W04,Supplier,Warehouse,1265.7,Air,2,0.79577,0.6807,0.999,AVAILABLE,620,1,Standard
R0218,S013,W05,Supplier,Warehouse,1521.9,Truck_Diesel,4,0.05816,0.11799,0.952,AVAILABLE,55,0,Legacy
R0219,S013,W05,Supplier,Warehouse,1392.1,Rail,5,0.03717,0.02097,0.959,AVAILABLE,32,2,Modern
R0220,S013,W05,Supplier,Warehouse,1179.8,Air,2,0.74961,0.62828,0.95,AVAILABLE,620,1,Standard
R0221,S014,W01,Supplier,Warehouse,1749.9,Truck_Diesel,4,0.05699,0.12981,0.965,AVAILABLE,55,0,Legacy
R0222,S014,W01,Supplier,Warehouse,1600.7,Rail,5,0.04775,0.02374,0.948,AVAILABLE,32,2,Modern
R0223,S014,W01,Supplier,Warehouse,1356.5,Air,2,0.98758,0.71335,0.946,AVAILABLE,620,1,Legacy
R0224,S014,W03,Supplier,Warehouse,2011.6,Truck_Diesel,5,0.05726,0.1285,0.967,AVAILABLE,55,0,Legacy
R0225,S014,W03,Supplier,Warehouse,1840.0,Rail,5,0.04003,0.02104,0.93,AVAILABLE,32,2,Modern
R0226,S014,W03,Supplier,Warehouse,1559.3,Air,2,0.85892,0.7402,0.967,CONGESTED,620,1,Legacy
R0227,S014,W04,Supplier,Warehouse,1528.3,Truck_Diesel,4,0.05698,0.11868,0.892,AVAILABLE,55,0,Legacy
R0228,S014,W04,Supplier,Warehouse,1398.0,Rail,5,0.0421,0.02421,0.967,CLOSED,32,2,Modern
R0229,S014,W04,Supplier,Warehouse,1184.8,Air,2,0.81935,0.78667,0.956,AVAILABLE,620,1,Legacy
R0230,S015,W01,Supplier,Warehouse,754.9,Truck_Diesel,2,0.08494,0.07755,0.922,AVAILABLE,55,0,Modern
R0231,S015,W02,Supplier,Warehouse,400.4,Truck_Diesel,1,0.08995,0.08459,0.933,AVAILABLE,55,0,Modern
R0232,S015,W02,Supplier,Warehouse,400.4,Truck_Electric,2,0.10543,0.04163,0.991,AVAILABLE,48,0,Standard
R0233,S015,W03,Supplier,Warehouse,384.9,Truck_Diesel,1,0.0715,0.11179,0.957,CONGESTED,55,0,Standard
R0234,S015,W03,Supplier,Warehouse,384.9,Truck_Electric,2,0.11502,0.02127,0.982,AVAILABLE,48,0,Modern
R0235,W01,C003,Warehouse,Customer,767.4,Truck_Diesel,2,0.07707,0.10053,0.937,AVAILABLE,55,0,Standard
R0236,W01,C003,Warehouse,Customer,702.0,Rail,4,0.0408,0.02707,0.983,AVAILABLE,32,2,Standard
R0237,W01,C007,Warehouse,Customer,1743.9,Truck_Diesel,4,0.06196,0.13191,0.952,AVAILABLE,55,0,Legacy
R0238,W01,C007,Warehouse,Customer,1595.2,Rail,5,0.0445,0.02306,0.998,CONGESTED,32,2,Modern
R0239,W01,C007,Warehouse,Customer,1351.9,Air,2,0.93423,0.58352,0.973,AVAILABLE,620,1,Standard
R0240,W01,C013,Warehouse,Customer,9.1,Truck_Diesel,1,0.0775,0.10364,0.988,AVAILABLE,55,0,Standard
R0241,W01,C013,Warehouse,Customer,9.1,Truck_Electric,1,0.10751,0.03378,0.962,AVAILABLE,48,0,Standard
R0242,W01,C021,Warehouse,Customer,1750.0,Truck_Diesel,4,0.10689,0.08716,0.96,AVAILABLE,55,0,Modern
R0243,W01,C021,Warehouse,Customer,1600.7,Rail,5,0.03563,0.02252,0.979,CONGESTED,32,2,Modern
R0244,W01,C021,Warehouse,Customer,1356.6,Air,2,0.91115,0.45317,0.973,AVAILABLE,620,1,Modern
R0245,W01,C024,Warehouse,Customer,765.2,Truck_Diesel,2,0.06817,0.13842,0.948,CLOSED,55,0,Legacy
R0246,W01,C024,Warehouse,Customer,699.9,Rail,4,0.03918,0.02305,0.945,AVAILABLE,32,2,Standard
R0247,W01,F01,Warehouse,Factory,4.8,Truck_Diesel,1,0.08399,0.08499,0.971,AVAILABLE,55,0,Modern
R0248,W01,F01,Warehouse,Factory,4.8,Truck_Electric,1,0.08829,0.03429,0.988,AVAILABLE,48,0,Legacy
R0249,W01,F02,Warehouse,Factory,554.2,Truck_Diesel,2,0.07485,0.0956,0.961,AVAILABLE,55,0,Standard
R0250,W01,F02,Warehouse,Factory,507.0,Rail,3,0.03126,0.02776,0.976,AVAILABLE,32,2,Standard
R0251,W01,F03,Warehouse,Factory,372.8,Truck_Diesel,1,0.06979,0.13446,0.967,CONGESTED,55,0,Legacy
R0252,W01,F03,Warehouse,Factory,372.8,Truck_Electric,2,0.09107,0.06169,0.949,AVAILABLE,48,0,Legacy
R0253,W01,F03,Warehouse,Factory,341.0,Rail,3,0.03677,0.02699,0.926,CONGESTED,32,2,Standard
R0254,W01,F04,Warehouse,Factory,660.6,Truck_Diesel,2,0.06039,0.13977,0.952,AVAILABLE,55,0,Legacy
R0255,W01,F04,Warehouse,Factory,604.3,Rail,3,0.0381,0.02267,0.999,AVAILABLE,32,2,Modern
R0256,W02,C001,Warehouse,Customer,226.4,Truck_Diesel,1,0.07165,0.10245,0.948,AVAILABLE,55,0,Standard
R0257,W02,C001,Warehouse,Customer,226.4,Truck_Electric,1,0.07001,0.04762,0.944,AVAILABLE,48,0,Legacy
R0258,W02,C002,Warehouse,Customer,190.1,Truck_Diesel,1,0.10059,0.08939,0.982,AVAILABLE,55,0,Modern
R0259,W02,C002,Warehouse,Customer,190.1,Truck_Electric,1,0.12255,0.02114,0.954,AVAILABLE,48,0,Modern
R0260,W02,C008,Warehouse,Customer,179.8,Truck_Diesel,1,0.07621,0.10685,0.996,AVAILABLE,55,0,Standard
R0261,W02,C008,Warehouse,Customer,179.8,Truck_Electric,1,0.09512,0.03274,0.906,AVAILABLE,48,0,Standard
R0262,W02,C009,Warehouse,Customer,400.2,Truck_Diesel,1,0.05849,0.135,0.929,CONGESTED,55,0,Legacy
R0263,W02,C009,Warehouse,Customer,400.2,Truck_Electric,2,0.09279,0.03574,0.903,CLOSED,48,0,Standard
R0264,W02,C010,Warehouse,Customer,249.4,Truck_Diesel,1,0.06345,0.13695,0.916,AVAILABLE,55,0,Legacy
R0265,W02,C010,Warehouse,Customer,249.4,Truck_Electric,1,0.08283,0.0394,0.939,AVAILABLE,48,0,Legacy
R0266,W02,C014,Warehouse,Customer,4.6,Truck_Diesel,1,0.09464,0.08291,0.969,AVAILABLE,55,0,Modern
R0267,W02,C014,Warehouse,Customer,4.6,Truck_Electric,1,0.0829,0.03997,0.993,AVAILABLE,48,0,Standard
R0268,W02,C016,Warehouse,Customer,297.9,Truck_Diesel,1,0.07055,0.14024,0.956,AVAILABLE,55,0,Legacy
R0269,W02,C016,Warehouse,Customer,297.9,Truck_Electric,1,0.10282,0.04076,0.96,AVAILABLE,48,0,Standard
R0270,W02,C017,Warehouse,Customer,180.9,Truck_Diesel,1,0.08148,0.10921,0.976,CONGESTED,55,0,Standard
R0271,W02,C017,Warehouse,Customer,180.9,Truck_Electric,1,0.07699,0.03357,0.962,AVAILABLE,48,0,Legacy
R0272,W02,C018,Warehouse,Customer,227.5,Truck_Diesel,1,0.05748,0.09743,0.986,AVAILABLE,55,0,Standard
R0273,W02,C018,Warehouse,Customer,227.5,Truck_Electric,1,0.07269,0.05163,0.951,AVAILABLE,48,0,Legacy
R0274,W02,F01,Warehouse,Factory,556.5,Truck_Diesel,2,0.1023,0.08144,0.938,AVAILABLE,55,0,Modern
R0275,W02,F01,Warehouse,Factory,509.1,Rail,3,0.04189,0.02152,0.996,AVAILABLE,32,2,Modern
R0276,W02,F02,Warehouse,Factory,3.0,Truck_Diesel,1,0.08998,0.09233,0.965,AVAILABLE,55,0,Modern
R0277,W02,F02,Warehouse,Factory,3.0,Truck_Electric,1,0.10671,0.02822,0.983,AVAILABLE,48,0,Modern
R0278,W02,F03,Warehouse,Factory,297.0,Truck_Diesel,1,0.07897,0.07614,0.906,AVAILABLE,55,0,Modern
R0279,W02,F03,Warehouse,Factory,297.0,Truck_Electric,1,0.08459,0.03076,0.95,AVAILABLE,48,0,Legacy
R0280,W02,F04,Warehouse,Factory,942.4,Truck_Diesel,3,0.05657,0.12923,0.999,AVAILABLE,55,0,Legacy
R0281,W02,F04,Warehouse,Factory,862.1,Rail,4,0.03583,0.02865,0.977,AVAILABLE,32,2,Standard
R0282,W02,F04,Warehouse,Factory,730.6,Air,2,0.74451,0.61197,0.977,AVAILABLE,620,1,Standard
R0283,W03,C001,Warehouse,Customer,442.5,Truck_Diesel,2,0.06099,0.12406,0.945,AVAILABLE,55,0,Legacy
R0284,W03,C001,Warehouse,Customer,404.8,Rail,3,0.03853,0.02325,0.922,AVAILABLE,32,2,Modern
R0285,W03,C002,Warehouse,Customer,166.8,Truck_Diesel,1,0.07267,0.13495,0.949,AVAILABLE,55,0,Legacy
R0286,W03,C002,Warehouse,Customer,166.8,Truck_Electric,1,0.08431,0.05583,0.959,AVAILABLE,48,0,Legacy
R0287,W03,C008,Warehouse,Customer,476.1,Truck_Diesel,2,0.0813,0.09314,0.908,AVAILABLE,55,0,Standard
R0288,W03,C008,Warehouse,Customer,435.5,Rail,3,0.04692,0.02164,0.901,CLOSED,32,2,Modern
R0289,W03,C009,Warehouse,Customer,383.8,Truck_Diesel,1,0.07344,0.10382,0.943,AVAILABLE,55,0,Standard
R0290,W03,C009,Warehouse,Customer,383.8,Truck_Electric,2,0.08314,0.03131,0.972,AVAILABLE,48,0,Legacy
R0291,W03,C010,Warehouse,Customer,350.0,Truck_Diesel,1,0.08193,0.09791,0.999,AVAILABLE,55,0,Standard
R0292,W03,C010,Warehouse,Customer,350.0,Truck_Electric,2,0.09736,0.02323,0.997,AVAILABLE,48,0,Modern
R0293,W03,C010,Warehouse,Customer,320.2,Rail,3,0.03618,0.0278,0.993,CONGESTED,32,2,Standard
R0294,W03,C013,Warehouse,Customer,372.4,Truck_Diesel,1,0.06977,0.10853,0.966,AVAILABLE,55,0,Standard
R0295,W03,C013,Warehouse,Customer,372.4,Truck_Electric,2,0.07946,0.0401,0.916,AVAILABLE,48,0,Legacy
R0296,W03,C013,Warehouse,Customer,340.6,Rail,3,0.03247,0.03734,0.951,CONGESTED,32,2,Legacy
R0297,W03,C014,Warehouse,Customer,296.0,Truck_Diesel,1,0.05993,0.1235,0.929,AVAILABLE,55,0,Legacy
R0298,W03,C014,Warehouse,Customer,296.0,Truck_Electric,1,0.11932,0.02931,0.911,AVAILABLE,48,0,Modern
R0299,W03,C015,Warehouse,Customer,641.5,Truck_Diesel,2,0.09204,0.08289,0.914,AVAILABLE,55,0,Modern
R0300,W03,C015,Warehouse,Customer,586.8,Rail,3,0.03315,0.03021,0.965,AVAILABLE,32,2,Legacy
R0301,W03,C016,Warehouse,Customer,4.0,Truck_Diesel,1,0.07881,0.10066,0.952,AVAILABLE,55,0,Standard
R0302,W03,C016,Warehouse,Customer,4.0,Truck_Electric,1,0.10926,0.02918,0.942,AVAILABLE,48,0,Standard
R0303,W03,C017,Warehouse,Customer,476.8,Truck_Diesel,2,0.08786,0.0794,0.966,AVAILABLE,55,0,Modern
R0304,W03,C017,Warehouse,Customer,436.1,Rail,3,0.03618,0.03127,0.925,AVAILABLE,32,2,Standard
R0305,W03,C018,Warehouse,Customer,445.3,Truck_Diesel,2,0.07227,0.12148,0.946,AVAILABLE,55,0,Legacy
R0306,W03,C018,Warehouse,Customer,407.3,Rail,3,0.03101,0.03475,0.944,AVAILABLE,32,2,Legacy
R0307,W03,F01,Warehouse,Factory,372.7,Truck_Diesel,1,0.06425,0.13293,0.936,AVAILABLE,55,0,Legacy
R0308,W03,F01,Warehouse,Factory,372.7,Truck_Electric,2,0.06967,0.04417,0.934,AVAILABLE,48,0,Legacy
R0309,W03,F01,Warehouse,Factory,340.9,Rail,3,0.03773,0.0304,0.96,AVAILABLE,32,2,Standard
R0310,W03,F02,Warehouse,Factory,298.6,Truck_Diesel,1,0.10298,0.08484,0.985,AVAILABLE,55,0,Modern
R0311,W03,F02,Warehouse,Factory,298.6,Truck_Electric,1,0.10009,0.03342,0.963,CONGESTED,48,0,Standard
R0312,W03,F03,Warehouse,Factory,2.9,Truck_Diesel,1,0.09743,0.08299,0.949,AVAILABLE,55,0,Modern
R0313,W03,F03,Warehouse,Factory,2.9,Truck_Electric,1,0.08988,0.02898,0.913,AVAILABLE,48,0,Modern
R0314,W03,F04,Warehouse,Factory,645.2,Truck_Diesel,2,0.08332,0.10388,0.936,CONGESTED,55,0,Standard
R0315,W03,F04,Warehouse,Factory,590.2,Rail,3,0.03187,0.03434,0.948,AVAILABLE,32,2,Legacy
R0316,W04,C003,Warehouse,Customer,649.9,Truck_Diesel,2,0.07618,0.08678,0.959,CLOSED,55,0,Modern
R0317,W04,C003,Warehouse,Customer,594.4,Rail,3,0.03521,0.03176,0.988,AVAILABLE,32,2,Standard
R0318,W04,C004,Warehouse,Customer,544.6,Truck_Diesel,2,0.07501,0.10679,0.935,AVAILABLE,55,0,Standard
R0319,W04,C004,Warehouse,Customer,498.2,Rail,3,0.0427,0.02283,0.949,AVAILABLE,32,2,Modern
R0320,W04,C005,Warehouse,Customer,1129.8,Truck_Diesel,3,0.0775,0.10052,0.947,AVAILABLE,55,0,Standard
R0321,W04,C005,Warehouse,Customer,1033.5,Rail,4,0.03401,0.03051,0.937,AVAILABLE,32,2,Standard
R0322,W04,C005,Warehouse,Customer,875.8,Air,2,1.09379,0.47223,0.996,AVAILABLE,620,1,Modern
R0323,W04,C006,Warehouse,Customer,1631.2,Truck_Diesel,4,0.08801,0.07635,0.94,AVAILABLE,55,0,Modern
R0324,W04,C006,Warehouse,Customer,1492.1,Rail,5,0.0342,0.03306,0.906,AVAILABLE,32,2,Standard
R0325,W04,C006,Warehouse,Customer,1264.5,Air,2,0.9933,0.47895,0.907,AVAILABLE,620,1,Modern
R0326,W04,C007,Warehouse,Customer,1523.8,Truck_Diesel,4,0.072,0.10665,0.984,AVAILABLE,55,0,Standard
R0327,W04,C007,Warehouse,Customer,1393.8,Rail,5,0.03521,0.02314,0.952,CONGESTED,32,2,Modern
R0328,W04,C007,Warehouse,Customer,1181.2,Air,2,0.98171,0.46318,0.989,AVAILABLE,620,1,Modern
R0329,W04,C011,Warehouse,Customer,800.8,Truck_Diesel,2,0.05688,0.12714,0.999,AVAILABLE,55,0,Legacy
R0330,W04,C011,Warehouse,Customer,732.5,Rail,4,0.02832,0.034,0.957,AVAILABLE,32,2,Legacy
R0331,W04,C012,Warehouse,Customer,652.4,Truck_Diesel,2,0.089,0.08189,0.915,AVAILABLE,55,0,Modern
R0332,W04,C012,Warehouse,Customer,596.8,Rail,3,0.03182,0.02763,0.932,AVAILABLE,32,2,Standard
R0333,W04,C015,Warehouse,Customer,2.9,Truck_Diesel,1,0.07367,0.13638,0.918,AVAILABLE,55,0,Legacy
R0334,W04,C015,Warehouse,Customer,2.9,Truck_Electric,1,0.11001,0.02765,0.941,AVAILABLE,48,0,Modern
R0335,W04,C019,Warehouse,Customer,543.0,Truck_Diesel,2,0.07094,0.10095,0.939,AVAILABLE,55,0,Standard
R0336,W04,C019,Warehouse,Customer,496.7,Rail,3,0.0407,0.03282,0.926,AVAILABLE,32,2,Standard
R0337,W04,C020,Warehouse,Customer,1632.6,Truck_Diesel,4,0.06993,0.1011,0.925,AVAILABLE,55,0,Standard
R0338,W04,C020,Warehouse,Customer,1493.4,Rail,5,0.03221,0.0297,0.929,AVAILABLE,32,2,Standard
R0339,W04,C020,Warehouse,Customer,1265.6,Air,2,0.73507,0.74159,0.974,AVAILABLE,620,1,Legacy
R0340,W04,C021,Warehouse,Customer,1528.5,Truck_Diesel,4,0.08295,0.10689,0.917,AVAILABLE,55,0,Standard
R0341,W04,C021,Warehouse,Customer,1398.1,Rail,5,0.03991,0.02963,0.958,AVAILABLE,32,2,Standard
R0342,W04,C021,Warehouse,Customer,1184.9,Air,2,1.15816,0.50531,0.999,AVAILABLE,620,1,Modern
R0343,W04,C022,Warehouse,Customer,651.0,Truck_Diesel,2,0.07067,0.11977,0.955,AVAILABLE,55,0,Legacy
R0344,W04,C022,Warehouse,Customer,595.5,Rail,3,0.03643,0.02162,0.946,AVAILABLE,32,2,Modern
R0345,W04,C023,Warehouse,Customer,1132.5,Truck_Diesel,3,0.08576,0.08275,0.967,AVAILABLE,55,0,Modern
R0346,W04,C023,Warehouse,Customer,1035.9,Rail,4,0.03576,0.02448,0.968,AVAILABLE,32,2,Standard
R0347,W04,C023,Warehouse,Customer,877.9,Air,2,1.19999,0.43134,0.917,AVAILABLE,620,1,Modern
R0348,W04,C024,Warehouse,Customer,646.7,Truck_Diesel,2,0.0655,0.12868,0.974,CLOSED,55,0,Legacy
R0349,W04,C024,Warehouse,Customer,591.6,Rail,3,0.03477,0.02416,0.977,AVAILABLE,32,2,Standard
R0350,W04,F01,Warehouse,Factory,663.8,Truck_Diesel,2,0.06929,0.10933,0.979,CLOSED,55,0,Standard
R0351,W04,F01,Warehouse,Factory,607.2,Rail,3,0.04149,0.02331,0.957,AVAILABLE,32,2,Modern
R0352,W04,F02,Warehouse,Factory,938.8,Truck_Diesel,3,0.07901,0.10556,0.961,AVAILABLE,55,0,Standard
R0353,W04,F02,Warehouse,Factory,858.7,Rail,4,0.03931,0.02123,0.955,AVAILABLE,32,2,Modern
R0354,W04,F02,Warehouse,Factory,727.7,Air,2,0.89322,0.42951,0.973,AVAILABLE,620,1,Modern
R0355,W04,F03,Warehouse,Factory,643.8,Truck_Diesel,2,0.06846,0.1273,0.961,AVAILABLE,55,0,Legacy
R0356,W04,F03,Warehouse,Factory,588.9,Rail,3,0.03171,0.03361,0.95,AVAILABLE,32,2,Legacy
R0357,W04,F04,Warehouse,Factory,4.1,Truck_Diesel,1,0.05688,0.13761,0.925,AVAILABLE,55,0,Legacy
R0358,W04,F04,Warehouse,Factory,4.1,Truck_Electric,1,0.12101,0.02705,0.949,CONGESTED,48,0,Modern
R0359,W05,C004,Warehouse,Customer,797.4,Truck_Diesel,2,0.07661,0.11064,0.939,AVAILABLE,55,0,Standard
R0360,W05,C004,Warehouse,Customer,729.4,Rail,4,0.0326,0.02464,0.975,AVAILABLE,32,2,Standard
R0361,W05,C005,Warehouse,Customer,669.3,Truck_Diesel,2,0.06479,0.10967,0.995,AVAILABLE,55,0,Standard
R0362,W05,C005,Warehouse,Customer,612.3,Rail,3,0.026,0.03594,0.925,AVAILABLE,32,2,Legacy
R0363,W05,C006,Warehouse,Customer,1521.7,Truck_Diesel,4,0.09372,0.08821,0.933,AVAILABLE,55,0,Modern
R0364,W05,C006,Warehouse,Customer,1391.9,Rail,5,0.02989,0.03387,0.912,AVAILABLE,32,2,Legacy
R0365,W05,C006,Warehouse,Customer,1179.6,Air,2,0.66551,0.73778,0.999,CONGESTED,620,1,Legacy
R0366,W05,C011,Warehouse,Customer,159.5,Truck_Diesel,1,0.0682,0.1234,0.956,AVAILABLE,55,0,Legacy
R0367,W05,C011,Warehouse,Customer,159.5,Truck_Electric,1,0.12297,0.02373,0.969,AVAILABLE,48,0,Modern
R0368,W05,C012,Warehouse,Customer,5.0,Truck_Diesel,1,0.09934,0.06909,0.938,AVAILABLE,55,0,Modern
R0369,W05,C012,Warehouse,Customer,5.0,Truck_Electric,1,0.07209,0.03622,0.984,AVAILABLE,48,0,Legacy
R0370,W05,C019,Warehouse,Customer,799.2,Truck_Diesel,2,0.07463,0.09775,0.939,AVAILABLE,55,0,Standard
R0371,W05,C019,Warehouse,Customer,731.0,Rail,4,0.03764,0.02483,0.944,CONGESTED,32,2,Standard
R0372,W05,C020,Warehouse,Customer,1522.1,Truck_Diesel,4,0.07904,0.09133,0.954,AVAILABLE,55,0,Modern
R0373,W05,C020,Warehouse,Customer,1392.3,Rail,5,0.02863,0.03227,0.958,AVAILABLE,32,2,Legacy
R0374,W05,C020,Warehouse,Customer,1179.9,Air,2,1.00809,0.43459,0.951,AVAILABLE,620,1,Modern
R0375,W05,C022,Warehouse,Customer,4.7,Truck_Diesel,1,0.07723,0.13275,0.962,AVAILABLE,55,0,Legacy
R0376,W05,C022,Warehouse,Customer,4.7,Truck_Electric,1,0.12002,0.02293,0.98,CONGESTED,48,0,Modern
R0377,W05,C023,Warehouse,Customer,670.0,Truck_Diesel,2,0.07115,0.10604,0.937,AVAILABLE,55,0,Standard
R0378,W05,C023,Warehouse,Customer,612.9,Rail,3,0.02879,0.0365,0.962,AVAILABLE,32,2,Legacy
R0379,W05,F01,Warehouse,Factory,1176.3,Truck_Diesel,3,0.08057,0.10352,0.946,AVAILABLE,55,0,Standard
R0380,W05,F01,Warehouse,Factory,1076.0,Rail,4,0.03189,0.02955,0.902,AVAILABLE,32,2,Standard
R0381,W05,F01,Warehouse,Factory,911.9,Air,2,0.8156,0.76502,0.956,AVAILABLE,620,1,Legacy
R0382,W05,F02,Warehouse,Factory,1158.0,Truck_Diesel,3,0.06988,0.10319,0.961,AVAILABLE,55,0,Standard
R0383,W05,F02,Warehouse,Factory,1059.3,Rail,4,0.03184,0.02878,0.97,AVAILABLE,32,2,Standard
R0384,W05,F02,Warehouse,Factory,897.7,Air,2,0.90022,0.61392,0.981,AVAILABLE,620,1,Standard
R0385,W05,F03,Warehouse,Factory,945.5,Truck_Diesel,3,0.10893,0.08073,0.936,AVAILABLE,55,0,Modern
R0386,W05,F03,Warehouse,Factory,864.9,Rail,4,0.02728,0.03816,0.952,AVAILABLE,32,2,Legacy
R0387,W05,F03,Warehouse,Factory,733.0,Air,2,1.14885,0.44644,0.999,AVAILABLE,620,1,Modern
R0388,W05,F04,Warehouse,Factory,650.1,Truck_Diesel,2,0.06543,0.13208,0.937,AVAILABLE,55,0,Legacy
R0389,W05,F04,Warehouse,Factory,594.7,Rail,3,0.04229,0.02093,0.959,AVAILABLE,32,2,Modern
